ISO-10303-21;
HEADER;
FILE_DESCRIPTION(('Open CASCADE Model'),'2;1');
FILE_NAME('Open CASCADE Shape Model','2026-08-29T02:29:14',('Author'),(
    'Open CASCADE'),'Open CASCADE STEP processor 7.9','Open CASCADE 7.9'
  ,'Unknown');
FILE_SCHEMA(('AUTOMOTIVE_DESIGN { 1 0 10303 214 1 1 1 1 }'));
ENDSEC;
DATA;
#1 = APPLICATION_PROTOCOL_DEFINITION('international standard',
  'automotive_design',2000,#2);
#2 = APPLICATION_CONTEXT(
  'core data for automotive mechanical design processes');
#3 = SHAPE_DEFINITION_REPRESENTATION(#4,#10);
#4 = PRODUCT_DEFINITION_SHAPE('','',#5);
#5 = PRODUCT_DEFINITION('design','',#6,#9);
#6 = PRODUCT_DEFINITION_FORMATION('','',#7);
#7 = PRODUCT('Open CASCADE STEP translator 7.9 1',
  'Open CASCADE STEP translator 7.9 1','',(#8));
#8 = PRODUCT_CONTEXT('',#2,'mechanical');
#9 = PRODUCT_DEFINITION_CONTEXT('part definition',#2,'design');
#10 = ADVANCED_BREP_SHAPE_REPRESENTATION('',(#11,#15),#2993);
#11 = AXIS2_PLACEMENT_3D('',#12,#13,#14);
#12 = CARTESIAN_POINT('',(0.,0.,0.));
#13 = DIRECTION('',(0.,0.,1.));
#14 = DIRECTION('',(1.,0.,-0.));
#15 = MANIFOLD_SOLID_BREP('',#16);
#16 = CLOSED_SHELL('',(#17,#499,#573,#1002,#1396,#1467,#1923,#1994,#2021
    ,#2048,#2055,#2238,#2421,#2474,#2510,#2727,#2944,#2982));
#17 = ADVANCED_FACE('',(#18,#393),#32,.F.);
#18 = FACE_BOUND('',#19,.F.);
#19 = EDGE_LOOP('',(#20,#55,#83,#112,#136,#159,#188,#212,#235,#263,#291,
    #320,#343,#372));
#20 = ORIENTED_EDGE('',*,*,#21,.F.);
#21 = EDGE_CURVE('',#22,#24,#26,.T.);
#22 = VERTEX_POINT('',#23);
#23 = CARTESIAN_POINT('',(-13.,-8.,9.5));
#24 = VERTEX_POINT('',#25);
#25 = CARTESIAN_POINT('',(-13.,8.,9.5));
#26 = SURFACE_CURVE('',#27,(#31,#43),.PCURVE_S1.);
#27 = LINE('',#28,#29);
#28 = CARTESIAN_POINT('',(-13.,-10.,9.5));
#29 = VECTOR('',#30,1.);
#30 = DIRECTION('',(0.,1.,0.));
#31 = PCURVE('',#32,#37);
#32 = PLANE('',#33);
#33 = AXIS2_PLACEMENT_3D('',#34,#35,#36);
#34 = CARTESIAN_POINT('',(-13.,-10.,-24.5));
#35 = DIRECTION('',(1.,0.,0.));
#36 = DIRECTION('',(0.,0.,1.));
#37 = DEFINITIONAL_REPRESENTATION('',(#38),#42);
#38 = LINE('',#39,#40);
#39 = CARTESIAN_POINT('',(34.,0.));
#40 = VECTOR('',#41,1.);
#41 = DIRECTION('',(0.,-1.));
#42 = ( GEOMETRIC_REPRESENTATION_CONTEXT(2) 
PARAMETRIC_REPRESENTATION_CONTEXT() REPRESENTATION_CONTEXT('2D SPACE',''
  ) );
#43 = PCURVE('',#44,#49);
#44 = PLANE('',#45);
#45 = AXIS2_PLACEMENT_3D('',#46,#47,#48);
#46 = CARTESIAN_POINT('',(-13.,-10.,9.5));
#47 = DIRECTION('',(0.,0.,1.));
#48 = DIRECTION('',(1.,0.,0.));
#49 = DEFINITIONAL_REPRESENTATION('',(#50),#54);
#50 = LINE('',#51,#52);
#51 = CARTESIAN_POINT('',(0.,0.));
#52 = VECTOR('',#53,1.);
#53 = DIRECTION('',(0.,1.));
#54 = ( GEOMETRIC_REPRESENTATION_CONTEXT(2) 
PARAMETRIC_REPRESENTATION_CONTEXT() REPRESENTATION_CONTEXT('2D SPACE',''
  ) );
#55 = ORIENTED_EDGE('',*,*,#56,.F.);
#56 = EDGE_CURVE('',#57,#22,#59,.T.);
#57 = VERTEX_POINT('',#58);
#58 = CARTESIAN_POINT('',(-13.,-8.,8.6));
#59 = SURFACE_CURVE('',#60,(#64,#71),.PCURVE_S1.);
#60 = LINE('',#61,#62);
#61 = CARTESIAN_POINT('',(-13.,-8.,-24.5));
#62 = VECTOR('',#63,1.);
#63 = DIRECTION('',(0.,0.,1.));
#64 = PCURVE('',#32,#65);
#65 = DEFINITIONAL_REPRESENTATION('',(#66),#70);
#66 = LINE('',#67,#68);
#67 = CARTESIAN_POINT('',(0.,-2.));
#68 = VECTOR('',#69,1.);
#69 = DIRECTION('',(1.,0.));
#70 = ( GEOMETRIC_REPRESENTATION_CONTEXT(2) 
PARAMETRIC_REPRESENTATION_CONTEXT() REPRESENTATION_CONTEXT('2D SPACE',''
  ) );
#71 = PCURVE('',#72,#77);
#72 = CYLINDRICAL_SURFACE('',#73,2.);
#73 = AXIS2_PLACEMENT_3D('',#74,#75,#76);
#74 = CARTESIAN_POINT('',(-11.,-8.,-24.5));
#75 = DIRECTION('',(0.,0.,1.));
#76 = DIRECTION('',(-1.,-0.,0.));
#77 = DEFINITIONAL_REPRESENTATION('',(#78),#82);
#78 = LINE('',#79,#80);
#79 = CARTESIAN_POINT('',(0.,0.));
#80 = VECTOR('',#81,1.);
#81 = DIRECTION('',(0.,1.));
#82 = ( GEOMETRIC_REPRESENTATION_CONTEXT(2) 
PARAMETRIC_REPRESENTATION_CONTEXT() REPRESENTATION_CONTEXT('2D SPACE',''
  ) );
#83 = ORIENTED_EDGE('',*,*,#84,.F.);
#84 = EDGE_CURVE('',#85,#57,#87,.T.);
#85 = VERTEX_POINT('',#86);
#86 = CARTESIAN_POINT('',(-13.,-6.9,7.5));
#87 = SURFACE_CURVE('',#88,(#93,#100),.PCURVE_S1.);
#88 = CIRCLE('',#89,1.1);
#89 = AXIS2_PLACEMENT_3D('',#90,#91,#92);
#90 = CARTESIAN_POINT('',(-13.,-8.,7.5));
#91 = DIRECTION('',(1.,0.,0.));
#92 = DIRECTION('',(-0.,1.,0.));
#93 = PCURVE('',#32,#94);
#94 = DEFINITIONAL_REPRESENTATION('',(#95),#99);
#95 = CIRCLE('',#96,1.1);
#96 = AXIS2_PLACEMENT_2D('',#97,#98);
#97 = CARTESIAN_POINT('',(32.,-2.));
#98 = DIRECTION('',(0.,-1.));
#99 = ( GEOMETRIC_REPRESENTATION_CONTEXT(2) 
PARAMETRIC_REPRESENTATION_CONTEXT() REPRESENTATION_CONTEXT('2D SPACE',''
  ) );
#100 = PCURVE('',#101,#106);
#101 = CYLINDRICAL_SURFACE('',#102,1.1);
#102 = AXIS2_PLACEMENT_3D('',#103,#104,#105);
#103 = CARTESIAN_POINT('',(0.,-8.,7.5));
#104 = DIRECTION('',(1.,0.,0.));
#105 = DIRECTION('',(0.,1.,0.));
#106 = DEFINITIONAL_REPRESENTATION('',(#107),#111);
#107 = LINE('',#108,#109);
#108 = CARTESIAN_POINT('',(0.,-13.));
#109 = VECTOR('',#110,1.);
#110 = DIRECTION('',(1.,0.));
#111 = ( GEOMETRIC_REPRESENTATION_CONTEXT(2) 
PARAMETRIC_REPRESENTATION_CONTEXT() REPRESENTATION_CONTEXT('2D SPACE',''
  ) );
#112 = ORIENTED_EDGE('',*,*,#113,.F.);
#113 = EDGE_CURVE('',#114,#85,#116,.T.);
#114 = VERTEX_POINT('',#115);
#115 = CARTESIAN_POINT('',(-13.,-8.,6.4));
#116 = SURFACE_CURVE('',#117,(#122,#129),.PCURVE_S1.);
#117 = CIRCLE('',#118,1.1);
#118 = AXIS2_PLACEMENT_3D('',#119,#120,#121);
#119 = CARTESIAN_POINT('',(-13.,-8.,7.5));
#120 = DIRECTION('',(1.,0.,0.));
#121 = DIRECTION('',(-0.,1.,0.));
#122 = PCURVE('',#32,#123);
#123 = DEFINITIONAL_REPRESENTATION('',(#124),#128);
#124 = CIRCLE('',#125,1.1);
#125 = AXIS2_PLACEMENT_2D('',#126,#127);
#126 = CARTESIAN_POINT('',(32.,-2.));
#127 = DIRECTION('',(0.,-1.));
#128 = ( GEOMETRIC_REPRESENTATION_CONTEXT(2) 
PARAMETRIC_REPRESENTATION_CONTEXT() REPRESENTATION_CONTEXT('2D SPACE',''
  ) );
#129 = PCURVE('',#101,#130);
#130 = DEFINITIONAL_REPRESENTATION('',(#131),#135);
#131 = LINE('',#132,#133);
#132 = CARTESIAN_POINT('',(0.,-13.));
#133 = VECTOR('',#134,1.);
#134 = DIRECTION('',(1.,0.));
#135 = ( GEOMETRIC_REPRESENTATION_CONTEXT(2) 
PARAMETRIC_REPRESENTATION_CONTEXT() REPRESENTATION_CONTEXT('2D SPACE',''
  ) );
#136 = ORIENTED_EDGE('',*,*,#137,.F.);
#137 = EDGE_CURVE('',#138,#114,#140,.T.);
#138 = VERTEX_POINT('',#139);
#139 = CARTESIAN_POINT('',(-13.,-8.,-21.4));
#140 = SURFACE_CURVE('',#141,(#145,#152),.PCURVE_S1.);
#141 = LINE('',#142,#143);
#142 = CARTESIAN_POINT('',(-13.,-8.,-24.5));
#143 = VECTOR('',#144,1.);
#144 = DIRECTION('',(0.,0.,1.));
#145 = PCURVE('',#32,#146);
#146 = DEFINITIONAL_REPRESENTATION('',(#147),#151);
#147 = LINE('',#148,#149);
#148 = CARTESIAN_POINT('',(0.,-2.));
#149 = VECTOR('',#150,1.);
#150 = DIRECTION('',(1.,0.));
#151 = ( GEOMETRIC_REPRESENTATION_CONTEXT(2) 
PARAMETRIC_REPRESENTATION_CONTEXT() REPRESENTATION_CONTEXT('2D SPACE',''
  ) );
#152 = PCURVE('',#72,#153);
#153 = DEFINITIONAL_REPRESENTATION('',(#154),#158);
#154 = LINE('',#155,#156);
#155 = CARTESIAN_POINT('',(0.,0.));
#156 = VECTOR('',#157,1.);
#157 = DIRECTION('',(0.,1.));
#158 = ( GEOMETRIC_REPRESENTATION_CONTEXT(2) 
PARAMETRIC_REPRESENTATION_CONTEXT() REPRESENTATION_CONTEXT('2D SPACE',''
  ) );
#159 = ORIENTED_EDGE('',*,*,#160,.F.);
#160 = EDGE_CURVE('',#161,#138,#163,.T.);
#161 = VERTEX_POINT('',#162);
#162 = CARTESIAN_POINT('',(-13.,-6.9,-22.5));
#163 = SURFACE_CURVE('',#164,(#169,#176),.PCURVE_S1.);
#164 = CIRCLE('',#165,1.1);
#165 = AXIS2_PLACEMENT_3D('',#166,#167,#168);
#166 = CARTESIAN_POINT('',(-13.,-8.,-22.5));
#167 = DIRECTION('',(1.,0.,0.));
#168 = DIRECTION('',(-0.,1.,0.));
#169 = PCURVE('',#32,#170);
#170 = DEFINITIONAL_REPRESENTATION('',(#171),#175);
#171 = CIRCLE('',#172,1.1);
#172 = AXIS2_PLACEMENT_2D('',#173,#174);
#173 = CARTESIAN_POINT('',(2.,-2.));
#174 = DIRECTION('',(0.,-1.));
#175 = ( GEOMETRIC_REPRESENTATION_CONTEXT(2) 
PARAMETRIC_REPRESENTATION_CONTEXT() REPRESENTATION_CONTEXT('2D SPACE',''
  ) );
#176 = PCURVE('',#177,#182);
#177 = CYLINDRICAL_SURFACE('',#178,1.1);
#178 = AXIS2_PLACEMENT_3D('',#179,#180,#181);
#179 = CARTESIAN_POINT('',(0.,-8.,-22.5));
#180 = DIRECTION('',(1.,0.,0.));
#181 = DIRECTION('',(0.,1.,0.));
#182 = DEFINITIONAL_REPRESENTATION('',(#183),#187);
#183 = LINE('',#184,#185);
#184 = CARTESIAN_POINT('',(0.,-13.));
#185 = VECTOR('',#186,1.);
#186 = DIRECTION('',(1.,0.));
#187 = ( GEOMETRIC_REPRESENTATION_CONTEXT(2) 
PARAMETRIC_REPRESENTATION_CONTEXT() REPRESENTATION_CONTEXT('2D SPACE',''
  ) );
#188 = ORIENTED_EDGE('',*,*,#189,.F.);
#189 = EDGE_CURVE('',#190,#161,#192,.T.);
#190 = VERTEX_POINT('',#191);
#191 = CARTESIAN_POINT('',(-13.,-8.,-23.6));
#192 = SURFACE_CURVE('',#193,(#198,#205),.PCURVE_S1.);
#193 = CIRCLE('',#194,1.1);
#194 = AXIS2_PLACEMENT_3D('',#195,#196,#197);
#195 = CARTESIAN_POINT('',(-13.,-8.,-22.5));
#196 = DIRECTION('',(1.,0.,0.));
#197 = DIRECTION('',(-0.,1.,0.));
#198 = PCURVE('',#32,#199);
#199 = DEFINITIONAL_REPRESENTATION('',(#200),#204);
#200 = CIRCLE('',#201,1.1);
#201 = AXIS2_PLACEMENT_2D('',#202,#203);
#202 = CARTESIAN_POINT('',(2.,-2.));
#203 = DIRECTION('',(0.,-1.));
#204 = ( GEOMETRIC_REPRESENTATION_CONTEXT(2) 
PARAMETRIC_REPRESENTATION_CONTEXT() REPRESENTATION_CONTEXT('2D SPACE',''
  ) );
#205 = PCURVE('',#177,#206);
#206 = DEFINITIONAL_REPRESENTATION('',(#207),#211);
#207 = LINE('',#208,#209);
#208 = CARTESIAN_POINT('',(0.,-13.));
#209 = VECTOR('',#210,1.);
#210 = DIRECTION('',(1.,0.));
#211 = ( GEOMETRIC_REPRESENTATION_CONTEXT(2) 
PARAMETRIC_REPRESENTATION_CONTEXT() REPRESENTATION_CONTEXT('2D SPACE',''
  ) );
#212 = ORIENTED_EDGE('',*,*,#213,.F.);
#213 = EDGE_CURVE('',#214,#190,#216,.T.);
#214 = VERTEX_POINT('',#215);
#215 = CARTESIAN_POINT('',(-13.,-8.,-24.5));
#216 = SURFACE_CURVE('',#217,(#221,#228),.PCURVE_S1.);
#217 = LINE('',#218,#219);
#218 = CARTESIAN_POINT('',(-13.,-8.,-24.5));
#219 = VECTOR('',#220,1.);
#220 = DIRECTION('',(0.,0.,1.));
#221 = PCURVE('',#32,#222);
#222 = DEFINITIONAL_REPRESENTATION('',(#223),#227);
#223 = LINE('',#224,#225);
#224 = CARTESIAN_POINT('',(0.,-2.));
#225 = VECTOR('',#226,1.);
#226 = DIRECTION('',(1.,0.));
#227 = ( GEOMETRIC_REPRESENTATION_CONTEXT(2) 
PARAMETRIC_REPRESENTATION_CONTEXT() REPRESENTATION_CONTEXT('2D SPACE',''
  ) );
#228 = PCURVE('',#72,#229);
#229 = DEFINITIONAL_REPRESENTATION('',(#230),#234);
#230 = LINE('',#231,#232);
#231 = CARTESIAN_POINT('',(0.,0.));
#232 = VECTOR('',#233,1.);
#233 = DIRECTION('',(0.,1.));
#234 = ( GEOMETRIC_REPRESENTATION_CONTEXT(2) 
PARAMETRIC_REPRESENTATION_CONTEXT() REPRESENTATION_CONTEXT('2D SPACE',''
  ) );
#235 = ORIENTED_EDGE('',*,*,#236,.T.);
#236 = EDGE_CURVE('',#214,#237,#239,.T.);
#237 = VERTEX_POINT('',#238);
#238 = CARTESIAN_POINT('',(-13.,8.,-24.5));
#239 = SURFACE_CURVE('',#240,(#244,#251),.PCURVE_S1.);
#240 = LINE('',#241,#242);
#241 = CARTESIAN_POINT('',(-13.,-10.,-24.5));
#242 = VECTOR('',#243,1.);
#243 = DIRECTION('',(0.,1.,0.));
#244 = PCURVE('',#32,#245);
#245 = DEFINITIONAL_REPRESENTATION('',(#246),#250);
#246 = LINE('',#247,#248);
#247 = CARTESIAN_POINT('',(0.,0.));
#248 = VECTOR('',#249,1.);
#249 = DIRECTION('',(0.,-1.));
#250 = ( GEOMETRIC_REPRESENTATION_CONTEXT(2) 
PARAMETRIC_REPRESENTATION_CONTEXT() REPRESENTATION_CONTEXT('2D SPACE',''
  ) );
#251 = PCURVE('',#252,#257);
#252 = PLANE('',#253);
#253 = AXIS2_PLACEMENT_3D('',#254,#255,#256);
#254 = CARTESIAN_POINT('',(-13.,-10.,-24.5));
#255 = DIRECTION('',(0.,0.,1.));
#256 = DIRECTION('',(1.,0.,0.));
#257 = DEFINITIONAL_REPRESENTATION('',(#258),#262);
#258 = LINE('',#259,#260);
#259 = CARTESIAN_POINT('',(0.,0.));
#260 = VECTOR('',#261,1.);
#261 = DIRECTION('',(0.,1.));
#262 = ( GEOMETRIC_REPRESENTATION_CONTEXT(2) 
PARAMETRIC_REPRESENTATION_CONTEXT() REPRESENTATION_CONTEXT('2D SPACE',''
  ) );
#263 = ORIENTED_EDGE('',*,*,#264,.T.);
#264 = EDGE_CURVE('',#237,#265,#267,.T.);
#265 = VERTEX_POINT('',#266);
#266 = CARTESIAN_POINT('',(-13.,8.,-23.6));
#267 = SURFACE_CURVE('',#268,(#272,#279),.PCURVE_S1.);
#268 = LINE('',#269,#270);
#269 = CARTESIAN_POINT('',(-13.,8.,-24.5));
#270 = VECTOR('',#271,1.);
#271 = DIRECTION('',(0.,0.,1.));
#272 = PCURVE('',#32,#273);
#273 = DEFINITIONAL_REPRESENTATION('',(#274),#278);
#274 = LINE('',#275,#276);
#275 = CARTESIAN_POINT('',(0.,-18.));
#276 = VECTOR('',#277,1.);
#277 = DIRECTION('',(1.,0.));
#278 = ( GEOMETRIC_REPRESENTATION_CONTEXT(2) 
PARAMETRIC_REPRESENTATION_CONTEXT() REPRESENTATION_CONTEXT('2D SPACE',''
  ) );
#279 = PCURVE('',#280,#285);
#280 = CYLINDRICAL_SURFACE('',#281,2.);
#281 = AXIS2_PLACEMENT_3D('',#282,#283,#284);
#282 = CARTESIAN_POINT('',(-11.,8.,-24.5));
#283 = DIRECTION('',(0.,0.,1.));
#284 = DIRECTION('',(-1.,-0.,0.));
#285 = DEFINITIONAL_REPRESENTATION('',(#286),#290);
#286 = LINE('',#287,#288);
#287 = CARTESIAN_POINT('',(-0.,0.));
#288 = VECTOR('',#289,1.);
#289 = DIRECTION('',(-0.,1.));
#290 = ( GEOMETRIC_REPRESENTATION_CONTEXT(2) 
PARAMETRIC_REPRESENTATION_CONTEXT() REPRESENTATION_CONTEXT('2D SPACE',''
  ) );
#291 = ORIENTED_EDGE('',*,*,#292,.F.);
#292 = EDGE_CURVE('',#293,#265,#295,.T.);
#293 = VERTEX_POINT('',#294);
#294 = CARTESIAN_POINT('',(-13.,8.,-21.4));
#295 = SURFACE_CURVE('',#296,(#301,#308),.PCURVE_S1.);
#296 = CIRCLE('',#297,1.1);
#297 = AXIS2_PLACEMENT_3D('',#298,#299,#300);
#298 = CARTESIAN_POINT('',(-13.,8.,-22.5));
#299 = DIRECTION('',(1.,0.,0.));
#300 = DIRECTION('',(-0.,1.,0.));
#301 = PCURVE('',#32,#302);
#302 = DEFINITIONAL_REPRESENTATION('',(#303),#307);
#303 = CIRCLE('',#304,1.1);
#304 = AXIS2_PLACEMENT_2D('',#305,#306);
#305 = CARTESIAN_POINT('',(2.,-18.));
#306 = DIRECTION('',(0.,-1.));
#307 = ( GEOMETRIC_REPRESENTATION_CONTEXT(2) 
PARAMETRIC_REPRESENTATION_CONTEXT() REPRESENTATION_CONTEXT('2D SPACE',''
  ) );
#308 = PCURVE('',#309,#314);
#309 = CYLINDRICAL_SURFACE('',#310,1.1);
#310 = AXIS2_PLACEMENT_3D('',#311,#312,#313);
#311 = CARTESIAN_POINT('',(0.,8.,-22.5));
#312 = DIRECTION('',(1.,0.,0.));
#313 = DIRECTION('',(0.,1.,0.));
#314 = DEFINITIONAL_REPRESENTATION('',(#315),#319);
#315 = LINE('',#316,#317);
#316 = CARTESIAN_POINT('',(0.,-13.));
#317 = VECTOR('',#318,1.);
#318 = DIRECTION('',(1.,0.));
#319 = ( GEOMETRIC_REPRESENTATION_CONTEXT(2) 
PARAMETRIC_REPRESENTATION_CONTEXT() REPRESENTATION_CONTEXT('2D SPACE',''
  ) );
#320 = ORIENTED_EDGE('',*,*,#321,.T.);
#321 = EDGE_CURVE('',#293,#322,#324,.T.);
#322 = VERTEX_POINT('',#323);
#323 = CARTESIAN_POINT('',(-13.,8.,6.4));
#324 = SURFACE_CURVE('',#325,(#329,#336),.PCURVE_S1.);
#325 = LINE('',#326,#327);
#326 = CARTESIAN_POINT('',(-13.,8.,-24.5));
#327 = VECTOR('',#328,1.);
#328 = DIRECTION('',(0.,0.,1.));
#329 = PCURVE('',#32,#330);
#330 = DEFINITIONAL_REPRESENTATION('',(#331),#335);
#331 = LINE('',#332,#333);
#332 = CARTESIAN_POINT('',(0.,-18.));
#333 = VECTOR('',#334,1.);
#334 = DIRECTION('',(1.,0.));
#335 = ( GEOMETRIC_REPRESENTATION_CONTEXT(2) 
PARAMETRIC_REPRESENTATION_CONTEXT() REPRESENTATION_CONTEXT('2D SPACE',''
  ) );
#336 = PCURVE('',#280,#337);
#337 = DEFINITIONAL_REPRESENTATION('',(#338),#342);
#338 = LINE('',#339,#340);
#339 = CARTESIAN_POINT('',(-0.,0.));
#340 = VECTOR('',#341,1.);
#341 = DIRECTION('',(-0.,1.));
#342 = ( GEOMETRIC_REPRESENTATION_CONTEXT(2) 
PARAMETRIC_REPRESENTATION_CONTEXT() REPRESENTATION_CONTEXT('2D SPACE',''
  ) );
#343 = ORIENTED_EDGE('',*,*,#344,.F.);
#344 = EDGE_CURVE('',#345,#322,#347,.T.);
#345 = VERTEX_POINT('',#346);
#346 = CARTESIAN_POINT('',(-13.,8.,8.6));
#347 = SURFACE_CURVE('',#348,(#353,#360),.PCURVE_S1.);
#348 = CIRCLE('',#349,1.1);
#349 = AXIS2_PLACEMENT_3D('',#350,#351,#352);
#350 = CARTESIAN_POINT('',(-13.,8.,7.5));
#351 = DIRECTION('',(1.,0.,0.));
#352 = DIRECTION('',(-0.,1.,0.));
#353 = PCURVE('',#32,#354);
#354 = DEFINITIONAL_REPRESENTATION('',(#355),#359);
#355 = CIRCLE('',#356,1.1);
#356 = AXIS2_PLACEMENT_2D('',#357,#358);
#357 = CARTESIAN_POINT('',(32.,-18.));
#358 = DIRECTION('',(0.,-1.));
#359 = ( GEOMETRIC_REPRESENTATION_CONTEXT(2) 
PARAMETRIC_REPRESENTATION_CONTEXT() REPRESENTATION_CONTEXT('2D SPACE',''
  ) );
#360 = PCURVE('',#361,#366);
#361 = CYLINDRICAL_SURFACE('',#362,1.1);
#362 = AXIS2_PLACEMENT_3D('',#363,#364,#365);
#363 = CARTESIAN_POINT('',(0.,8.,7.5));
#364 = DIRECTION('',(1.,0.,0.));
#365 = DIRECTION('',(0.,1.,0.));
#366 = DEFINITIONAL_REPRESENTATION('',(#367),#371);
#367 = LINE('',#368,#369);
#368 = CARTESIAN_POINT('',(0.,-13.));
#369 = VECTOR('',#370,1.);
#370 = DIRECTION('',(1.,0.));
#371 = ( GEOMETRIC_REPRESENTATION_CONTEXT(2) 
PARAMETRIC_REPRESENTATION_CONTEXT() REPRESENTATION_CONTEXT('2D SPACE',''
  ) );
#372 = ORIENTED_EDGE('',*,*,#373,.T.);
#373 = EDGE_CURVE('',#345,#24,#374,.T.);
#374 = SURFACE_CURVE('',#375,(#379,#386),.PCURVE_S1.);
#375 = LINE('',#376,#377);
#376 = CARTESIAN_POINT('',(-13.,8.,-24.5));
#377 = VECTOR('',#378,1.);
#378 = DIRECTION('',(0.,0.,1.));
#379 = PCURVE('',#32,#380);
#380 = DEFINITIONAL_REPRESENTATION('',(#381),#385);
#381 = LINE('',#382,#383);
#382 = CARTESIAN_POINT('',(0.,-18.));
#383 = VECTOR('',#384,1.);
#384 = DIRECTION('',(1.,0.));
#385 = ( GEOMETRIC_REPRESENTATION_CONTEXT(2) 
PARAMETRIC_REPRESENTATION_CONTEXT() REPRESENTATION_CONTEXT('2D SPACE',''
  ) );
#386 = PCURVE('',#280,#387);
#387 = DEFINITIONAL_REPRESENTATION('',(#388),#392);
#388 = LINE('',#389,#390);
#389 = CARTESIAN_POINT('',(-0.,0.));
#390 = VECTOR('',#391,1.);
#391 = DIRECTION('',(-0.,1.));
#392 = ( GEOMETRIC_REPRESENTATION_CONTEXT(2) 
PARAMETRIC_REPRESENTATION_CONTEXT() REPRESENTATION_CONTEXT('2D SPACE',''
  ) );
#393 = FACE_BOUND('',#394,.F.);
#394 = EDGE_LOOP('',(#395,#423,#449,#475));
#395 = ORIENTED_EDGE('',*,*,#396,.T.);
#396 = EDGE_CURVE('',#397,#399,#401,.T.);
#397 = VERTEX_POINT('',#398);
#398 = CARTESIAN_POINT('',(-13.,6.25,-24.25));
#399 = VERTEX_POINT('',#400);
#400 = CARTESIAN_POINT('',(-13.,-6.25,-24.25));
#401 = SURFACE_CURVE('',#402,(#406,#412),.PCURVE_S1.);
#402 = LINE('',#403,#404);
#403 = CARTESIAN_POINT('',(-13.,-8.125,-24.25));
#404 = VECTOR('',#405,1.);
#405 = DIRECTION('',(0.,-1.,0.));
#406 = PCURVE('',#32,#407);
#407 = DEFINITIONAL_REPRESENTATION('',(#408),#411);
#408 = B_SPLINE_CURVE_WITH_KNOTS('',1,(#409,#410),.UNSPECIFIED.,.F.,.F.,
  (2,2),(-14.375,-1.875),.PIECEWISE_BEZIER_KNOTS.);
#409 = CARTESIAN_POINT('',(0.25,-16.25));
#410 = CARTESIAN_POINT('',(0.25,-3.75));
#411 = ( GEOMETRIC_REPRESENTATION_CONTEXT(2) 
PARAMETRIC_REPRESENTATION_CONTEXT() REPRESENTATION_CONTEXT('2D SPACE',''
  ) );
#412 = PCURVE('',#413,#418);
#413 = PLANE('',#414);
#414 = AXIS2_PLACEMENT_3D('',#415,#416,#417);
#415 = CARTESIAN_POINT('',(-16.,-6.25,-24.25));
#416 = DIRECTION('',(0.,0.,1.));
#417 = DIRECTION('',(1.,0.,0.));
#418 = DEFINITIONAL_REPRESENTATION('',(#419),#422);
#419 = B_SPLINE_CURVE_WITH_KNOTS('',1,(#420,#421),.UNSPECIFIED.,.F.,.F.,
  (2,2),(-14.375,-1.875),.PIECEWISE_BEZIER_KNOTS.);
#420 = CARTESIAN_POINT('',(3.,12.5));
#421 = CARTESIAN_POINT('',(3.,0.));
#422 = ( GEOMETRIC_REPRESENTATION_CONTEXT(2) 
PARAMETRIC_REPRESENTATION_CONTEXT() REPRESENTATION_CONTEXT('2D SPACE',''
  ) );
#423 = ORIENTED_EDGE('',*,*,#424,.T.);
#424 = EDGE_CURVE('',#399,#425,#427,.T.);
#425 = VERTEX_POINT('',#426);
#426 = CARTESIAN_POINT('',(-13.,-6.25,8.25));
#427 = SURFACE_CURVE('',#428,(#432,#438),.PCURVE_S1.);
#428 = LINE('',#429,#430);
#429 = CARTESIAN_POINT('',(-13.,-6.25,-24.375));
#430 = VECTOR('',#431,1.);
#431 = DIRECTION('',(0.,0.,1.));
#432 = PCURVE('',#32,#433);
#433 = DEFINITIONAL_REPRESENTATION('',(#434),#437);
#434 = B_SPLINE_CURVE_WITH_KNOTS('',1,(#435,#436),.UNSPECIFIED.,.F.,.F.,
  (2,2),(0.125,32.625),.PIECEWISE_BEZIER_KNOTS.);
#435 = CARTESIAN_POINT('',(0.25,-3.75));
#436 = CARTESIAN_POINT('',(32.75,-3.75));
#437 = ( GEOMETRIC_REPRESENTATION_CONTEXT(2) 
PARAMETRIC_REPRESENTATION_CONTEXT() REPRESENTATION_CONTEXT('2D SPACE',''
  ) );
#438 = PCURVE('',#439,#444);
#439 = PLANE('',#440);
#440 = AXIS2_PLACEMENT_3D('',#441,#442,#443);
#441 = CARTESIAN_POINT('',(-16.,-6.25,-24.25));
#442 = DIRECTION('',(0.,1.,0.));
#443 = DIRECTION('',(0.,0.,1.));
#444 = DEFINITIONAL_REPRESENTATION('',(#445),#448);
#445 = B_SPLINE_CURVE_WITH_KNOTS('',1,(#446,#447),.UNSPECIFIED.,.F.,.F.,
  (2,2),(0.125,32.625),.PIECEWISE_BEZIER_KNOTS.);
#446 = CARTESIAN_POINT('',(0.,3.));
#447 = CARTESIAN_POINT('',(32.5,3.));
#448 = ( GEOMETRIC_REPRESENTATION_CONTEXT(2) 
PARAMETRIC_REPRESENTATION_CONTEXT() REPRESENTATION_CONTEXT('2D SPACE',''
  ) );
#449 = ORIENTED_EDGE('',*,*,#450,.F.);
#450 = EDGE_CURVE('',#451,#425,#453,.T.);
#451 = VERTEX_POINT('',#452);
#452 = CARTESIAN_POINT('',(-13.,6.25,8.25));
#453 = SURFACE_CURVE('',#454,(#458,#464),.PCURVE_S1.);
#454 = LINE('',#455,#456);
#455 = CARTESIAN_POINT('',(-13.,-8.125,8.25));
#456 = VECTOR('',#457,1.);
#457 = DIRECTION('',(0.,-1.,0.));
#458 = PCURVE('',#32,#459);
#459 = DEFINITIONAL_REPRESENTATION('',(#460),#463);
#460 = B_SPLINE_CURVE_WITH_KNOTS('',1,(#461,#462),.UNSPECIFIED.,.F.,.F.,
  (2,2),(-14.375,-1.875),.PIECEWISE_BEZIER_KNOTS.);
#461 = CARTESIAN_POINT('',(32.75,-16.25));
#462 = CARTESIAN_POINT('',(32.75,-3.75));
#463 = ( GEOMETRIC_REPRESENTATION_CONTEXT(2) 
PARAMETRIC_REPRESENTATION_CONTEXT() REPRESENTATION_CONTEXT('2D SPACE',''
  ) );
#464 = PCURVE('',#465,#470);
#465 = PLANE('',#466);
#466 = AXIS2_PLACEMENT_3D('',#467,#468,#469);
#467 = CARTESIAN_POINT('',(-16.,-6.25,8.25));
#468 = DIRECTION('',(0.,0.,1.));
#469 = DIRECTION('',(1.,0.,0.));
#470 = DEFINITIONAL_REPRESENTATION('',(#471),#474);
#471 = B_SPLINE_CURVE_WITH_KNOTS('',1,(#472,#473),.UNSPECIFIED.,.F.,.F.,
  (2,2),(-14.375,-1.875),.PIECEWISE_BEZIER_KNOTS.);
#472 = CARTESIAN_POINT('',(3.,12.5));
#473 = CARTESIAN_POINT('',(3.,0.));
#474 = ( GEOMETRIC_REPRESENTATION_CONTEXT(2) 
PARAMETRIC_REPRESENTATION_CONTEXT() REPRESENTATION_CONTEXT('2D SPACE',''
  ) );
#475 = ORIENTED_EDGE('',*,*,#476,.F.);
#476 = EDGE_CURVE('',#397,#451,#477,.T.);
#477 = SURFACE_CURVE('',#478,(#482,#488),.PCURVE_S1.);
#478 = LINE('',#479,#480);
#479 = CARTESIAN_POINT('',(-13.,6.25,-24.375));
#480 = VECTOR('',#481,1.);
#481 = DIRECTION('',(0.,0.,1.));
#482 = PCURVE('',#32,#483);
#483 = DEFINITIONAL_REPRESENTATION('',(#484),#487);
#484 = B_SPLINE_CURVE_WITH_KNOTS('',1,(#485,#486),.UNSPECIFIED.,.F.,.F.,
  (2,2),(0.125,32.625),.PIECEWISE_BEZIER_KNOTS.);
#485 = CARTESIAN_POINT('',(0.25,-16.25));
#486 = CARTESIAN_POINT('',(32.75,-16.25));
#487 = ( GEOMETRIC_REPRESENTATION_CONTEXT(2) 
PARAMETRIC_REPRESENTATION_CONTEXT() REPRESENTATION_CONTEXT('2D SPACE',''
  ) );
#488 = PCURVE('',#489,#494);
#489 = PLANE('',#490);
#490 = AXIS2_PLACEMENT_3D('',#491,#492,#493);
#491 = CARTESIAN_POINT('',(-16.,6.25,-24.25));
#492 = DIRECTION('',(0.,1.,0.));
#493 = DIRECTION('',(0.,0.,1.));
#494 = DEFINITIONAL_REPRESENTATION('',(#495),#498);
#495 = B_SPLINE_CURVE_WITH_KNOTS('',1,(#496,#497),.UNSPECIFIED.,.F.,.F.,
  (2,2),(0.125,32.625),.PIECEWISE_BEZIER_KNOTS.);
#496 = CARTESIAN_POINT('',(0.,3.));
#497 = CARTESIAN_POINT('',(32.5,3.));
#498 = ( GEOMETRIC_REPRESENTATION_CONTEXT(2) 
PARAMETRIC_REPRESENTATION_CONTEXT() REPRESENTATION_CONTEXT('2D SPACE',''
  ) );
#499 = ADVANCED_FACE('',(#500),#465,.F.);
#500 = FACE_BOUND('',#501,.F.);
#501 = EDGE_LOOP('',(#502,#525,#526,#549));
#502 = ORIENTED_EDGE('',*,*,#503,.F.);
#503 = EDGE_CURVE('',#451,#504,#506,.T.);
#504 = VERTEX_POINT('',#505);
#505 = CARTESIAN_POINT('',(13.,6.25,8.25));
#506 = SURFACE_CURVE('',#507,(#511,#518),.PCURVE_S1.);
#507 = LINE('',#508,#509);
#508 = CARTESIAN_POINT('',(-16.,6.25,8.25));
#509 = VECTOR('',#510,1.);
#510 = DIRECTION('',(1.,0.,0.));
#511 = PCURVE('',#465,#512);
#512 = DEFINITIONAL_REPRESENTATION('',(#513),#517);
#513 = LINE('',#514,#515);
#514 = CARTESIAN_POINT('',(0.,12.5));
#515 = VECTOR('',#516,1.);
#516 = DIRECTION('',(1.,0.));
#517 = ( GEOMETRIC_REPRESENTATION_CONTEXT(2) 
PARAMETRIC_REPRESENTATION_CONTEXT() REPRESENTATION_CONTEXT('2D SPACE',''
  ) );
#518 = PCURVE('',#489,#519);
#519 = DEFINITIONAL_REPRESENTATION('',(#520),#524);
#520 = LINE('',#521,#522);
#521 = CARTESIAN_POINT('',(32.5,0.));
#522 = VECTOR('',#523,1.);
#523 = DIRECTION('',(0.,1.));
#524 = ( GEOMETRIC_REPRESENTATION_CONTEXT(2) 
PARAMETRIC_REPRESENTATION_CONTEXT() REPRESENTATION_CONTEXT('2D SPACE',''
  ) );
#525 = ORIENTED_EDGE('',*,*,#450,.T.);
#526 = ORIENTED_EDGE('',*,*,#527,.T.);
#527 = EDGE_CURVE('',#425,#528,#530,.T.);
#528 = VERTEX_POINT('',#529);
#529 = CARTESIAN_POINT('',(13.,-6.25,8.25));
#530 = SURFACE_CURVE('',#531,(#535,#542),.PCURVE_S1.);
#531 = LINE('',#532,#533);
#532 = CARTESIAN_POINT('',(-16.,-6.25,8.25));
#533 = VECTOR('',#534,1.);
#534 = DIRECTION('',(1.,0.,0.));
#535 = PCURVE('',#465,#536);
#536 = DEFINITIONAL_REPRESENTATION('',(#537),#541);
#537 = LINE('',#538,#539);
#538 = CARTESIAN_POINT('',(0.,0.));
#539 = VECTOR('',#540,1.);
#540 = DIRECTION('',(1.,0.));
#541 = ( GEOMETRIC_REPRESENTATION_CONTEXT(2) 
PARAMETRIC_REPRESENTATION_CONTEXT() REPRESENTATION_CONTEXT('2D SPACE',''
  ) );
#542 = PCURVE('',#439,#543);
#543 = DEFINITIONAL_REPRESENTATION('',(#544),#548);
#544 = LINE('',#545,#546);
#545 = CARTESIAN_POINT('',(32.5,0.));
#546 = VECTOR('',#547,1.);
#547 = DIRECTION('',(0.,1.));
#548 = ( GEOMETRIC_REPRESENTATION_CONTEXT(2) 
PARAMETRIC_REPRESENTATION_CONTEXT() REPRESENTATION_CONTEXT('2D SPACE',''
  ) );
#549 = ORIENTED_EDGE('',*,*,#550,.F.);
#550 = EDGE_CURVE('',#504,#528,#551,.T.);
#551 = SURFACE_CURVE('',#552,(#556,#562),.PCURVE_S1.);
#552 = LINE('',#553,#554);
#553 = CARTESIAN_POINT('',(13.,-8.125,8.25));
#554 = VECTOR('',#555,1.);
#555 = DIRECTION('',(0.,-1.,0.));
#556 = PCURVE('',#465,#557);
#557 = DEFINITIONAL_REPRESENTATION('',(#558),#561);
#558 = B_SPLINE_CURVE_WITH_KNOTS('',1,(#559,#560),.UNSPECIFIED.,.F.,.F.,
  (2,2),(-14.375,-1.875),.PIECEWISE_BEZIER_KNOTS.);
#559 = CARTESIAN_POINT('',(29.,12.5));
#560 = CARTESIAN_POINT('',(29.,0.));
#561 = ( GEOMETRIC_REPRESENTATION_CONTEXT(2) 
PARAMETRIC_REPRESENTATION_CONTEXT() REPRESENTATION_CONTEXT('2D SPACE',''
  ) );
#562 = PCURVE('',#563,#568);
#563 = PLANE('',#564);
#564 = AXIS2_PLACEMENT_3D('',#565,#566,#567);
#565 = CARTESIAN_POINT('',(13.,-10.,-24.5));
#566 = DIRECTION('',(1.,0.,0.));
#567 = DIRECTION('',(0.,0.,1.));
#568 = DEFINITIONAL_REPRESENTATION('',(#569),#572);
#569 = B_SPLINE_CURVE_WITH_KNOTS('',1,(#570,#571),.UNSPECIFIED.,.F.,.F.,
  (2,2),(-14.375,-1.875),.PIECEWISE_BEZIER_KNOTS.);
#570 = CARTESIAN_POINT('',(32.75,-16.25));
#571 = CARTESIAN_POINT('',(32.75,-3.75));
#572 = ( GEOMETRIC_REPRESENTATION_CONTEXT(2) 
PARAMETRIC_REPRESENTATION_CONTEXT() REPRESENTATION_CONTEXT('2D SPACE',''
  ) );
#573 = ADVANCED_FACE('',(#574,#938),#563,.T.);
#574 = FACE_BOUND('',#575,.T.);
#575 = EDGE_LOOP('',(#576,#601,#629,#657,#685,#708,#736,#764,#787,#810,
    #838,#866,#889,#917));
#576 = ORIENTED_EDGE('',*,*,#577,.F.);
#577 = EDGE_CURVE('',#578,#580,#582,.T.);
#578 = VERTEX_POINT('',#579);
#579 = CARTESIAN_POINT('',(13.,-8.,9.5));
#580 = VERTEX_POINT('',#581);
#581 = CARTESIAN_POINT('',(13.,8.,9.5));
#582 = SURFACE_CURVE('',#583,(#587,#594),.PCURVE_S1.);
#583 = LINE('',#584,#585);
#584 = CARTESIAN_POINT('',(13.,-10.,9.5));
#585 = VECTOR('',#586,1.);
#586 = DIRECTION('',(0.,1.,0.));
#587 = PCURVE('',#563,#588);
#588 = DEFINITIONAL_REPRESENTATION('',(#589),#593);
#589 = LINE('',#590,#591);
#590 = CARTESIAN_POINT('',(34.,0.));
#591 = VECTOR('',#592,1.);
#592 = DIRECTION('',(0.,-1.));
#593 = ( GEOMETRIC_REPRESENTATION_CONTEXT(2) 
PARAMETRIC_REPRESENTATION_CONTEXT() REPRESENTATION_CONTEXT('2D SPACE',''
  ) );
#594 = PCURVE('',#44,#595);
#595 = DEFINITIONAL_REPRESENTATION('',(#596),#600);
#596 = LINE('',#597,#598);
#597 = CARTESIAN_POINT('',(26.,0.));
#598 = VECTOR('',#599,1.);
#599 = DIRECTION('',(0.,1.));
#600 = ( GEOMETRIC_REPRESENTATION_CONTEXT(2) 
PARAMETRIC_REPRESENTATION_CONTEXT() REPRESENTATION_CONTEXT('2D SPACE',''
  ) );
#601 = ORIENTED_EDGE('',*,*,#602,.F.);
#602 = EDGE_CURVE('',#603,#578,#605,.T.);
#603 = VERTEX_POINT('',#604);
#604 = CARTESIAN_POINT('',(13.,-8.,8.6));
#605 = SURFACE_CURVE('',#606,(#610,#617),.PCURVE_S1.);
#606 = LINE('',#607,#608);
#607 = CARTESIAN_POINT('',(13.,-8.,-24.5));
#608 = VECTOR('',#609,1.);
#609 = DIRECTION('',(0.,0.,1.));
#610 = PCURVE('',#563,#611);
#611 = DEFINITIONAL_REPRESENTATION('',(#612),#616);
#612 = LINE('',#613,#614);
#613 = CARTESIAN_POINT('',(0.,-2.));
#614 = VECTOR('',#615,1.);
#615 = DIRECTION('',(1.,0.));
#616 = ( GEOMETRIC_REPRESENTATION_CONTEXT(2) 
PARAMETRIC_REPRESENTATION_CONTEXT() REPRESENTATION_CONTEXT('2D SPACE',''
  ) );
#617 = PCURVE('',#618,#623);
#618 = CYLINDRICAL_SURFACE('',#619,2.);
#619 = AXIS2_PLACEMENT_3D('',#620,#621,#622);
#620 = CARTESIAN_POINT('',(11.,-8.,-24.5));
#621 = DIRECTION('',(0.,0.,1.));
#622 = DIRECTION('',(1.,0.,-0.));
#623 = DEFINITIONAL_REPRESENTATION('',(#624),#628);
#624 = LINE('',#625,#626);
#625 = CARTESIAN_POINT('',(-0.,0.));
#626 = VECTOR('',#627,1.);
#627 = DIRECTION('',(-0.,1.));
#628 = ( GEOMETRIC_REPRESENTATION_CONTEXT(2) 
PARAMETRIC_REPRESENTATION_CONTEXT() REPRESENTATION_CONTEXT('2D SPACE',''
  ) );
#629 = ORIENTED_EDGE('',*,*,#630,.T.);
#630 = EDGE_CURVE('',#603,#631,#633,.T.);
#631 = VERTEX_POINT('',#632);
#632 = CARTESIAN_POINT('',(13.,-6.9,7.5));
#633 = SURFACE_CURVE('',#634,(#639,#650),.PCURVE_S1.);
#634 = CIRCLE('',#635,1.1);
#635 = AXIS2_PLACEMENT_3D('',#636,#637,#638);
#636 = CARTESIAN_POINT('',(13.,-8.,7.5));
#637 = DIRECTION('',(-1.,0.,0.));
#638 = DIRECTION('',(0.,1.,0.));
#639 = PCURVE('',#563,#640);
#640 = DEFINITIONAL_REPRESENTATION('',(#641),#649);
#641 = ( BOUNDED_CURVE() B_SPLINE_CURVE(2,(#642,#643,#644,#645,#646,#647
,#648),.UNSPECIFIED.,.T.,.F.) B_SPLINE_CURVE_WITH_KNOTS((1,2,2,2,2,1),(
    -2.094395102393,0.,2.094395102393,4.188790204786,6.28318530718,
8.377580409573),.UNSPECIFIED.) CURVE() GEOMETRIC_REPRESENTATION_ITEM() 
RATIONAL_B_SPLINE_CURVE((1.,0.5,1.,0.5,1.,0.5,1.)) REPRESENTATION_ITEM(
  '') );
#642 = CARTESIAN_POINT('',(32.,-3.1));
#643 = CARTESIAN_POINT('',(30.094744111674,-3.1));
#644 = CARTESIAN_POINT('',(31.047372055837,-1.45));
#645 = CARTESIAN_POINT('',(32.,0.2));
#646 = CARTESIAN_POINT('',(32.952627944163,-1.45));
#647 = CARTESIAN_POINT('',(33.905255888326,-3.1));
#648 = CARTESIAN_POINT('',(32.,-3.1));
#649 = ( GEOMETRIC_REPRESENTATION_CONTEXT(2) 
PARAMETRIC_REPRESENTATION_CONTEXT() REPRESENTATION_CONTEXT('2D SPACE',''
  ) );
#650 = PCURVE('',#101,#651);
#651 = DEFINITIONAL_REPRESENTATION('',(#652),#656);
#652 = LINE('',#653,#654);
#653 = CARTESIAN_POINT('',(6.28318530718,13.));
#654 = VECTOR('',#655,1.);
#655 = DIRECTION('',(-1.,-0.));
#656 = ( GEOMETRIC_REPRESENTATION_CONTEXT(2) 
PARAMETRIC_REPRESENTATION_CONTEXT() REPRESENTATION_CONTEXT('2D SPACE',''
  ) );
#657 = ORIENTED_EDGE('',*,*,#658,.T.);
#658 = EDGE_CURVE('',#631,#659,#661,.T.);
#659 = VERTEX_POINT('',#660);
#660 = CARTESIAN_POINT('',(13.,-8.,6.4));
#661 = SURFACE_CURVE('',#662,(#667,#678),.PCURVE_S1.);
#662 = CIRCLE('',#663,1.1);
#663 = AXIS2_PLACEMENT_3D('',#664,#665,#666);
#664 = CARTESIAN_POINT('',(13.,-8.,7.5));
#665 = DIRECTION('',(-1.,0.,0.));
#666 = DIRECTION('',(0.,1.,0.));
#667 = PCURVE('',#563,#668);
#668 = DEFINITIONAL_REPRESENTATION('',(#669),#677);
#669 = ( BOUNDED_CURVE() B_SPLINE_CURVE(2,(#670,#671,#672,#673,#674,#675
,#676),.UNSPECIFIED.,.T.,.F.) B_SPLINE_CURVE_WITH_KNOTS((1,2,2,2,2,1),(
    -2.094395102393,0.,2.094395102393,4.188790204786,6.28318530718,
8.377580409573),.UNSPECIFIED.) CURVE() GEOMETRIC_REPRESENTATION_ITEM() 
RATIONAL_B_SPLINE_CURVE((1.,0.5,1.,0.5,1.,0.5,1.)) REPRESENTATION_ITEM(
  '') );
#670 = CARTESIAN_POINT('',(32.,-3.1));
#671 = CARTESIAN_POINT('',(30.094744111674,-3.1));
#672 = CARTESIAN_POINT('',(31.047372055837,-1.45));
#673 = CARTESIAN_POINT('',(32.,0.2));
#674 = CARTESIAN_POINT('',(32.952627944163,-1.45));
#675 = CARTESIAN_POINT('',(33.905255888326,-3.1));
#676 = CARTESIAN_POINT('',(32.,-3.1));
#677 = ( GEOMETRIC_REPRESENTATION_CONTEXT(2) 
PARAMETRIC_REPRESENTATION_CONTEXT() REPRESENTATION_CONTEXT('2D SPACE',''
  ) );
#678 = PCURVE('',#101,#679);
#679 = DEFINITIONAL_REPRESENTATION('',(#680),#684);
#680 = LINE('',#681,#682);
#681 = CARTESIAN_POINT('',(6.28318530718,13.));
#682 = VECTOR('',#683,1.);
#683 = DIRECTION('',(-1.,-0.));
#684 = ( GEOMETRIC_REPRESENTATION_CONTEXT(2) 
PARAMETRIC_REPRESENTATION_CONTEXT() REPRESENTATION_CONTEXT('2D SPACE',''
  ) );
#685 = ORIENTED_EDGE('',*,*,#686,.F.);
#686 = EDGE_CURVE('',#687,#659,#689,.T.);
#687 = VERTEX_POINT('',#688);
#688 = CARTESIAN_POINT('',(13.,-8.,-21.4));
#689 = SURFACE_CURVE('',#690,(#694,#701),.PCURVE_S1.);
#690 = LINE('',#691,#692);
#691 = CARTESIAN_POINT('',(13.,-8.,-24.5));
#692 = VECTOR('',#693,1.);
#693 = DIRECTION('',(0.,0.,1.));
#694 = PCURVE('',#563,#695);
#695 = DEFINITIONAL_REPRESENTATION('',(#696),#700);
#696 = LINE('',#697,#698);
#697 = CARTESIAN_POINT('',(0.,-2.));
#698 = VECTOR('',#699,1.);
#699 = DIRECTION('',(1.,0.));
#700 = ( GEOMETRIC_REPRESENTATION_CONTEXT(2) 
PARAMETRIC_REPRESENTATION_CONTEXT() REPRESENTATION_CONTEXT('2D SPACE',''
  ) );
#701 = PCURVE('',#618,#702);
#702 = DEFINITIONAL_REPRESENTATION('',(#703),#707);
#703 = LINE('',#704,#705);
#704 = CARTESIAN_POINT('',(-0.,0.));
#705 = VECTOR('',#706,1.);
#706 = DIRECTION('',(-0.,1.));
#707 = ( GEOMETRIC_REPRESENTATION_CONTEXT(2) 
PARAMETRIC_REPRESENTATION_CONTEXT() REPRESENTATION_CONTEXT('2D SPACE',''
  ) );
#708 = ORIENTED_EDGE('',*,*,#709,.T.);
#709 = EDGE_CURVE('',#687,#710,#712,.T.);
#710 = VERTEX_POINT('',#711);
#711 = CARTESIAN_POINT('',(13.,-6.9,-22.5));
#712 = SURFACE_CURVE('',#713,(#718,#729),.PCURVE_S1.);
#713 = CIRCLE('',#714,1.1);
#714 = AXIS2_PLACEMENT_3D('',#715,#716,#717);
#715 = CARTESIAN_POINT('',(13.,-8.,-22.5));
#716 = DIRECTION('',(-1.,0.,0.));
#717 = DIRECTION('',(0.,1.,0.));
#718 = PCURVE('',#563,#719);
#719 = DEFINITIONAL_REPRESENTATION('',(#720),#728);
#720 = ( BOUNDED_CURVE() B_SPLINE_CURVE(2,(#721,#722,#723,#724,#725,#726
,#727),.UNSPECIFIED.,.T.,.F.) B_SPLINE_CURVE_WITH_KNOTS((1,2,2,2,2,1),(
    -2.094395102393,0.,2.094395102393,4.188790204786,6.28318530718,
8.377580409573),.UNSPECIFIED.) CURVE() GEOMETRIC_REPRESENTATION_ITEM() 
RATIONAL_B_SPLINE_CURVE((1.,0.5,1.,0.5,1.,0.5,1.)) REPRESENTATION_ITEM(
  '') );
#721 = CARTESIAN_POINT('',(2.,-3.1));
#722 = CARTESIAN_POINT('',(9.474411167424E-02,-3.1));
#723 = CARTESIAN_POINT('',(1.047372055837,-1.45));
#724 = CARTESIAN_POINT('',(2.,0.2));
#725 = CARTESIAN_POINT('',(2.952627944163,-1.45));
#726 = CARTESIAN_POINT('',(3.905255888326,-3.1));
#727 = CARTESIAN_POINT('',(2.,-3.1));
#728 = ( GEOMETRIC_REPRESENTATION_CONTEXT(2) 
PARAMETRIC_REPRESENTATION_CONTEXT() REPRESENTATION_CONTEXT('2D SPACE',''
  ) );
#729 = PCURVE('',#177,#730);
#730 = DEFINITIONAL_REPRESENTATION('',(#731),#735);
#731 = LINE('',#732,#733);
#732 = CARTESIAN_POINT('',(6.28318530718,13.));
#733 = VECTOR('',#734,1.);
#734 = DIRECTION('',(-1.,-0.));
#735 = ( GEOMETRIC_REPRESENTATION_CONTEXT(2) 
PARAMETRIC_REPRESENTATION_CONTEXT() REPRESENTATION_CONTEXT('2D SPACE',''
  ) );
#736 = ORIENTED_EDGE('',*,*,#737,.T.);
#737 = EDGE_CURVE('',#710,#738,#740,.T.);
#738 = VERTEX_POINT('',#739);
#739 = CARTESIAN_POINT('',(13.,-8.,-23.6));
#740 = SURFACE_CURVE('',#741,(#746,#757),.PCURVE_S1.);
#741 = CIRCLE('',#742,1.1);
#742 = AXIS2_PLACEMENT_3D('',#743,#744,#745);
#743 = CARTESIAN_POINT('',(13.,-8.,-22.5));
#744 = DIRECTION('',(-1.,0.,0.));
#745 = DIRECTION('',(0.,1.,0.));
#746 = PCURVE('',#563,#747);
#747 = DEFINITIONAL_REPRESENTATION('',(#748),#756);
#748 = ( BOUNDED_CURVE() B_SPLINE_CURVE(2,(#749,#750,#751,#752,#753,#754
,#755),.UNSPECIFIED.,.T.,.F.) B_SPLINE_CURVE_WITH_KNOTS((1,2,2,2,2,1),(
    -2.094395102393,0.,2.094395102393,4.188790204786,6.28318530718,
8.377580409573),.UNSPECIFIED.) CURVE() GEOMETRIC_REPRESENTATION_ITEM() 
RATIONAL_B_SPLINE_CURVE((1.,0.5,1.,0.5,1.,0.5,1.)) REPRESENTATION_ITEM(
  '') );
#749 = CARTESIAN_POINT('',(2.,-3.1));
#750 = CARTESIAN_POINT('',(9.474411167424E-02,-3.1));
#751 = CARTESIAN_POINT('',(1.047372055837,-1.45));
#752 = CARTESIAN_POINT('',(2.,0.2));
#753 = CARTESIAN_POINT('',(2.952627944163,-1.45));
#754 = CARTESIAN_POINT('',(3.905255888326,-3.1));
#755 = CARTESIAN_POINT('',(2.,-3.1));
#756 = ( GEOMETRIC_REPRESENTATION_CONTEXT(2) 
PARAMETRIC_REPRESENTATION_CONTEXT() REPRESENTATION_CONTEXT('2D SPACE',''
  ) );
#757 = PCURVE('',#177,#758);
#758 = DEFINITIONAL_REPRESENTATION('',(#759),#763);
#759 = LINE('',#760,#761);
#760 = CARTESIAN_POINT('',(6.28318530718,13.));
#761 = VECTOR('',#762,1.);
#762 = DIRECTION('',(-1.,-0.));
#763 = ( GEOMETRIC_REPRESENTATION_CONTEXT(2) 
PARAMETRIC_REPRESENTATION_CONTEXT() REPRESENTATION_CONTEXT('2D SPACE',''
  ) );
#764 = ORIENTED_EDGE('',*,*,#765,.F.);
#765 = EDGE_CURVE('',#766,#738,#768,.T.);
#766 = VERTEX_POINT('',#767);
#767 = CARTESIAN_POINT('',(13.,-8.,-24.5));
#768 = SURFACE_CURVE('',#769,(#773,#780),.PCURVE_S1.);
#769 = LINE('',#770,#771);
#770 = CARTESIAN_POINT('',(13.,-8.,-24.5));
#771 = VECTOR('',#772,1.);
#772 = DIRECTION('',(0.,0.,1.));
#773 = PCURVE('',#563,#774);
#774 = DEFINITIONAL_REPRESENTATION('',(#775),#779);
#775 = LINE('',#776,#777);
#776 = CARTESIAN_POINT('',(0.,-2.));
#777 = VECTOR('',#778,1.);
#778 = DIRECTION('',(1.,0.));
#779 = ( GEOMETRIC_REPRESENTATION_CONTEXT(2) 
PARAMETRIC_REPRESENTATION_CONTEXT() REPRESENTATION_CONTEXT('2D SPACE',''
  ) );
#780 = PCURVE('',#618,#781);
#781 = DEFINITIONAL_REPRESENTATION('',(#782),#786);
#782 = LINE('',#783,#784);
#783 = CARTESIAN_POINT('',(-0.,0.));
#784 = VECTOR('',#785,1.);
#785 = DIRECTION('',(-0.,1.));
#786 = ( GEOMETRIC_REPRESENTATION_CONTEXT(2) 
PARAMETRIC_REPRESENTATION_CONTEXT() REPRESENTATION_CONTEXT('2D SPACE',''
  ) );
#787 = ORIENTED_EDGE('',*,*,#788,.T.);
#788 = EDGE_CURVE('',#766,#789,#791,.T.);
#789 = VERTEX_POINT('',#790);
#790 = CARTESIAN_POINT('',(13.,8.,-24.5));
#791 = SURFACE_CURVE('',#792,(#796,#803),.PCURVE_S1.);
#792 = LINE('',#793,#794);
#793 = CARTESIAN_POINT('',(13.,-10.,-24.5));
#794 = VECTOR('',#795,1.);
#795 = DIRECTION('',(0.,1.,0.));
#796 = PCURVE('',#563,#797);
#797 = DEFINITIONAL_REPRESENTATION('',(#798),#802);
#798 = LINE('',#799,#800);
#799 = CARTESIAN_POINT('',(0.,0.));
#800 = VECTOR('',#801,1.);
#801 = DIRECTION('',(0.,-1.));
#802 = ( GEOMETRIC_REPRESENTATION_CONTEXT(2) 
PARAMETRIC_REPRESENTATION_CONTEXT() REPRESENTATION_CONTEXT('2D SPACE',''
  ) );
#803 = PCURVE('',#252,#804);
#804 = DEFINITIONAL_REPRESENTATION('',(#805),#809);
#805 = LINE('',#806,#807);
#806 = CARTESIAN_POINT('',(26.,0.));
#807 = VECTOR('',#808,1.);
#808 = DIRECTION('',(0.,1.));
#809 = ( GEOMETRIC_REPRESENTATION_CONTEXT(2) 
PARAMETRIC_REPRESENTATION_CONTEXT() REPRESENTATION_CONTEXT('2D SPACE',''
  ) );
#810 = ORIENTED_EDGE('',*,*,#811,.T.);
#811 = EDGE_CURVE('',#789,#812,#814,.T.);
#812 = VERTEX_POINT('',#813);
#813 = CARTESIAN_POINT('',(13.,8.,-23.6));
#814 = SURFACE_CURVE('',#815,(#819,#826),.PCURVE_S1.);
#815 = LINE('',#816,#817);
#816 = CARTESIAN_POINT('',(13.,8.,-24.5));
#817 = VECTOR('',#818,1.);
#818 = DIRECTION('',(0.,0.,1.));
#819 = PCURVE('',#563,#820);
#820 = DEFINITIONAL_REPRESENTATION('',(#821),#825);
#821 = LINE('',#822,#823);
#822 = CARTESIAN_POINT('',(0.,-18.));
#823 = VECTOR('',#824,1.);
#824 = DIRECTION('',(1.,0.));
#825 = ( GEOMETRIC_REPRESENTATION_CONTEXT(2) 
PARAMETRIC_REPRESENTATION_CONTEXT() REPRESENTATION_CONTEXT('2D SPACE',''
  ) );
#826 = PCURVE('',#827,#832);
#827 = CYLINDRICAL_SURFACE('',#828,2.);
#828 = AXIS2_PLACEMENT_3D('',#829,#830,#831);
#829 = CARTESIAN_POINT('',(11.,8.,-24.5));
#830 = DIRECTION('',(0.,0.,1.));
#831 = DIRECTION('',(1.,0.,-0.));
#832 = DEFINITIONAL_REPRESENTATION('',(#833),#837);
#833 = LINE('',#834,#835);
#834 = CARTESIAN_POINT('',(0.,0.));
#835 = VECTOR('',#836,1.);
#836 = DIRECTION('',(0.,1.));
#837 = ( GEOMETRIC_REPRESENTATION_CONTEXT(2) 
PARAMETRIC_REPRESENTATION_CONTEXT() REPRESENTATION_CONTEXT('2D SPACE',''
  ) );
#838 = ORIENTED_EDGE('',*,*,#839,.T.);
#839 = EDGE_CURVE('',#812,#840,#842,.T.);
#840 = VERTEX_POINT('',#841);
#841 = CARTESIAN_POINT('',(13.,8.,-21.4));
#842 = SURFACE_CURVE('',#843,(#848,#859),.PCURVE_S1.);
#843 = CIRCLE('',#844,1.1);
#844 = AXIS2_PLACEMENT_3D('',#845,#846,#847);
#845 = CARTESIAN_POINT('',(13.,8.,-22.5));
#846 = DIRECTION('',(-1.,0.,0.));
#847 = DIRECTION('',(0.,1.,0.));
#848 = PCURVE('',#563,#849);
#849 = DEFINITIONAL_REPRESENTATION('',(#850),#858);
#850 = ( BOUNDED_CURVE() B_SPLINE_CURVE(2,(#851,#852,#853,#854,#855,#856
,#857),.UNSPECIFIED.,.T.,.F.) B_SPLINE_CURVE_WITH_KNOTS((1,2,2,2,2,1),(
    -2.094395102393,0.,2.094395102393,4.188790204786,6.28318530718,
8.377580409573),.UNSPECIFIED.) CURVE() GEOMETRIC_REPRESENTATION_ITEM() 
RATIONAL_B_SPLINE_CURVE((1.,0.5,1.,0.5,1.,0.5,1.)) REPRESENTATION_ITEM(
  '') );
#851 = CARTESIAN_POINT('',(2.,-19.1));
#852 = CARTESIAN_POINT('',(9.474411167424E-02,-19.1));
#853 = CARTESIAN_POINT('',(1.047372055837,-17.45));
#854 = CARTESIAN_POINT('',(2.,-15.8));
#855 = CARTESIAN_POINT('',(2.952627944163,-17.45));
#856 = CARTESIAN_POINT('',(3.905255888326,-19.1));
#857 = CARTESIAN_POINT('',(2.,-19.1));
#858 = ( GEOMETRIC_REPRESENTATION_CONTEXT(2) 
PARAMETRIC_REPRESENTATION_CONTEXT() REPRESENTATION_CONTEXT('2D SPACE',''
  ) );
#859 = PCURVE('',#309,#860);
#860 = DEFINITIONAL_REPRESENTATION('',(#861),#865);
#861 = LINE('',#862,#863);
#862 = CARTESIAN_POINT('',(6.28318530718,13.));
#863 = VECTOR('',#864,1.);
#864 = DIRECTION('',(-1.,-0.));
#865 = ( GEOMETRIC_REPRESENTATION_CONTEXT(2) 
PARAMETRIC_REPRESENTATION_CONTEXT() REPRESENTATION_CONTEXT('2D SPACE',''
  ) );
#866 = ORIENTED_EDGE('',*,*,#867,.T.);
#867 = EDGE_CURVE('',#840,#868,#870,.T.);
#868 = VERTEX_POINT('',#869);
#869 = CARTESIAN_POINT('',(13.,8.,6.4));
#870 = SURFACE_CURVE('',#871,(#875,#882),.PCURVE_S1.);
#871 = LINE('',#872,#873);
#872 = CARTESIAN_POINT('',(13.,8.,-24.5));
#873 = VECTOR('',#874,1.);
#874 = DIRECTION('',(0.,0.,1.));
#875 = PCURVE('',#563,#876);
#876 = DEFINITIONAL_REPRESENTATION('',(#877),#881);
#877 = LINE('',#878,#879);
#878 = CARTESIAN_POINT('',(0.,-18.));
#879 = VECTOR('',#880,1.);
#880 = DIRECTION('',(1.,0.));
#881 = ( GEOMETRIC_REPRESENTATION_CONTEXT(2) 
PARAMETRIC_REPRESENTATION_CONTEXT() REPRESENTATION_CONTEXT('2D SPACE',''
  ) );
#882 = PCURVE('',#827,#883);
#883 = DEFINITIONAL_REPRESENTATION('',(#884),#888);
#884 = LINE('',#885,#886);
#885 = CARTESIAN_POINT('',(0.,0.));
#886 = VECTOR('',#887,1.);
#887 = DIRECTION('',(0.,1.));
#888 = ( GEOMETRIC_REPRESENTATION_CONTEXT(2) 
PARAMETRIC_REPRESENTATION_CONTEXT() REPRESENTATION_CONTEXT('2D SPACE',''
  ) );
#889 = ORIENTED_EDGE('',*,*,#890,.T.);
#890 = EDGE_CURVE('',#868,#891,#893,.T.);
#891 = VERTEX_POINT('',#892);
#892 = CARTESIAN_POINT('',(13.,8.,8.6));
#893 = SURFACE_CURVE('',#894,(#899,#910),.PCURVE_S1.);
#894 = CIRCLE('',#895,1.1);
#895 = AXIS2_PLACEMENT_3D('',#896,#897,#898);
#896 = CARTESIAN_POINT('',(13.,8.,7.5));
#897 = DIRECTION('',(-1.,0.,0.));
#898 = DIRECTION('',(0.,1.,0.));
#899 = PCURVE('',#563,#900);
#900 = DEFINITIONAL_REPRESENTATION('',(#901),#909);
#901 = ( BOUNDED_CURVE() B_SPLINE_CURVE(2,(#902,#903,#904,#905,#906,#907
,#908),.UNSPECIFIED.,.T.,.F.) B_SPLINE_CURVE_WITH_KNOTS((1,2,2,2,2,1),(
    -2.094395102393,0.,2.094395102393,4.188790204786,6.28318530718,
8.377580409573),.UNSPECIFIED.) CURVE() GEOMETRIC_REPRESENTATION_ITEM() 
RATIONAL_B_SPLINE_CURVE((1.,0.5,1.,0.5,1.,0.5,1.)) REPRESENTATION_ITEM(
  '') );
#902 = CARTESIAN_POINT('',(32.,-19.1));
#903 = CARTESIAN_POINT('',(30.094744111674,-19.1));
#904 = CARTESIAN_POINT('',(31.047372055837,-17.45));
#905 = CARTESIAN_POINT('',(32.,-15.8));
#906 = CARTESIAN_POINT('',(32.952627944163,-17.45));
#907 = CARTESIAN_POINT('',(33.905255888326,-19.1));
#908 = CARTESIAN_POINT('',(32.,-19.1));
#909 = ( GEOMETRIC_REPRESENTATION_CONTEXT(2) 
PARAMETRIC_REPRESENTATION_CONTEXT() REPRESENTATION_CONTEXT('2D SPACE',''
  ) );
#910 = PCURVE('',#361,#911);
#911 = DEFINITIONAL_REPRESENTATION('',(#912),#916);
#912 = LINE('',#913,#914);
#913 = CARTESIAN_POINT('',(6.28318530718,13.));
#914 = VECTOR('',#915,1.);
#915 = DIRECTION('',(-1.,-0.));
#916 = ( GEOMETRIC_REPRESENTATION_CONTEXT(2) 
PARAMETRIC_REPRESENTATION_CONTEXT() REPRESENTATION_CONTEXT('2D SPACE',''
  ) );
#917 = ORIENTED_EDGE('',*,*,#918,.T.);
#918 = EDGE_CURVE('',#891,#580,#919,.T.);
#919 = SURFACE_CURVE('',#920,(#924,#931),.PCURVE_S1.);
#920 = LINE('',#921,#922);
#921 = CARTESIAN_POINT('',(13.,8.,-24.5));
#922 = VECTOR('',#923,1.);
#923 = DIRECTION('',(0.,0.,1.));
#924 = PCURVE('',#563,#925);
#925 = DEFINITIONAL_REPRESENTATION('',(#926),#930);
#926 = LINE('',#927,#928);
#927 = CARTESIAN_POINT('',(0.,-18.));
#928 = VECTOR('',#929,1.);
#929 = DIRECTION('',(1.,0.));
#930 = ( GEOMETRIC_REPRESENTATION_CONTEXT(2) 
PARAMETRIC_REPRESENTATION_CONTEXT() REPRESENTATION_CONTEXT('2D SPACE',''
  ) );
#931 = PCURVE('',#827,#932);
#932 = DEFINITIONAL_REPRESENTATION('',(#933),#937);
#933 = LINE('',#934,#935);
#934 = CARTESIAN_POINT('',(0.,0.));
#935 = VECTOR('',#936,1.);
#936 = DIRECTION('',(0.,1.));
#937 = ( GEOMETRIC_REPRESENTATION_CONTEXT(2) 
PARAMETRIC_REPRESENTATION_CONTEXT() REPRESENTATION_CONTEXT('2D SPACE',''
  ) );
#938 = FACE_BOUND('',#939,.T.);
#939 = EDGE_LOOP('',(#940,#963,#982,#983));
#940 = ORIENTED_EDGE('',*,*,#941,.T.);
#941 = EDGE_CURVE('',#942,#944,#946,.T.);
#942 = VERTEX_POINT('',#943);
#943 = CARTESIAN_POINT('',(13.,6.25,-24.25));
#944 = VERTEX_POINT('',#945);
#945 = CARTESIAN_POINT('',(13.,-6.25,-24.25));
#946 = SURFACE_CURVE('',#947,(#951,#957),.PCURVE_S1.);
#947 = LINE('',#948,#949);
#948 = CARTESIAN_POINT('',(13.,-8.125,-24.25));
#949 = VECTOR('',#950,1.);
#950 = DIRECTION('',(0.,-1.,0.));
#951 = PCURVE('',#563,#952);
#952 = DEFINITIONAL_REPRESENTATION('',(#953),#956);
#953 = B_SPLINE_CURVE_WITH_KNOTS('',1,(#954,#955),.UNSPECIFIED.,.F.,.F.,
  (2,2),(-14.375,-1.875),.PIECEWISE_BEZIER_KNOTS.);
#954 = CARTESIAN_POINT('',(0.25,-16.25));
#955 = CARTESIAN_POINT('',(0.25,-3.75));
#956 = ( GEOMETRIC_REPRESENTATION_CONTEXT(2) 
PARAMETRIC_REPRESENTATION_CONTEXT() REPRESENTATION_CONTEXT('2D SPACE',''
  ) );
#957 = PCURVE('',#413,#958);
#958 = DEFINITIONAL_REPRESENTATION('',(#959),#962);
#959 = B_SPLINE_CURVE_WITH_KNOTS('',1,(#960,#961),.UNSPECIFIED.,.F.,.F.,
  (2,2),(-14.375,-1.875),.PIECEWISE_BEZIER_KNOTS.);
#960 = CARTESIAN_POINT('',(29.,12.5));
#961 = CARTESIAN_POINT('',(29.,0.));
#962 = ( GEOMETRIC_REPRESENTATION_CONTEXT(2) 
PARAMETRIC_REPRESENTATION_CONTEXT() REPRESENTATION_CONTEXT('2D SPACE',''
  ) );
#963 = ORIENTED_EDGE('',*,*,#964,.T.);
#964 = EDGE_CURVE('',#944,#528,#965,.T.);
#965 = SURFACE_CURVE('',#966,(#970,#976),.PCURVE_S1.);
#966 = LINE('',#967,#968);
#967 = CARTESIAN_POINT('',(13.,-6.25,-24.375));
#968 = VECTOR('',#969,1.);
#969 = DIRECTION('',(0.,0.,1.));
#970 = PCURVE('',#563,#971);
#971 = DEFINITIONAL_REPRESENTATION('',(#972),#975);
#972 = B_SPLINE_CURVE_WITH_KNOTS('',1,(#973,#974),.UNSPECIFIED.,.F.,.F.,
  (2,2),(0.125,32.625),.PIECEWISE_BEZIER_KNOTS.);
#973 = CARTESIAN_POINT('',(0.25,-3.75));
#974 = CARTESIAN_POINT('',(32.75,-3.75));
#975 = ( GEOMETRIC_REPRESENTATION_CONTEXT(2) 
PARAMETRIC_REPRESENTATION_CONTEXT() REPRESENTATION_CONTEXT('2D SPACE',''
  ) );
#976 = PCURVE('',#439,#977);
#977 = DEFINITIONAL_REPRESENTATION('',(#978),#981);
#978 = B_SPLINE_CURVE_WITH_KNOTS('',1,(#979,#980),.UNSPECIFIED.,.F.,.F.,
  (2,2),(0.125,32.625),.PIECEWISE_BEZIER_KNOTS.);
#979 = CARTESIAN_POINT('',(0.,29.));
#980 = CARTESIAN_POINT('',(32.5,29.));
#981 = ( GEOMETRIC_REPRESENTATION_CONTEXT(2) 
PARAMETRIC_REPRESENTATION_CONTEXT() REPRESENTATION_CONTEXT('2D SPACE',''
  ) );
#982 = ORIENTED_EDGE('',*,*,#550,.F.);
#983 = ORIENTED_EDGE('',*,*,#984,.F.);
#984 = EDGE_CURVE('',#942,#504,#985,.T.);
#985 = SURFACE_CURVE('',#986,(#990,#996),.PCURVE_S1.);
#986 = LINE('',#987,#988);
#987 = CARTESIAN_POINT('',(13.,6.25,-24.375));
#988 = VECTOR('',#989,1.);
#989 = DIRECTION('',(0.,0.,1.));
#990 = PCURVE('',#563,#991);
#991 = DEFINITIONAL_REPRESENTATION('',(#992),#995);
#992 = B_SPLINE_CURVE_WITH_KNOTS('',1,(#993,#994),.UNSPECIFIED.,.F.,.F.,
  (2,2),(0.125,32.625),.PIECEWISE_BEZIER_KNOTS.);
#993 = CARTESIAN_POINT('',(0.25,-16.25));
#994 = CARTESIAN_POINT('',(32.75,-16.25));
#995 = ( GEOMETRIC_REPRESENTATION_CONTEXT(2) 
PARAMETRIC_REPRESENTATION_CONTEXT() REPRESENTATION_CONTEXT('2D SPACE',''
  ) );
#996 = PCURVE('',#489,#997);
#997 = DEFINITIONAL_REPRESENTATION('',(#998),#1001);
#998 = B_SPLINE_CURVE_WITH_KNOTS('',1,(#999,#1000),.UNSPECIFIED.,.F.,.F.
  ,(2,2),(0.125,32.625),.PIECEWISE_BEZIER_KNOTS.);
#999 = CARTESIAN_POINT('',(0.,29.));
#1000 = CARTESIAN_POINT('',(32.5,29.));
#1001 = ( GEOMETRIC_REPRESENTATION_CONTEXT(2) 
PARAMETRIC_REPRESENTATION_CONTEXT() REPRESENTATION_CONTEXT('2D SPACE',''
  ) );
#1002 = ADVANCED_FACE('',(#1003),#618,.T.);
#1003 = FACE_BOUND('',#1004,.F.);
#1004 = EDGE_LOOP('',(#1005,#1006,#1034,#1062,#1088,#1089,#1242,#1243));
#1005 = ORIENTED_EDGE('',*,*,#765,.F.);
#1006 = ORIENTED_EDGE('',*,*,#1007,.T.);
#1007 = EDGE_CURVE('',#766,#1008,#1010,.T.);
#1008 = VERTEX_POINT('',#1009);
#1009 = CARTESIAN_POINT('',(11.,-10.,-24.5));
#1010 = SURFACE_CURVE('',#1011,(#1016,#1023),.PCURVE_S1.);
#1011 = CIRCLE('',#1012,2.);
#1012 = AXIS2_PLACEMENT_3D('',#1013,#1014,#1015);
#1013 = CARTESIAN_POINT('',(11.,-8.,-24.5));
#1014 = DIRECTION('',(-0.,-0.,-1.));
#1015 = DIRECTION('',(0.,-1.,0.));
#1016 = PCURVE('',#618,#1017);
#1017 = DEFINITIONAL_REPRESENTATION('',(#1018),#1022);
#1018 = LINE('',#1019,#1020);
#1019 = CARTESIAN_POINT('',(4.712388980385,-0.));
#1020 = VECTOR('',#1021,1.);
#1021 = DIRECTION('',(-1.,0.));
#1022 = ( GEOMETRIC_REPRESENTATION_CONTEXT(2) 
PARAMETRIC_REPRESENTATION_CONTEXT() REPRESENTATION_CONTEXT('2D SPACE',''
  ) );
#1023 = PCURVE('',#252,#1024);
#1024 = DEFINITIONAL_REPRESENTATION('',(#1025),#1033);
#1025 = ( BOUNDED_CURVE() B_SPLINE_CURVE(2,(#1026,#1027,#1028,#1029,
#1030,#1031,#1032),.UNSPECIFIED.,.T.,.F.) B_SPLINE_CURVE_WITH_KNOTS((1,2
    ,2,2,2,1),(-2.094395102393,0.,2.094395102393,4.188790204786,
6.28318530718,8.377580409573),.UNSPECIFIED.) CURVE() 
GEOMETRIC_REPRESENTATION_ITEM() RATIONAL_B_SPLINE_CURVE((1.,0.5,1.,0.5,
1.,0.5,1.)) REPRESENTATION_ITEM('') );
#1026 = CARTESIAN_POINT('',(24.,0.));
#1027 = CARTESIAN_POINT('',(20.535898384862,0.));
#1028 = CARTESIAN_POINT('',(22.267949192431,3.));
#1029 = CARTESIAN_POINT('',(24.,6.));
#1030 = CARTESIAN_POINT('',(25.732050807569,3.));
#1031 = CARTESIAN_POINT('',(27.464101615138,3.10862446895E-15));
#1032 = CARTESIAN_POINT('',(24.,0.));
#1033 = ( GEOMETRIC_REPRESENTATION_CONTEXT(2) 
PARAMETRIC_REPRESENTATION_CONTEXT() REPRESENTATION_CONTEXT('2D SPACE',''
  ) );
#1034 = ORIENTED_EDGE('',*,*,#1035,.T.);
#1035 = EDGE_CURVE('',#1008,#1036,#1038,.T.);
#1036 = VERTEX_POINT('',#1037);
#1037 = CARTESIAN_POINT('',(11.,-10.,9.5));
#1038 = SURFACE_CURVE('',#1039,(#1043,#1050),.PCURVE_S1.);
#1039 = LINE('',#1040,#1041);
#1040 = CARTESIAN_POINT('',(11.,-10.,-24.5));
#1041 = VECTOR('',#1042,1.);
#1042 = DIRECTION('',(0.,0.,1.));
#1043 = PCURVE('',#618,#1044);
#1044 = DEFINITIONAL_REPRESENTATION('',(#1045),#1049);
#1045 = LINE('',#1046,#1047);
#1046 = CARTESIAN_POINT('',(-1.570796326795,0.));
#1047 = VECTOR('',#1048,1.);
#1048 = DIRECTION('',(-0.,1.));
#1049 = ( GEOMETRIC_REPRESENTATION_CONTEXT(2) 
PARAMETRIC_REPRESENTATION_CONTEXT() REPRESENTATION_CONTEXT('2D SPACE',''
  ) );
#1050 = PCURVE('',#1051,#1056);
#1051 = PLANE('',#1052);
#1052 = AXIS2_PLACEMENT_3D('',#1053,#1054,#1055);
#1053 = CARTESIAN_POINT('',(-13.,-10.,-24.5));
#1054 = DIRECTION('',(0.,1.,0.));
#1055 = DIRECTION('',(0.,0.,1.));
#1056 = DEFINITIONAL_REPRESENTATION('',(#1057),#1061);
#1057 = LINE('',#1058,#1059);
#1058 = CARTESIAN_POINT('',(0.,24.));
#1059 = VECTOR('',#1060,1.);
#1060 = DIRECTION('',(1.,0.));
#1061 = ( GEOMETRIC_REPRESENTATION_CONTEXT(2) 
PARAMETRIC_REPRESENTATION_CONTEXT() REPRESENTATION_CONTEXT('2D SPACE',''
  ) );
#1062 = ORIENTED_EDGE('',*,*,#1063,.F.);
#1063 = EDGE_CURVE('',#578,#1036,#1064,.T.);
#1064 = SURFACE_CURVE('',#1065,(#1070,#1077),.PCURVE_S1.);
#1065 = CIRCLE('',#1066,2.);
#1066 = AXIS2_PLACEMENT_3D('',#1067,#1068,#1069);
#1067 = CARTESIAN_POINT('',(11.,-8.,9.5));
#1068 = DIRECTION('',(-0.,-0.,-1.));
#1069 = DIRECTION('',(0.,-1.,0.));
#1070 = PCURVE('',#618,#1071);
#1071 = DEFINITIONAL_REPRESENTATION('',(#1072),#1076);
#1072 = LINE('',#1073,#1074);
#1073 = CARTESIAN_POINT('',(4.712388980385,34.));
#1074 = VECTOR('',#1075,1.);
#1075 = DIRECTION('',(-1.,0.));
#1076 = ( GEOMETRIC_REPRESENTATION_CONTEXT(2) 
PARAMETRIC_REPRESENTATION_CONTEXT() REPRESENTATION_CONTEXT('2D SPACE',''
  ) );
#1077 = PCURVE('',#44,#1078);
#1078 = DEFINITIONAL_REPRESENTATION('',(#1079),#1087);
#1079 = ( BOUNDED_CURVE() B_SPLINE_CURVE(2,(#1080,#1081,#1082,#1083,
#1084,#1085,#1086),.UNSPECIFIED.,.T.,.F.) B_SPLINE_CURVE_WITH_KNOTS((1,2
    ,2,2,2,1),(-2.094395102393,0.,2.094395102393,4.188790204786,
6.28318530718,8.377580409573),.UNSPECIFIED.) CURVE() 
GEOMETRIC_REPRESENTATION_ITEM() RATIONAL_B_SPLINE_CURVE((1.,0.5,1.,0.5,
1.,0.5,1.)) REPRESENTATION_ITEM('') );
#1080 = CARTESIAN_POINT('',(24.,0.));
#1081 = CARTESIAN_POINT('',(20.535898384862,0.));
#1082 = CARTESIAN_POINT('',(22.267949192431,3.));
#1083 = CARTESIAN_POINT('',(24.,6.));
#1084 = CARTESIAN_POINT('',(25.732050807569,3.));
#1085 = CARTESIAN_POINT('',(27.464101615138,3.10862446895E-15));
#1086 = CARTESIAN_POINT('',(24.,0.));
#1087 = ( GEOMETRIC_REPRESENTATION_CONTEXT(2) 
PARAMETRIC_REPRESENTATION_CONTEXT() REPRESENTATION_CONTEXT('2D SPACE',''
  ) );
#1088 = ORIENTED_EDGE('',*,*,#602,.F.);
#1089 = ORIENTED_EDGE('',*,*,#1090,.T.);
#1090 = EDGE_CURVE('',#603,#659,#1091,.T.);
#1091 = SURFACE_CURVE('',#1092,(#1140,#1191),.PCURVE_S1.);
#1092 = B_SPLINE_CURVE_WITH_KNOTS('',6,(#1093,#1094,#1095,#1096,#1097,
    #1098,#1099,#1100,#1101,#1102,#1103,#1104,#1105,#1106,#1107,#1108,
    #1109,#1110,#1111,#1112,#1113,#1114,#1115,#1116,#1117,#1118,#1119,
    #1120,#1121,#1122,#1123,#1124,#1125,#1126,#1127,#1128,#1129,#1130,
    #1131,#1132,#1133,#1134,#1135,#1136,#1137,#1138,#1139),
  .UNSPECIFIED.,.F.,.F.,(7,5,5,5,5,5,5,5,5,7),(0.,0.132411497622,
    0.184013177768,0.29898521119,0.398345776703,0.500143064122,
    0.600637002662,0.701234901409,0.867764953361,1.),.UNSPECIFIED.);
#1093 = CARTESIAN_POINT('',(13.,-8.,8.6));
#1094 = CARTESIAN_POINT('',(13.,-8.084704102299,8.6));
#1095 = CARTESIAN_POINT('',(12.995695017447,-8.169072579622,
    8.592172979375));
#1096 = CARTESIAN_POINT('',(12.987149770911,-8.251908815767,
    8.576635130387));
#1097 = CARTESIAN_POINT('',(12.97476122322,-8.33203901988,8.553821704243
    ));
#1098 = CARTESIAN_POINT('',(12.95925299796,-8.408378306849,
    8.524483113189));
#1099 = CARTESIAN_POINT('',(12.934640766302,-8.507929196546,
    8.476202114014));
#1100 = CARTESIAN_POINT('',(12.927390861428,-8.535185737342,
    8.461815902067));
#1101 = CARTESIAN_POINT('',(12.919835415095,-8.561761584457,
    8.446624247089));
#1102 = CARTESIAN_POINT('',(12.912017509485,-8.587637925013,
    8.430668461414));
#1103 = CARTESIAN_POINT('',(12.903980801824,-8.612797925928,
    8.413989543513));
#1104 = CARTESIAN_POINT('',(12.877474242881,-8.691655770344,
    8.357945881408));
#1105 = CARTESIAN_POINT('',(12.858314652529,-8.742447338477,
    8.315881503977));
#1106 = CARTESIAN_POINT('',(12.838743527521,-8.789538978267,
    8.270815144845));
#1107 = CARTESIAN_POINT('',(12.819203491181,-8.832885966283,
    8.223073588612));
#1108 = CARTESIAN_POINT('',(12.800122191129,-8.872450048019,
    8.17293609552));
#1109 = CARTESIAN_POINT('',(12.766166041529,-8.939073594502,
    8.075445282663));
#1110 = CARTESIAN_POINT('',(12.751061375758,-8.96712185327,
    8.028608282928));
#1111 = CARTESIAN_POINT('',(12.736870947245,-8.992272268197,
    7.980315579706));
#1112 = CARTESIAN_POINT('',(12.723858485699,-9.014476640809,
    7.930736998797));
#1113 = CARTESIAN_POINT('',(12.712263691987,-9.033689465384,
    7.88002700086));
#1114 = CARTESIAN_POINT('',(12.692075660059,-9.066423339478,
    7.77535683454));
#1115 = CARTESIAN_POINT('',(12.683560996522,-9.079795680354,
    7.721339309394));
#1116 = CARTESIAN_POINT('',(12.67699451312,-9.089880446718,
    7.666542036397));
#1117 = CARTESIAN_POINT('',(12.672552257964,-9.096623708272,
    7.611223615023));
#1118 = CARTESIAN_POINT('',(12.670329308849,-9.1,7.555631334804));
#1119 = CARTESIAN_POINT('',(12.670329308849,-9.1,7.445080934056));
#1120 = CARTESIAN_POINT('',(12.672495718872,-9.096709615283,
    7.390198661966));
#1121 = CARTESIAN_POINT('',(12.676825155331,-9.0901375149,7.335579942154
    ));
#1122 = CARTESIAN_POINT('',(12.68322728908,-9.080308064326,
    7.281463305185));
#1123 = CARTESIAN_POINT('',(12.691534567926,-9.067272789231,
    7.22809793879));
#1124 = CARTESIAN_POINT('',(12.71149963187,-9.034954181247,
    7.123333045757));
#1125 = CARTESIAN_POINT('',(12.723162264571,-9.015662915953,
    7.071930463947));
#1126 = CARTESIAN_POINT('',(12.736288182682,-8.993302775753,
    7.021680505478));
#1127 = CARTESIAN_POINT('',(12.750629182537,-8.967920998101,
    6.972743709949));
#1128 = CARTESIAN_POINT('',(12.765911528033,-8.939567804301,
    6.925296724634));
#1129 = CARTESIAN_POINT('',(12.808226539454,-8.856557451111,
    6.803777060129));
#1130 = CARTESIAN_POINT('',(12.836454275924,-8.796725428023,
    6.732467321719));
#1131 = CARTESIAN_POINT('',(12.865272311358,-8.7289621222,6.666415396798
    ));
#1132 = CARTESIAN_POINT('',(12.893323333442,-8.653418628834,
    6.606570542437));
#1133 = CARTESIAN_POINT('',(12.919209641138,-8.57032652531,
    6.554070051069));
#1134 = CARTESIAN_POINT('',(12.959236208383,-8.408460548845,
    6.475548681607));
#1135 = CARTESIAN_POINT('',(12.974750540056,-8.332108236396,
    6.446197951197));
#1136 = CARTESIAN_POINT('',(12.987144424085,-8.251961651893,
    6.423374582996));
#1137 = CARTESIAN_POINT('',(12.995693333427,-8.169107312243,
    6.407830086128));
#1138 = CARTESIAN_POINT('',(13.,-8.084720684606,6.4));
#1139 = CARTESIAN_POINT('',(13.,-8.,6.4));
#1140 = PCURVE('',#618,#1141);
#1141 = DEFINITIONAL_REPRESENTATION('',(#1142),#1190);
#1142 = B_SPLINE_CURVE_WITH_KNOTS('',6,(#1143,#1144,#1145,#1146,#1147,
    #1148,#1149,#1150,#1151,#1152,#1153,#1154,#1155,#1156,#1157,#1158,
    #1159,#1160,#1161,#1162,#1163,#1164,#1165,#1166,#1167,#1168,#1169,
    #1170,#1171,#1172,#1173,#1174,#1175,#1176,#1177,#1178,#1179,#1180,
    #1181,#1182,#1183,#1184,#1185,#1186,#1187,#1188,#1189),
  .UNSPECIFIED.,.F.,.F.,(7,5,5,5,5,5,5,5,5,7),(0.,0.132411497622,
    0.184013177768,0.29898521119,0.398345776703,0.500143064122,
    0.600637002662,0.701234901409,0.867764953361,1.),.UNSPECIFIED.);
#1143 = CARTESIAN_POINT('',(0.,33.1));
#1144 = CARTESIAN_POINT('',(-4.235205114974E-02,33.1));
#1145 = CARTESIAN_POINT('',(-8.453636175153E-02,33.092172979375));
#1146 = CARTESIAN_POINT('',(-0.126090872105,33.076635130387));
#1147 = CARTESIAN_POINT('',(-0.166561693236,33.053821704243));
#1148 = CARTESIAN_POINT('',(-0.205476785443,33.024483113189));
#1149 = CARTESIAN_POINT('',(-0.256750905588,32.976202114014));
#1150 = CARTESIAN_POINT('',(-0.270850855895,32.961815902067));
#1151 = CARTESIAN_POINT('',(-0.284662416463,32.946624247089));
#1152 = CARTESIAN_POINT('',(-0.298175602085,32.930668461414));
#1153 = CARTESIAN_POINT('',(-0.311380297228,32.913989543513));
#1154 = CARTESIAN_POINT('',(-0.352977043775,32.857945881408));
#1155 = CARTESIAN_POINT('',(-0.380101543908,32.815881503977));
#1156 = CARTESIAN_POINT('',(-0.405580747976,32.770815144845));
#1157 = CARTESIAN_POINT('',(-0.429341798126,32.723073588612));
#1158 = CARTESIAN_POINT('',(-0.451299053739,32.67293609552));
#1159 = CARTESIAN_POINT('',(-0.488687945945,32.575445282663));
#1160 = CARTESIAN_POINT('',(-0.504612248619,32.528608282928));
#1161 = CARTESIAN_POINT('',(-0.519047498128,32.480315579706));
#1162 = CARTESIAN_POINT('',(-0.531913903575,32.430736998797));
#1163 = CARTESIAN_POINT('',(-0.54313359668,32.38002700086));
#1164 = CARTESIAN_POINT('',(-0.56236289169,32.27535683454));
#1165 = CARTESIAN_POINT('',(-0.570288639744,32.221339309394));
#1166 = CARTESIAN_POINT('',(-0.576305463269,32.166542036397));
#1167 = CARTESIAN_POINT('',(-0.580343095426,32.111223615023));
#1168 = CARTESIAN_POINT('',(-0.582364237869,32.055631334804));
#1169 = CARTESIAN_POINT('',(-0.582364237869,31.945080934056));
#1170 = CARTESIAN_POINT('',(-0.580394513778,31.890198661966));
#1171 = CARTESIAN_POINT('',(-0.576459390389,31.835579942154));
#1172 = CARTESIAN_POINT('',(-0.570594365393,31.781463305185));
#1173 = CARTESIAN_POINT('',(-0.56286641474,31.72809793879));
#1174 = CARTESIAN_POINT('',(-0.543872361721,31.623333045757));
#1175 = CARTESIAN_POINT('',(-0.532601557609,31.571930463947));
#1176 = CARTESIAN_POINT('',(-0.519639296574,31.521680505478));
#1177 = CARTESIAN_POINT('',(-0.505066400752,31.472743709949));
#1178 = CARTESIAN_POINT('',(-0.488965891554,31.425296724634));
#1179 = CARTESIAN_POINT('',(-0.44237920105,31.303777060129));
#1180 = CARTESIAN_POINT('',(-0.409316467172,31.232467321719));
#1181 = CARTESIAN_POINT('',(-0.372542485906,31.166415396798));
#1182 = CARTESIAN_POINT('',(-0.332327745254,31.106570542437));
#1183 = CARTESIAN_POINT('',(-0.288889458196,31.054070051069));
#1184 = CARTESIAN_POINT('',(-0.205518719291,30.975548681607));
#1185 = CARTESIAN_POINT('',(-0.166596645734,30.946197951197));
#1186 = CARTESIAN_POINT('',(-0.126117372766,30.923374582996));
#1187 = CARTESIAN_POINT('',(-8.455372698288E-02,30.907830086128));
#1188 = CARTESIAN_POINT('',(-4.236034230322E-02,30.9));
#1189 = CARTESIAN_POINT('',(0.,30.9));
#1190 = ( GEOMETRIC_REPRESENTATION_CONTEXT(2) 
PARAMETRIC_REPRESENTATION_CONTEXT() REPRESENTATION_CONTEXT('2D SPACE',''
  ) );
#1191 = PCURVE('',#101,#1192);
#1192 = DEFINITIONAL_REPRESENTATION('',(#1193),#1241);
#1193 = B_SPLINE_CURVE_WITH_KNOTS('',6,(#1194,#1195,#1196,#1197,#1198,
    #1199,#1200,#1201,#1202,#1203,#1204,#1205,#1206,#1207,#1208,#1209,
    #1210,#1211,#1212,#1213,#1214,#1215,#1216,#1217,#1218,#1219,#1220,
    #1221,#1222,#1223,#1224,#1225,#1226,#1227,#1228,#1229,#1230,#1231,
    #1232,#1233,#1234,#1235,#1236,#1237,#1238,#1239,#1240),
  .UNSPECIFIED.,.F.,.F.,(7,5,5,5,5,5,5,5,5,7),(0.,0.132411497622,
    0.184013177768,0.29898521119,0.398345776703,0.500143064122,
    0.600637002662,0.701234901409,0.867764953361,1.),.UNSPECIFIED.);
#1194 = CARTESIAN_POINT('',(1.570796326795,13.));
#1195 = CARTESIAN_POINT('',(1.647800056158,13.));
#1196 = CARTESIAN_POINT('',(1.724498552688,12.995695017447));
#1197 = CARTESIAN_POINT('',(1.800626689049,12.987149770911));
#1198 = CARTESIAN_POINT('',(1.875903781192,12.97476122322));
#1199 = CARTESIAN_POINT('',(1.949985528262,12.95925299796));
#1200 = CARTESIAN_POINT('',(2.050568270488,12.934640766302));
#1201 = CARTESIAN_POINT('',(2.078570365437,12.927390861428));
#1202 = CARTESIAN_POINT('',(2.106375508739,12.919835415095));
#1203 = CARTESIAN_POINT('',(2.133989491383,12.912017509485));
#1204 = CARTESIAN_POINT('',(2.161417144099,12.903980801824));
#1205 = CARTESIAN_POINT('',(2.249366470644,12.877474242881));
#1206 = CARTESIAN_POINT('',(2.30915641151,12.858314652529));
#1207 = CARTESIAN_POINT('',(2.368187772187,12.838743527521));
#1208 = CARTESIAN_POINT('',(2.426598792638,12.819203491181));
#1209 = CARTESIAN_POINT('',(2.484523761318,12.800122191129));
#1210 = CARTESIAN_POINT('',(2.591870251896,12.766166041529));
#1211 = CARTESIAN_POINT('',(2.641411229331,12.751061375758));
#1212 = CARTESIAN_POINT('',(2.690780580342,12.736870947245));
#1213 = CARTESIAN_POINT('',(2.740037227452,12.723858485699));
#1214 = CARTESIAN_POINT('',(2.789249197515,12.712263691987));
#1215 = CARTESIAN_POINT('',(2.888948539881,12.692075660059));
#1216 = CARTESIAN_POINT('',(2.939445270961,12.683560996522));
#1217 = CARTESIAN_POINT('',(2.989958245398,12.67699451312));
#1218 = CARTESIAN_POINT('',(3.040480112717,12.672552257964));
#1219 = CARTESIAN_POINT('',(3.091018712859,12.670329308849));
#1220 = CARTESIAN_POINT('',(3.191519077175,12.670329308849));
#1221 = CARTESIAN_POINT('',(3.241412202102,12.672495718872));
#1222 = CARTESIAN_POINT('',(3.291289183883,12.676825155331));
#1223 = CARTESIAN_POINT('',(3.341157012102,12.68322728908));
#1224 = CARTESIAN_POINT('',(3.391008352457,12.691534567926));
#1225 = CARTESIAN_POINT('',(3.490677952232,12.71149963187));
#1226 = CARTESIAN_POINT('',(3.540500956181,12.723162264571));
#1227 = CARTESIAN_POINT('',(3.590367816151,12.736288182682));
#1228 = CARTESIAN_POINT('',(3.640348835409,12.750629182537));
#1229 = CARTESIAN_POINT('',(3.690504633937,12.765911528033));
#1230 = CARTESIAN_POINT('',(3.824291647347,12.808226539454));
#1231 = CARTESIAN_POINT('',(3.908502497353,12.836454275924));
#1232 = CARTESIAN_POINT('',(3.993876683463,12.865272311358));
#1233 = CARTESIAN_POINT('',(4.080773900819,12.893323333442));
#1234 = CARTESIAN_POINT('',(4.169568907432,12.919209641138));
#1235 = CARTESIAN_POINT('',(4.333119894754,12.959236208383));
#1236 = CARTESIAN_POINT('',(4.407216532663,12.974750540056));
#1237 = CARTESIAN_POINT('',(4.482510105695,12.987144424085));
#1238 = CARTESIAN_POINT('',(4.558655177723,12.995693333427));
#1239 = CARTESIAN_POINT('',(4.635370176197,13.));
#1240 = CARTESIAN_POINT('',(4.712388980385,13.));
#1241 = ( GEOMETRIC_REPRESENTATION_CONTEXT(2) 
PARAMETRIC_REPRESENTATION_CONTEXT() REPRESENTATION_CONTEXT('2D SPACE',''
  ) );
#1242 = ORIENTED_EDGE('',*,*,#686,.F.);
#1243 = ORIENTED_EDGE('',*,*,#1244,.T.);
#1244 = EDGE_CURVE('',#687,#738,#1245,.T.);
#1245 = SURFACE_CURVE('',#1246,(#1294,#1345),.PCURVE_S1.);
#1246 = B_SPLINE_CURVE_WITH_KNOTS('',6,(#1247,#1248,#1249,#1250,#1251,
    #1252,#1253,#1254,#1255,#1256,#1257,#1258,#1259,#1260,#1261,#1262,
    #1263,#1264,#1265,#1266,#1267,#1268,#1269,#1270,#1271,#1272,#1273,
    #1274,#1275,#1276,#1277,#1278,#1279,#1280,#1281,#1282,#1283,#1284,
    #1285,#1286,#1287,#1288,#1289,#1290,#1291,#1292,#1293),
  .UNSPECIFIED.,.F.,.F.,(7,5,5,5,5,5,5,5,5,7),(0.,0.132411497618,
    0.184013177764,0.298985211186,0.3983457767,0.50014306412,
    0.600637002659,0.701234901407,0.86776495336,1.),.UNSPECIFIED.);
#1247 = CARTESIAN_POINT('',(13.,-8.,-21.4));
#1248 = CARTESIAN_POINT('',(13.,-8.084704102299,-21.4));
#1249 = CARTESIAN_POINT('',(12.995695017447,-8.169072579621,
    -21.40782702062));
#1250 = CARTESIAN_POINT('',(12.987149770911,-8.251908815767,
    -21.42336486961));
#1251 = CARTESIAN_POINT('',(12.97476122322,-8.33203901988,
    -21.44617829575));
#1252 = CARTESIAN_POINT('',(12.95925299796,-8.408378306849,
    -21.47551688681));
#1253 = CARTESIAN_POINT('',(12.934640766302,-8.507929196546,
    -21.52379788598));
#1254 = CARTESIAN_POINT('',(12.927390861428,-8.535185737342,
    -21.53818409793));
#1255 = CARTESIAN_POINT('',(12.919835415095,-8.561761584456,
    -21.55337575291));
#1256 = CARTESIAN_POINT('',(12.912017509485,-8.587637925012,
    -21.56933153858));
#1257 = CARTESIAN_POINT('',(12.903980801824,-8.612797925928,
    -21.58601045648));
#1258 = CARTESIAN_POINT('',(12.877474242881,-8.691655770344,
    -21.64205411859));
#1259 = CARTESIAN_POINT('',(12.858314652529,-8.742447338477,
    -21.68411849602));
#1260 = CARTESIAN_POINT('',(12.838743527521,-8.789538978267,
    -21.72918485515));
#1261 = CARTESIAN_POINT('',(12.819203491181,-8.832885966283,
    -21.77692641138));
#1262 = CARTESIAN_POINT('',(12.800122191129,-8.872450048019,
    -21.82706390448));
#1263 = CARTESIAN_POINT('',(12.766166041529,-8.939073594502,
    -21.92455471733));
#1264 = CARTESIAN_POINT('',(12.751061375758,-8.96712185327,
    -21.97139171707));
#1265 = CARTESIAN_POINT('',(12.736870947245,-8.992272268197,
    -22.01968442029));
#1266 = CARTESIAN_POINT('',(12.723858485699,-9.014476640809,
    -22.0692630012));
#1267 = CARTESIAN_POINT('',(12.712263691987,-9.033689465384,
    -22.11997299914));
#1268 = CARTESIAN_POINT('',(12.692075660059,-9.066423339478,
    -22.22464316546));
#1269 = CARTESIAN_POINT('',(12.683560996522,-9.079795680354,
    -22.2786606906));
#1270 = CARTESIAN_POINT('',(12.67699451312,-9.089880446718,
    -22.3334579636));
#1271 = CARTESIAN_POINT('',(12.672552257964,-9.096623708272,
    -22.38877638497));
#1272 = CARTESIAN_POINT('',(12.670329308849,-9.1,-22.44436866519));
#1273 = CARTESIAN_POINT('',(12.670329308849,-9.1,-22.55491906594));
#1274 = CARTESIAN_POINT('',(12.672495718872,-9.096709615283,
    -22.60980133803));
#1275 = CARTESIAN_POINT('',(12.676825155331,-9.0901375149,
    -22.66442005784));
#1276 = CARTESIAN_POINT('',(12.68322728908,-9.080308064326,
    -22.71853669481));
#1277 = CARTESIAN_POINT('',(12.691534567926,-9.067272789231,
    -22.77190206121));
#1278 = CARTESIAN_POINT('',(12.71149963187,-9.034954181247,
    -22.87666695424));
#1279 = CARTESIAN_POINT('',(12.723162264571,-9.015662915953,
    -22.92806953605));
#1280 = CARTESIAN_POINT('',(12.736288182682,-8.993302775753,
    -22.97831949452));
#1281 = CARTESIAN_POINT('',(12.750629182537,-8.967920998101,
    -23.02725629005));
#1282 = CARTESIAN_POINT('',(12.765911528033,-8.939567804301,
    -23.07470327536));
#1283 = CARTESIAN_POINT('',(12.808226539454,-8.856557451111,
    -23.19622293987));
#1284 = CARTESIAN_POINT('',(12.836454275924,-8.796725428023,
    -23.26753267828));
#1285 = CARTESIAN_POINT('',(12.865272311358,-8.7289621222,-23.3335846032
    ));
#1286 = CARTESIAN_POINT('',(12.893323333442,-8.653418628833,
    -23.39342945756));
#1287 = CARTESIAN_POINT('',(12.919209641138,-8.57032652531,
    -23.44592994893));
#1288 = CARTESIAN_POINT('',(12.959236208383,-8.408460548845,
    -23.52445131839));
#1289 = CARTESIAN_POINT('',(12.974750540056,-8.332108236396,
    -23.5538020488));
#1290 = CARTESIAN_POINT('',(12.987144424085,-8.251961651893,
    -23.576625417));
#1291 = CARTESIAN_POINT('',(12.995693333427,-8.169107312243,
    -23.59216991387));
#1292 = CARTESIAN_POINT('',(13.,-8.084720684606,-23.6));
#1293 = CARTESIAN_POINT('',(13.,-8.,-23.6));
#1294 = PCURVE('',#618,#1295);
#1295 = DEFINITIONAL_REPRESENTATION('',(#1296),#1344);
#1296 = B_SPLINE_CURVE_WITH_KNOTS('',6,(#1297,#1298,#1299,#1300,#1301,
    #1302,#1303,#1304,#1305,#1306,#1307,#1308,#1309,#1310,#1311,#1312,
    #1313,#1314,#1315,#1316,#1317,#1318,#1319,#1320,#1321,#1322,#1323,
    #1324,#1325,#1326,#1327,#1328,#1329,#1330,#1331,#1332,#1333,#1334,
    #1335,#1336,#1337,#1338,#1339,#1340,#1341,#1342,#1343),
  .UNSPECIFIED.,.F.,.F.,(7,5,5,5,5,5,5,5,5,7),(0.,0.132411497618,
    0.184013177764,0.298985211186,0.3983457767,0.50014306412,
    0.600637002659,0.701234901407,0.86776495336,1.),.UNSPECIFIED.);
#1297 = CARTESIAN_POINT('',(0.,3.1));
#1298 = CARTESIAN_POINT('',(-4.235205114975E-02,3.1));
#1299 = CARTESIAN_POINT('',(-8.453636175148E-02,3.092172979375));
#1300 = CARTESIAN_POINT('',(-0.126090872105,3.076635130387));
#1301 = CARTESIAN_POINT('',(-0.166561693236,3.053821704243));
#1302 = CARTESIAN_POINT('',(-0.205476785443,3.024483113189));
#1303 = CARTESIAN_POINT('',(-0.256750905589,2.976202114013));
#1304 = CARTESIAN_POINT('',(-0.270850855895,2.961815902067));
#1305 = CARTESIAN_POINT('',(-0.284662416463,2.94662424709));
#1306 = CARTESIAN_POINT('',(-0.298175602085,2.930668461414));
#1307 = CARTESIAN_POINT('',(-0.311380297228,2.913989543513));
#1308 = CARTESIAN_POINT('',(-0.352977043775,2.857945881408));
#1309 = CARTESIAN_POINT('',(-0.380101543908,2.815881503977));
#1310 = CARTESIAN_POINT('',(-0.405580747976,2.770815144845));
#1311 = CARTESIAN_POINT('',(-0.429341798126,2.723073588612));
#1312 = CARTESIAN_POINT('',(-0.451299053739,2.67293609552));
#1313 = CARTESIAN_POINT('',(-0.488687945945,2.575445282662));
#1314 = CARTESIAN_POINT('',(-0.504612248619,2.528608282928));
#1315 = CARTESIAN_POINT('',(-0.519047498128,2.480315579706));
#1316 = CARTESIAN_POINT('',(-0.531913903575,2.430736998797));
#1317 = CARTESIAN_POINT('',(-0.54313359668,2.38002700086));
#1318 = CARTESIAN_POINT('',(-0.56236289169,2.27535683454));
#1319 = CARTESIAN_POINT('',(-0.570288639744,2.221339309394));
#1320 = CARTESIAN_POINT('',(-0.576305463269,2.166542036397));
#1321 = CARTESIAN_POINT('',(-0.580343095426,2.111223615023));
#1322 = CARTESIAN_POINT('',(-0.582364237869,2.055631334804));
#1323 = CARTESIAN_POINT('',(-0.582364237869,1.945080934056));
#1324 = CARTESIAN_POINT('',(-0.580394513778,1.890198661966));
#1325 = CARTESIAN_POINT('',(-0.576459390389,1.835579942154));
#1326 = CARTESIAN_POINT('',(-0.570594365393,1.781463305185));
#1327 = CARTESIAN_POINT('',(-0.56286641474,1.72809793879));
#1328 = CARTESIAN_POINT('',(-0.543872361721,1.623333045757));
#1329 = CARTESIAN_POINT('',(-0.532601557609,1.571930463947));
#1330 = CARTESIAN_POINT('',(-0.519639296574,1.521680505477));
#1331 = CARTESIAN_POINT('',(-0.505066400752,1.472743709949));
#1332 = CARTESIAN_POINT('',(-0.488965891554,1.425296724634));
#1333 = CARTESIAN_POINT('',(-0.44237920105,1.303777060129));
#1334 = CARTESIAN_POINT('',(-0.409316467172,1.232467321719));
#1335 = CARTESIAN_POINT('',(-0.372542485906,1.166415396799));
#1336 = CARTESIAN_POINT('',(-0.332327745254,1.106570542437));
#1337 = CARTESIAN_POINT('',(-0.288889458196,1.054070051069));
#1338 = CARTESIAN_POINT('',(-0.205518719291,0.975548681607));
#1339 = CARTESIAN_POINT('',(-0.166596645734,0.946197951197));
#1340 = CARTESIAN_POINT('',(-0.126117372766,0.923374582996));
#1341 = CARTESIAN_POINT('',(-8.455372698288E-02,0.907830086128));
#1342 = CARTESIAN_POINT('',(-4.236034230323E-02,0.9));
#1343 = CARTESIAN_POINT('',(0.,0.9));
#1344 = ( GEOMETRIC_REPRESENTATION_CONTEXT(2) 
PARAMETRIC_REPRESENTATION_CONTEXT() REPRESENTATION_CONTEXT('2D SPACE',''
  ) );
#1345 = PCURVE('',#177,#1346);
#1346 = DEFINITIONAL_REPRESENTATION('',(#1347),#1395);
#1347 = B_SPLINE_CURVE_WITH_KNOTS('',6,(#1348,#1349,#1350,#1351,#1352,
    #1353,#1354,#1355,#1356,#1357,#1358,#1359,#1360,#1361,#1362,#1363,
    #1364,#1365,#1366,#1367,#1368,#1369,#1370,#1371,#1372,#1373,#1374,
    #1375,#1376,#1377,#1378,#1379,#1380,#1381,#1382,#1383,#1384,#1385,
    #1386,#1387,#1388,#1389,#1390,#1391,#1392,#1393,#1394),
  .UNSPECIFIED.,.F.,.F.,(7,5,5,5,5,5,5,5,5,7),(0.,0.132411497618,
    0.184013177764,0.298985211186,0.3983457767,0.50014306412,
    0.600637002659,0.701234901407,0.86776495336,1.),.UNSPECIFIED.);
#1348 = CARTESIAN_POINT('',(1.570796326795,13.));
#1349 = CARTESIAN_POINT('',(1.647800056158,13.));
#1350 = CARTESIAN_POINT('',(1.724498552688,12.995695017447));
#1351 = CARTESIAN_POINT('',(1.800626689049,12.987149770911));
#1352 = CARTESIAN_POINT('',(1.875903781192,12.97476122322));
#1353 = CARTESIAN_POINT('',(1.949985528262,12.95925299796));
#1354 = CARTESIAN_POINT('',(2.050568270489,12.934640766302));
#1355 = CARTESIAN_POINT('',(2.078570365437,12.927390861428));
#1356 = CARTESIAN_POINT('',(2.106375508738,12.919835415095));
#1357 = CARTESIAN_POINT('',(2.133989491383,12.912017509485));
#1358 = CARTESIAN_POINT('',(2.161417144099,12.903980801824));
#1359 = CARTESIAN_POINT('',(2.249366470644,12.877474242881));
#1360 = CARTESIAN_POINT('',(2.30915641151,12.858314652529));
#1361 = CARTESIAN_POINT('',(2.368187772187,12.838743527521));
#1362 = CARTESIAN_POINT('',(2.426598792638,12.819203491181));
#1363 = CARTESIAN_POINT('',(2.484523761318,12.800122191129));
#1364 = CARTESIAN_POINT('',(2.591870251896,12.766166041529));
#1365 = CARTESIAN_POINT('',(2.641411229331,12.751061375758));
#1366 = CARTESIAN_POINT('',(2.690780580343,12.736870947245));
#1367 = CARTESIAN_POINT('',(2.740037227452,12.723858485699));
#1368 = CARTESIAN_POINT('',(2.789249197515,12.712263691987));
#1369 = CARTESIAN_POINT('',(2.888948539882,12.692075660059));
#1370 = CARTESIAN_POINT('',(2.939445270961,12.683560996522));
#1371 = CARTESIAN_POINT('',(2.989958245398,12.67699451312));
#1372 = CARTESIAN_POINT('',(3.040480112717,12.672552257964));
#1373 = CARTESIAN_POINT('',(3.091018712859,12.670329308849));
#1374 = CARTESIAN_POINT('',(3.191519077175,12.670329308849));
#1375 = CARTESIAN_POINT('',(3.241412202102,12.672495718872));
#1376 = CARTESIAN_POINT('',(3.291289183883,12.676825155331));
#1377 = CARTESIAN_POINT('',(3.341157012102,12.68322728908));
#1378 = CARTESIAN_POINT('',(3.391008352457,12.691534567926));
#1379 = CARTESIAN_POINT('',(3.490677952232,12.71149963187));
#1380 = CARTESIAN_POINT('',(3.540500956181,12.723162264571));
#1381 = CARTESIAN_POINT('',(3.590367816151,12.736288182682));
#1382 = CARTESIAN_POINT('',(3.640348835409,12.750629182537));
#1383 = CARTESIAN_POINT('',(3.690504633937,12.765911528033));
#1384 = CARTESIAN_POINT('',(3.824291647347,12.808226539454));
#1385 = CARTESIAN_POINT('',(3.908502497353,12.836454275924));
#1386 = CARTESIAN_POINT('',(3.993876683462,12.865272311358));
#1387 = CARTESIAN_POINT('',(4.080773900819,12.893323333442));
#1388 = CARTESIAN_POINT('',(4.169568907432,12.919209641138));
#1389 = CARTESIAN_POINT('',(4.333119894754,12.959236208383));
#1390 = CARTESIAN_POINT('',(4.407216532663,12.974750540056));
#1391 = CARTESIAN_POINT('',(4.482510105695,12.987144424085));
#1392 = CARTESIAN_POINT('',(4.558655177723,12.995693333427));
#1393 = CARTESIAN_POINT('',(4.635370176197,13.));
#1394 = CARTESIAN_POINT('',(4.712388980385,13.));
#1395 = ( GEOMETRIC_REPRESENTATION_CONTEXT(2) 
PARAMETRIC_REPRESENTATION_CONTEXT() REPRESENTATION_CONTEXT('2D SPACE',''
  ) );
#1396 = ADVANCED_FACE('',(#1397),#1051,.F.);
#1397 = FACE_BOUND('',#1398,.F.);
#1398 = EDGE_LOOP('',(#1399,#1422,#1445,#1466));
#1399 = ORIENTED_EDGE('',*,*,#1400,.F.);
#1400 = EDGE_CURVE('',#1401,#1008,#1403,.T.);
#1401 = VERTEX_POINT('',#1402);
#1402 = CARTESIAN_POINT('',(-11.,-10.,-24.5));
#1403 = SURFACE_CURVE('',#1404,(#1408,#1415),.PCURVE_S1.);
#1404 = LINE('',#1405,#1406);
#1405 = CARTESIAN_POINT('',(-13.,-10.,-24.5));
#1406 = VECTOR('',#1407,1.);
#1407 = DIRECTION('',(1.,0.,0.));
#1408 = PCURVE('',#1051,#1409);
#1409 = DEFINITIONAL_REPRESENTATION('',(#1410),#1414);
#1410 = LINE('',#1411,#1412);
#1411 = CARTESIAN_POINT('',(0.,0.));
#1412 = VECTOR('',#1413,1.);
#1413 = DIRECTION('',(0.,1.));
#1414 = ( GEOMETRIC_REPRESENTATION_CONTEXT(2) 
PARAMETRIC_REPRESENTATION_CONTEXT() REPRESENTATION_CONTEXT('2D SPACE',''
  ) );
#1415 = PCURVE('',#252,#1416);
#1416 = DEFINITIONAL_REPRESENTATION('',(#1417),#1421);
#1417 = LINE('',#1418,#1419);
#1418 = CARTESIAN_POINT('',(0.,0.));
#1419 = VECTOR('',#1420,1.);
#1420 = DIRECTION('',(1.,0.));
#1421 = ( GEOMETRIC_REPRESENTATION_CONTEXT(2) 
PARAMETRIC_REPRESENTATION_CONTEXT() REPRESENTATION_CONTEXT('2D SPACE',''
  ) );
#1422 = ORIENTED_EDGE('',*,*,#1423,.T.);
#1423 = EDGE_CURVE('',#1401,#1424,#1426,.T.);
#1424 = VERTEX_POINT('',#1425);
#1425 = CARTESIAN_POINT('',(-11.,-10.,9.5));
#1426 = SURFACE_CURVE('',#1427,(#1431,#1438),.PCURVE_S1.);
#1427 = LINE('',#1428,#1429);
#1428 = CARTESIAN_POINT('',(-11.,-10.,-24.5));
#1429 = VECTOR('',#1430,1.);
#1430 = DIRECTION('',(0.,0.,1.));
#1431 = PCURVE('',#1051,#1432);
#1432 = DEFINITIONAL_REPRESENTATION('',(#1433),#1437);
#1433 = LINE('',#1434,#1435);
#1434 = CARTESIAN_POINT('',(0.,2.));
#1435 = VECTOR('',#1436,1.);
#1436 = DIRECTION('',(1.,0.));
#1437 = ( GEOMETRIC_REPRESENTATION_CONTEXT(2) 
PARAMETRIC_REPRESENTATION_CONTEXT() REPRESENTATION_CONTEXT('2D SPACE',''
  ) );
#1438 = PCURVE('',#72,#1439);
#1439 = DEFINITIONAL_REPRESENTATION('',(#1440),#1444);
#1440 = LINE('',#1441,#1442);
#1441 = CARTESIAN_POINT('',(1.570796326795,0.));
#1442 = VECTOR('',#1443,1.);
#1443 = DIRECTION('',(0.,1.));
#1444 = ( GEOMETRIC_REPRESENTATION_CONTEXT(2) 
PARAMETRIC_REPRESENTATION_CONTEXT() REPRESENTATION_CONTEXT('2D SPACE',''
  ) );
#1445 = ORIENTED_EDGE('',*,*,#1446,.T.);
#1446 = EDGE_CURVE('',#1424,#1036,#1447,.T.);
#1447 = SURFACE_CURVE('',#1448,(#1452,#1459),.PCURVE_S1.);
#1448 = LINE('',#1449,#1450);
#1449 = CARTESIAN_POINT('',(-13.,-10.,9.5));
#1450 = VECTOR('',#1451,1.);
#1451 = DIRECTION('',(1.,0.,0.));
#1452 = PCURVE('',#1051,#1453);
#1453 = DEFINITIONAL_REPRESENTATION('',(#1454),#1458);
#1454 = LINE('',#1455,#1456);
#1455 = CARTESIAN_POINT('',(34.,0.));
#1456 = VECTOR('',#1457,1.);
#1457 = DIRECTION('',(0.,1.));
#1458 = ( GEOMETRIC_REPRESENTATION_CONTEXT(2) 
PARAMETRIC_REPRESENTATION_CONTEXT() REPRESENTATION_CONTEXT('2D SPACE',''
  ) );
#1459 = PCURVE('',#44,#1460);
#1460 = DEFINITIONAL_REPRESENTATION('',(#1461),#1465);
#1461 = LINE('',#1462,#1463);
#1462 = CARTESIAN_POINT('',(0.,0.));
#1463 = VECTOR('',#1464,1.);
#1464 = DIRECTION('',(1.,0.));
#1465 = ( GEOMETRIC_REPRESENTATION_CONTEXT(2) 
PARAMETRIC_REPRESENTATION_CONTEXT() REPRESENTATION_CONTEXT('2D SPACE',''
  ) );
#1466 = ORIENTED_EDGE('',*,*,#1035,.F.);
#1467 = ADVANCED_FACE('',(#1468),#827,.T.);
#1468 = FACE_BOUND('',#1469,.T.);
#1469 = EDGE_LOOP('',(#1470,#1471,#1495,#1523,#1545,#1546,#1641,#1734,
    #1735,#1830));
#1470 = ORIENTED_EDGE('',*,*,#811,.F.);
#1471 = ORIENTED_EDGE('',*,*,#1472,.T.);
#1472 = EDGE_CURVE('',#789,#1473,#1475,.T.);
#1473 = VERTEX_POINT('',#1474);
#1474 = CARTESIAN_POINT('',(11.,10.,-24.5));
#1475 = SURFACE_CURVE('',#1476,(#1481,#1488),.PCURVE_S1.);
#1476 = CIRCLE('',#1477,2.);
#1477 = AXIS2_PLACEMENT_3D('',#1478,#1479,#1480);
#1478 = CARTESIAN_POINT('',(11.,8.,-24.5));
#1479 = DIRECTION('',(0.,0.,1.));
#1480 = DIRECTION('',(0.,-1.,0.));
#1481 = PCURVE('',#827,#1482);
#1482 = DEFINITIONAL_REPRESENTATION('',(#1483),#1487);
#1483 = LINE('',#1484,#1485);
#1484 = CARTESIAN_POINT('',(-1.570796326795,0.));
#1485 = VECTOR('',#1486,1.);
#1486 = DIRECTION('',(1.,0.));
#1487 = ( GEOMETRIC_REPRESENTATION_CONTEXT(2) 
PARAMETRIC_REPRESENTATION_CONTEXT() REPRESENTATION_CONTEXT('2D SPACE',''
  ) );
#1488 = PCURVE('',#252,#1489);
#1489 = DEFINITIONAL_REPRESENTATION('',(#1490),#1494);
#1490 = CIRCLE('',#1491,2.);
#1491 = AXIS2_PLACEMENT_2D('',#1492,#1493);
#1492 = CARTESIAN_POINT('',(24.,18.));
#1493 = DIRECTION('',(0.,-1.));
#1494 = ( GEOMETRIC_REPRESENTATION_CONTEXT(2) 
PARAMETRIC_REPRESENTATION_CONTEXT() REPRESENTATION_CONTEXT('2D SPACE',''
  ) );
#1495 = ORIENTED_EDGE('',*,*,#1496,.T.);
#1496 = EDGE_CURVE('',#1473,#1497,#1499,.T.);
#1497 = VERTEX_POINT('',#1498);
#1498 = CARTESIAN_POINT('',(11.,10.,9.5));
#1499 = SURFACE_CURVE('',#1500,(#1504,#1511),.PCURVE_S1.);
#1500 = LINE('',#1501,#1502);
#1501 = CARTESIAN_POINT('',(11.,10.,-24.5));
#1502 = VECTOR('',#1503,1.);
#1503 = DIRECTION('',(0.,0.,1.));
#1504 = PCURVE('',#827,#1505);
#1505 = DEFINITIONAL_REPRESENTATION('',(#1506),#1510);
#1506 = LINE('',#1507,#1508);
#1507 = CARTESIAN_POINT('',(1.570796326795,0.));
#1508 = VECTOR('',#1509,1.);
#1509 = DIRECTION('',(0.,1.));
#1510 = ( GEOMETRIC_REPRESENTATION_CONTEXT(2) 
PARAMETRIC_REPRESENTATION_CONTEXT() REPRESENTATION_CONTEXT('2D SPACE',''
  ) );
#1511 = PCURVE('',#1512,#1517);
#1512 = PLANE('',#1513);
#1513 = AXIS2_PLACEMENT_3D('',#1514,#1515,#1516);
#1514 = CARTESIAN_POINT('',(-13.,10.,-24.5));
#1515 = DIRECTION('',(0.,1.,0.));
#1516 = DIRECTION('',(0.,0.,1.));
#1517 = DEFINITIONAL_REPRESENTATION('',(#1518),#1522);
#1518 = LINE('',#1519,#1520);
#1519 = CARTESIAN_POINT('',(0.,24.));
#1520 = VECTOR('',#1521,1.);
#1521 = DIRECTION('',(1.,0.));
#1522 = ( GEOMETRIC_REPRESENTATION_CONTEXT(2) 
PARAMETRIC_REPRESENTATION_CONTEXT() REPRESENTATION_CONTEXT('2D SPACE',''
  ) );
#1523 = ORIENTED_EDGE('',*,*,#1524,.F.);
#1524 = EDGE_CURVE('',#580,#1497,#1525,.T.);
#1525 = SURFACE_CURVE('',#1526,(#1531,#1538),.PCURVE_S1.);
#1526 = CIRCLE('',#1527,2.);
#1527 = AXIS2_PLACEMENT_3D('',#1528,#1529,#1530);
#1528 = CARTESIAN_POINT('',(11.,8.,9.5));
#1529 = DIRECTION('',(0.,0.,1.));
#1530 = DIRECTION('',(0.,-1.,0.));
#1531 = PCURVE('',#827,#1532);
#1532 = DEFINITIONAL_REPRESENTATION('',(#1533),#1537);
#1533 = LINE('',#1534,#1535);
#1534 = CARTESIAN_POINT('',(-1.570796326795,34.));
#1535 = VECTOR('',#1536,1.);
#1536 = DIRECTION('',(1.,0.));
#1537 = ( GEOMETRIC_REPRESENTATION_CONTEXT(2) 
PARAMETRIC_REPRESENTATION_CONTEXT() REPRESENTATION_CONTEXT('2D SPACE',''
  ) );
#1538 = PCURVE('',#44,#1539);
#1539 = DEFINITIONAL_REPRESENTATION('',(#1540),#1544);
#1540 = CIRCLE('',#1541,2.);
#1541 = AXIS2_PLACEMENT_2D('',#1542,#1543);
#1542 = CARTESIAN_POINT('',(24.,18.));
#1543 = DIRECTION('',(0.,-1.));
#1544 = ( GEOMETRIC_REPRESENTATION_CONTEXT(2) 
PARAMETRIC_REPRESENTATION_CONTEXT() REPRESENTATION_CONTEXT('2D SPACE',''
  ) );
#1545 = ORIENTED_EDGE('',*,*,#918,.F.);
#1546 = ORIENTED_EDGE('',*,*,#1547,.F.);
#1547 = EDGE_CURVE('',#1548,#891,#1550,.T.);
#1548 = VERTEX_POINT('',#1549);
#1549 = CARTESIAN_POINT('',(12.670329308849,9.1,7.5));
#1550 = SURFACE_CURVE('',#1551,(#1579,#1610),.PCURVE_S1.);
#1551 = B_SPLINE_CURVE_WITH_KNOTS('',6,(#1552,#1553,#1554,#1555,#1556,
    #1557,#1558,#1559,#1560,#1561,#1562,#1563,#1564,#1565,#1566,#1567,
    #1568,#1569,#1570,#1571,#1572,#1573,#1574,#1575,#1576,#1577,#1578),
  .UNSPECIFIED.,.F.,.F.,(7,5,5,5,5,7),(0.,0.200940196651,0.402088264393,
    0.568112421318,0.735230505845,1.),.UNSPECIFIED.);
#1552 = CARTESIAN_POINT('',(12.670329308849,9.1,7.5));
#1553 = CARTESIAN_POINT('',(12.670329308849,9.1,7.554919065944));
#1554 = CARTESIAN_POINT('',(12.672495718872,9.096709615283,
    7.609801338034));
#1555 = CARTESIAN_POINT('',(12.676825155331,9.0901375149,7.664420057846)
  );
#1556 = CARTESIAN_POINT('',(12.68322728908,9.080308064326,7.718536694815
    ));
#1557 = CARTESIAN_POINT('',(12.691534567926,9.067272789231,7.77190206121
    ));
#1558 = CARTESIAN_POINT('',(12.71149963187,9.034954181247,7.876666954243
    ));
#1559 = CARTESIAN_POINT('',(12.723162264571,9.015662915953,
    7.928069536053));
#1560 = CARTESIAN_POINT('',(12.736288182682,8.993302775753,
    7.978319494522));
#1561 = CARTESIAN_POINT('',(12.750629182537,8.967920998101,
    8.027256290051));
#1562 = CARTESIAN_POINT('',(12.765911528033,8.939567804301,
    8.074703275366));
#1563 = CARTESIAN_POINT('',(12.794999804902,8.882504647387,
    8.158238586533));
#1564 = CARTESIAN_POINT('',(12.808604205761,8.854708517756,
    8.194882728158));
#1565 = CARTESIAN_POINT('',(12.822506869774,8.824934660554,
    8.230310839834));
#1566 = CARTESIAN_POINT('',(12.836549291017,8.793197145384,
    8.264423501379));
#1567 = CARTESIAN_POINT('',(12.850568687939,8.75951010837,8.297108785841
    ));
#1568 = CARTESIAN_POINT('',(12.878320306168,8.688035031864,
    8.359578621049));
#1569 = CARTESIAN_POINT('',(12.892056142053,8.650205651455,
    8.389356393019));
#1570 = CARTESIAN_POINT('',(12.905426130026,8.610441974627,
    8.417420236731));
#1571 = CARTESIAN_POINT('',(12.91824749167,8.568793985459,8.443610620463
    ));
#1572 = CARTESIAN_POINT('',(12.930338205891,8.525323015781,
    8.467761202638));
#1573 = CARTESIAN_POINT('',(12.959236208383,8.408460548845,
    8.524451318393));
#1574 = CARTESIAN_POINT('',(12.974750540056,8.332108236396,
    8.553802048803));
#1575 = CARTESIAN_POINT('',(12.987144424085,8.251961651893,
    8.576625417004));
#1576 = CARTESIAN_POINT('',(12.995693333427,8.169107312243,
    8.592169913872));
#1577 = CARTESIAN_POINT('',(13.,8.084720684606,8.6));
#1578 = CARTESIAN_POINT('',(13.,8.,8.6));
#1579 = PCURVE('',#827,#1580);
#1580 = DEFINITIONAL_REPRESENTATION('',(#1581),#1609);
#1581 = B_SPLINE_CURVE_WITH_KNOTS('',6,(#1582,#1583,#1584,#1585,#1586,
    #1587,#1588,#1589,#1590,#1591,#1592,#1593,#1594,#1595,#1596,#1597,
    #1598,#1599,#1600,#1601,#1602,#1603,#1604,#1605,#1606,#1607,#1608),
  .UNSPECIFIED.,.F.,.F.,(7,5,5,5,5,7),(0.,0.200940196651,0.402088264393,
    0.568112421318,0.735230505845,1.),.UNSPECIFIED.);
#1582 = CARTESIAN_POINT('',(0.582364237869,32.));
#1583 = CARTESIAN_POINT('',(0.582364237869,32.054919065944));
#1584 = CARTESIAN_POINT('',(0.580394513778,32.109801338034));
#1585 = CARTESIAN_POINT('',(0.576459390389,32.164420057846));
#1586 = CARTESIAN_POINT('',(0.570594365393,32.218536694815));
#1587 = CARTESIAN_POINT('',(0.56286641474,32.27190206121));
#1588 = CARTESIAN_POINT('',(0.543872361721,32.376666954243));
#1589 = CARTESIAN_POINT('',(0.532601557609,32.428069536053));
#1590 = CARTESIAN_POINT('',(0.519639296574,32.478319494522));
#1591 = CARTESIAN_POINT('',(0.505066400752,32.527256290051));
#1592 = CARTESIAN_POINT('',(0.488965891554,32.574703275366));
#1593 = CARTESIAN_POINT('',(0.456941167792,32.658238586533));
#1594 = CARTESIAN_POINT('',(0.441469810229,32.694882728158));
#1595 = CARTESIAN_POINT('',(0.425044266569,32.730310839834));
#1596 = CARTESIAN_POINT('',(0.407697565772,32.764423501379));
#1597 = CARTESIAN_POINT('',(0.389458925115,32.797108785841));
#1598 = CARTESIAN_POINT('',(0.351122131835,32.859578621049));
#1599 = CARTESIAN_POINT('',(0.331004047863,32.889356393019));
#1600 = CARTESIAN_POINT('',(0.310037839599,32.917420236731));
#1601 = CARTESIAN_POINT('',(0.288261063792,32.943610620463));
#1602 = CARTESIAN_POINT('',(0.265709936936,32.967761202638));
#1603 = CARTESIAN_POINT('',(0.205518719291,33.024451318393));
#1604 = CARTESIAN_POINT('',(0.166596645734,33.053802048803));
#1605 = CARTESIAN_POINT('',(0.126117372766,33.076625417004));
#1606 = CARTESIAN_POINT('',(8.455372698286E-02,33.092169913872));
#1607 = CARTESIAN_POINT('',(4.236034230324E-02,33.1));
#1608 = CARTESIAN_POINT('',(0.,33.1));
#1609 = ( GEOMETRIC_REPRESENTATION_CONTEXT(2) 
PARAMETRIC_REPRESENTATION_CONTEXT() REPRESENTATION_CONTEXT('2D SPACE',''
  ) );
#1610 = PCURVE('',#361,#1611);
#1611 = DEFINITIONAL_REPRESENTATION('',(#1612),#1640);
#1612 = B_SPLINE_CURVE_WITH_KNOTS('',6,(#1613,#1614,#1615,#1616,#1617,
    #1618,#1619,#1620,#1621,#1622,#1623,#1624,#1625,#1626,#1627,#1628,
    #1629,#1630,#1631,#1632,#1633,#1634,#1635,#1636,#1637,#1638,#1639),
  .UNSPECIFIED.,.F.,.F.,(7,5,5,5,5,7),(0.,0.200940196651,0.402088264393,
    0.568112421318,0.735230505845,1.),.UNSPECIFIED.);
#1613 = CARTESIAN_POINT('',(0.,12.670329308849));
#1614 = CARTESIAN_POINT('',(4.992642358505E-02,12.670329308849));
#1615 = CARTESIAN_POINT('',(9.981954851207E-02,12.672495718872));
#1616 = CARTESIAN_POINT('',(0.149696530294,12.676825155331));
#1617 = CARTESIAN_POINT('',(0.199564358512,12.68322728908));
#1618 = CARTESIAN_POINT('',(0.249415698867,12.691534567926));
#1619 = CARTESIAN_POINT('',(0.349085298642,12.71149963187));
#1620 = CARTESIAN_POINT('',(0.398908302591,12.723162264571));
#1621 = CARTESIAN_POINT('',(0.448775162561,12.736288182682));
#1622 = CARTESIAN_POINT('',(0.498756181819,12.750629182537));
#1623 = CARTESIAN_POINT('',(0.548911980347,12.765911528033));
#1624 = CARTESIAN_POINT('',(0.640880139088,12.794999804902));
#1625 = CARTESIAN_POINT('',(0.682641030209,12.808604205761));
#1626 = CARTESIAN_POINT('',(0.724632714016,12.822506869774));
#1627 = CARTESIAN_POINT('',(0.766908197149,12.836549291017));
#1628 = CARTESIAN_POINT('',(0.809521049049,12.850568687939));
#1629 = CARTESIAN_POINT('',(0.895818472818,12.878320306168));
#1630 = CARTESIAN_POINT('',(0.939527262789,12.892056142053));
#1631 = CARTESIAN_POINT('',(0.983680868427,12.905426130026));
#1632 = CARTESIAN_POINT('',(1.028309464942,12.91824749167));
#1633 = CARTESIAN_POINT('',(1.073448246025,12.930338205891));
#1634 = CARTESIAN_POINT('',(1.191527241165,12.959236208383));
#1635 = CARTESIAN_POINT('',(1.265623879073,12.974750540056));
#1636 = CARTESIAN_POINT('',(1.340917452105,12.987144424085));
#1637 = CARTESIAN_POINT('',(1.417062524133,12.995693333427));
#1638 = CARTESIAN_POINT('',(1.493777522607,13.));
#1639 = CARTESIAN_POINT('',(1.570796326795,13.));
#1640 = ( GEOMETRIC_REPRESENTATION_CONTEXT(2) 
PARAMETRIC_REPRESENTATION_CONTEXT() REPRESENTATION_CONTEXT('2D SPACE',''
  ) );
#1641 = ORIENTED_EDGE('',*,*,#1642,.F.);
#1642 = EDGE_CURVE('',#868,#1548,#1643,.T.);
#1643 = SURFACE_CURVE('',#1644,(#1672,#1703),.PCURVE_S1.);
#1644 = B_SPLINE_CURVE_WITH_KNOTS('',6,(#1645,#1646,#1647,#1648,#1649,
    #1650,#1651,#1652,#1653,#1654,#1655,#1656,#1657,#1658,#1659,#1660,
    #1661,#1662,#1663,#1664,#1665,#1666,#1667,#1668,#1669,#1670,#1671),
  .UNSPECIFIED.,.F.,.F.,(7,5,5,5,5,7),(0.,0.264747243573,0.367921082914,
    0.597799375088,0.796463662653,1.),.UNSPECIFIED.);
#1645 = CARTESIAN_POINT('',(13.,8.,6.4));
#1646 = CARTESIAN_POINT('',(13.,8.084704102299,6.4));
#1647 = CARTESIAN_POINT('',(12.995695017447,8.169072579622,
    6.407827020625));
#1648 = CARTESIAN_POINT('',(12.987149770911,8.251908815767,
    6.423364869613));
#1649 = CARTESIAN_POINT('',(12.97476122322,8.33203901988,6.446178295757)
  );
#1650 = CARTESIAN_POINT('',(12.95925299796,8.408378306849,6.475516886811
    ));
#1651 = CARTESIAN_POINT('',(12.934640766302,8.507929196547,
    6.523797885987));
#1652 = CARTESIAN_POINT('',(12.927390861428,8.535185737342,
    6.538184097933));
#1653 = CARTESIAN_POINT('',(12.919835415095,8.561761584456,6.55337575291
    ));
#1654 = CARTESIAN_POINT('',(12.912017509485,8.587637925012,
    6.569331538586));
#1655 = CARTESIAN_POINT('',(12.903980801824,8.612797925928,
    6.586010456487));
#1656 = CARTESIAN_POINT('',(12.877474242881,8.691655770344,
    6.642054118592));
#1657 = CARTESIAN_POINT('',(12.858314652529,8.742447338477,
    6.684118496023));
#1658 = CARTESIAN_POINT('',(12.838743527521,8.789538978267,
    6.729184855155));
#1659 = CARTESIAN_POINT('',(12.819203491181,8.832885966283,
    6.776926411388));
#1660 = CARTESIAN_POINT('',(12.800122191129,8.872450048019,6.82706390448
    ));
#1661 = CARTESIAN_POINT('',(12.766166041529,8.939073594502,
    6.924554717337));
#1662 = CARTESIAN_POINT('',(12.751061375758,8.96712185327,6.971391717072
    ));
#1663 = CARTESIAN_POINT('',(12.736870947245,8.992272268197,
    7.019684420294));
#1664 = CARTESIAN_POINT('',(12.723858485699,9.014476640809,
    7.069263001203));
#1665 = CARTESIAN_POINT('',(12.712263691987,9.033689465384,7.11997299914
    ));
#1666 = CARTESIAN_POINT('',(12.692075660059,9.066423339478,7.22464316546
    ));
#1667 = CARTESIAN_POINT('',(12.683560996522,9.079795680354,
    7.278660690606));
#1668 = CARTESIAN_POINT('',(12.67699451312,9.089880446718,7.333457963603
    ));
#1669 = CARTESIAN_POINT('',(12.672552257964,9.096623708272,
    7.388776384977));
#1670 = CARTESIAN_POINT('',(12.670329308849,9.1,7.444368665196));
#1671 = CARTESIAN_POINT('',(12.670329308849,9.1,7.5));
#1672 = PCURVE('',#827,#1673);
#1673 = DEFINITIONAL_REPRESENTATION('',(#1674),#1702);
#1674 = B_SPLINE_CURVE_WITH_KNOTS('',6,(#1675,#1676,#1677,#1678,#1679,
    #1680,#1681,#1682,#1683,#1684,#1685,#1686,#1687,#1688,#1689,#1690,
    #1691,#1692,#1693,#1694,#1695,#1696,#1697,#1698,#1699,#1700,#1701),
  .UNSPECIFIED.,.F.,.F.,(7,5,5,5,5,7),(0.,0.264747243573,0.367921082914,
    0.597799375088,0.796463662653,1.),.UNSPECIFIED.);
#1675 = CARTESIAN_POINT('',(0.,30.9));
#1676 = CARTESIAN_POINT('',(4.235205114974E-02,30.9));
#1677 = CARTESIAN_POINT('',(8.453636175151E-02,30.907827020625));
#1678 = CARTESIAN_POINT('',(0.126090872105,30.923364869613));
#1679 = CARTESIAN_POINT('',(0.166561693236,30.946178295757));
#1680 = CARTESIAN_POINT('',(0.205476785443,30.975516886811));
#1681 = CARTESIAN_POINT('',(0.256750905589,31.023797885987));
#1682 = CARTESIAN_POINT('',(0.270850855895,31.038184097933));
#1683 = CARTESIAN_POINT('',(0.284662416462,31.05337575291));
#1684 = CARTESIAN_POINT('',(0.298175602085,31.069331538586));
#1685 = CARTESIAN_POINT('',(0.311380297228,31.086010456487));
#1686 = CARTESIAN_POINT('',(0.352977043775,31.142054118592));
#1687 = CARTESIAN_POINT('',(0.380101543908,31.184118496023));
#1688 = CARTESIAN_POINT('',(0.405580747976,31.229184855155));
#1689 = CARTESIAN_POINT('',(0.429341798126,31.276926411388));
#1690 = CARTESIAN_POINT('',(0.451299053739,31.32706390448));
#1691 = CARTESIAN_POINT('',(0.488687945945,31.424554717337));
#1692 = CARTESIAN_POINT('',(0.504612248619,31.471391717072));
#1693 = CARTESIAN_POINT('',(0.519047498128,31.519684420294));
#1694 = CARTESIAN_POINT('',(0.531913903575,31.569263001203));
#1695 = CARTESIAN_POINT('',(0.54313359668,31.61997299914));
#1696 = CARTESIAN_POINT('',(0.56236289169,31.72464316546));
#1697 = CARTESIAN_POINT('',(0.570288639744,31.778660690606));
#1698 = CARTESIAN_POINT('',(0.576305463269,31.833457963603));
#1699 = CARTESIAN_POINT('',(0.580343095426,31.888776384977));
#1700 = CARTESIAN_POINT('',(0.582364237869,31.944368665196));
#1701 = CARTESIAN_POINT('',(0.582364237869,32.));
#1702 = ( GEOMETRIC_REPRESENTATION_CONTEXT(2) 
PARAMETRIC_REPRESENTATION_CONTEXT() REPRESENTATION_CONTEXT('2D SPACE',''
  ) );
#1703 = PCURVE('',#361,#1704);
#1704 = DEFINITIONAL_REPRESENTATION('',(#1705),#1733);
#1705 = B_SPLINE_CURVE_WITH_KNOTS('',6,(#1706,#1707,#1708,#1709,#1710,
    #1711,#1712,#1713,#1714,#1715,#1716,#1717,#1718,#1719,#1720,#1721,
    #1722,#1723,#1724,#1725,#1726,#1727,#1728,#1729,#1730,#1731,#1732),
  .UNSPECIFIED.,.F.,.F.,(7,5,5,5,5,7),(0.,0.264747243573,0.367921082914,
    0.597799375088,0.796463662653,1.),.UNSPECIFIED.);
#1706 = CARTESIAN_POINT('',(4.712388980385,13.));
#1707 = CARTESIAN_POINT('',(4.789392709748,13.));
#1708 = CARTESIAN_POINT('',(4.866091206278,12.995695017447));
#1709 = CARTESIAN_POINT('',(4.942219342638,12.987149770911));
#1710 = CARTESIAN_POINT('',(5.017496434782,12.97476122322));
#1711 = CARTESIAN_POINT('',(5.091578181852,12.95925299796));
#1712 = CARTESIAN_POINT('',(5.192160924079,12.934640766302));
#1713 = CARTESIAN_POINT('',(5.220163019026,12.927390861428));
#1714 = CARTESIAN_POINT('',(5.247968162328,12.919835415095));
#1715 = CARTESIAN_POINT('',(5.275582144973,12.912017509485));
#1716 = CARTESIAN_POINT('',(5.303009797689,12.903980801824));
#1717 = CARTESIAN_POINT('',(5.390959124234,12.877474242881));
#1718 = CARTESIAN_POINT('',(5.4507490651,12.858314652529));
#1719 = CARTESIAN_POINT('',(5.509780425776,12.838743527521));
#1720 = CARTESIAN_POINT('',(5.568191446228,12.819203491181));
#1721 = CARTESIAN_POINT('',(5.626116414908,12.800122191129));
#1722 = CARTESIAN_POINT('',(5.733462905485,12.766166041529));
#1723 = CARTESIAN_POINT('',(5.783003882921,12.751061375758));
#1724 = CARTESIAN_POINT('',(5.832373233932,12.736870947245));
#1725 = CARTESIAN_POINT('',(5.881629881042,12.723858485699));
#1726 = CARTESIAN_POINT('',(5.930841851105,12.712263691987));
#1727 = CARTESIAN_POINT('',(6.030541193471,12.692075660059));
#1728 = CARTESIAN_POINT('',(6.081037924551,12.683560996522));
#1729 = CARTESIAN_POINT('',(6.131550898988,12.67699451312));
#1730 = CARTESIAN_POINT('',(6.182072766307,12.672552257964));
#1731 = CARTESIAN_POINT('',(6.232611366449,12.670329308849));
#1732 = CARTESIAN_POINT('',(6.28318530718,12.670329308849));
#1733 = ( GEOMETRIC_REPRESENTATION_CONTEXT(2) 
PARAMETRIC_REPRESENTATION_CONTEXT() REPRESENTATION_CONTEXT('2D SPACE',''
  ) );
#1734 = ORIENTED_EDGE('',*,*,#867,.F.);
#1735 = ORIENTED_EDGE('',*,*,#1736,.F.);
#1736 = EDGE_CURVE('',#1737,#840,#1739,.T.);
#1737 = VERTEX_POINT('',#1738);
#1738 = CARTESIAN_POINT('',(12.670329308849,9.1,-22.5));
#1739 = SURFACE_CURVE('',#1740,(#1768,#1799),.PCURVE_S1.);
#1740 = B_SPLINE_CURVE_WITH_KNOTS('',6,(#1741,#1742,#1743,#1744,#1745,
    #1746,#1747,#1748,#1749,#1750,#1751,#1752,#1753,#1754,#1755,#1756,
    #1757,#1758,#1759,#1760,#1761,#1762,#1763,#1764,#1765,#1766,#1767),
  .UNSPECIFIED.,.F.,.F.,(7,5,5,5,5,7),(0.,0.200940196706,0.402088264502,
    0.568112421472,0.735230505982,1.),.UNSPECIFIED.);
#1741 = CARTESIAN_POINT('',(12.670329308849,9.1,-22.5));
#1742 = CARTESIAN_POINT('',(12.670329308849,9.1,-22.44508093405));
#1743 = CARTESIAN_POINT('',(12.672495718872,9.096709615283,
    -22.39019866196));
#1744 = CARTESIAN_POINT('',(12.676825155331,9.0901375149,-22.33557994215
    ));
#1745 = CARTESIAN_POINT('',(12.68322728908,9.080308064326,
    -22.28146330518));
#1746 = CARTESIAN_POINT('',(12.691534567926,9.067272789231,
    -22.22809793879));
#1747 = CARTESIAN_POINT('',(12.71149963187,9.034954181247,
    -22.12333304575));
#1748 = CARTESIAN_POINT('',(12.723162264571,9.015662915953,
    -22.07193046394));
#1749 = CARTESIAN_POINT('',(12.736288182682,8.993302775753,
    -22.02168050547));
#1750 = CARTESIAN_POINT('',(12.750629182537,8.967920998101,
    -21.97274370994));
#1751 = CARTESIAN_POINT('',(12.765911528033,8.939567804301,
    -21.92529672463));
#1752 = CARTESIAN_POINT('',(12.794999804902,8.882504647387,
    -21.84176141346));
#1753 = CARTESIAN_POINT('',(12.808604205761,8.854708517756,
    -21.80511727184));
#1754 = CARTESIAN_POINT('',(12.822506869774,8.824934660554,
    -21.76968916016));
#1755 = CARTESIAN_POINT('',(12.836549291017,8.793197145384,
    -21.73557649862));
#1756 = CARTESIAN_POINT('',(12.850568687939,8.75951010837,
    -21.70289121415));
#1757 = CARTESIAN_POINT('',(12.878320306163,8.688035031877,
    -21.64042137896));
#1758 = CARTESIAN_POINT('',(12.892056142055,8.650205651452,
    -21.61064360697));
#1759 = CARTESIAN_POINT('',(12.905426130031,8.61044197461,
    -21.58257976325));
#1760 = CARTESIAN_POINT('',(12.918247491671,8.568793985453,
    -21.55638937953));
#1761 = CARTESIAN_POINT('',(12.930338205886,8.5253230158,-21.53223879737
    ));
#1762 = CARTESIAN_POINT('',(12.959236208383,8.408460548845,
    -21.4755486816));
#1763 = CARTESIAN_POINT('',(12.974750540056,8.332108236396,
    -21.44619795119));
#1764 = CARTESIAN_POINT('',(12.987144424085,8.251961651893,
    -21.42337458299));
#1765 = CARTESIAN_POINT('',(12.995693333427,8.169107312243,
    -21.40783008612));
#1766 = CARTESIAN_POINT('',(13.,8.084720684606,-21.4));
#1767 = CARTESIAN_POINT('',(13.,8.,-21.4));
#1768 = PCURVE('',#827,#1769);
#1769 = DEFINITIONAL_REPRESENTATION('',(#1770),#1798);
#1770 = B_SPLINE_CURVE_WITH_KNOTS('',6,(#1771,#1772,#1773,#1774,#1775,
    #1776,#1777,#1778,#1779,#1780,#1781,#1782,#1783,#1784,#1785,#1786,
    #1787,#1788,#1789,#1790,#1791,#1792,#1793,#1794,#1795,#1796,#1797),
  .UNSPECIFIED.,.F.,.F.,(7,5,5,5,5,7),(0.,0.200940196706,0.402088264502,
    0.568112421472,0.735230505982,1.),.UNSPECIFIED.);
#1771 = CARTESIAN_POINT('',(0.582364237869,2.));
#1772 = CARTESIAN_POINT('',(0.582364237869,2.054919065944));
#1773 = CARTESIAN_POINT('',(0.580394513778,2.109801338034));
#1774 = CARTESIAN_POINT('',(0.576459390389,2.164420057846));
#1775 = CARTESIAN_POINT('',(0.570594365393,2.218536694815));
#1776 = CARTESIAN_POINT('',(0.56286641474,2.27190206121));
#1777 = CARTESIAN_POINT('',(0.543872361721,2.376666954243));
#1778 = CARTESIAN_POINT('',(0.532601557609,2.428069536053));
#1779 = CARTESIAN_POINT('',(0.519639296574,2.478319494523));
#1780 = CARTESIAN_POINT('',(0.505066400752,2.527256290051));
#1781 = CARTESIAN_POINT('',(0.488965891554,2.574703275366));
#1782 = CARTESIAN_POINT('',(0.456941167792,2.658238586533));
#1783 = CARTESIAN_POINT('',(0.441469810229,2.694882728158));
#1784 = CARTESIAN_POINT('',(0.425044266569,2.730310839834));
#1785 = CARTESIAN_POINT('',(0.407697565772,2.764423501379));
#1786 = CARTESIAN_POINT('',(0.389458925115,2.797108785841));
#1787 = CARTESIAN_POINT('',(0.351122131842,2.859578621037));
#1788 = CARTESIAN_POINT('',(0.331004047861,2.889356393025));
#1789 = CARTESIAN_POINT('',(0.31003783959,2.917420236742));
#1790 = CARTESIAN_POINT('',(0.288261063789,2.943610620464));
#1791 = CARTESIAN_POINT('',(0.265709936946,2.967761202629));
#1792 = CARTESIAN_POINT('',(0.205518719291,3.024451318393));
#1793 = CARTESIAN_POINT('',(0.166596645734,3.053802048803));
#1794 = CARTESIAN_POINT('',(0.126117372766,3.076625417004));
#1795 = CARTESIAN_POINT('',(8.455372698287E-02,3.092169913872));
#1796 = CARTESIAN_POINT('',(4.236034230323E-02,3.1));
#1797 = CARTESIAN_POINT('',(0.,3.1));
#1798 = ( GEOMETRIC_REPRESENTATION_CONTEXT(2) 
PARAMETRIC_REPRESENTATION_CONTEXT() REPRESENTATION_CONTEXT('2D SPACE',''
  ) );
#1799 = PCURVE('',#309,#1800);
#1800 = DEFINITIONAL_REPRESENTATION('',(#1801),#1829);
#1801 = B_SPLINE_CURVE_WITH_KNOTS('',6,(#1802,#1803,#1804,#1805,#1806,
    #1807,#1808,#1809,#1810,#1811,#1812,#1813,#1814,#1815,#1816,#1817,
    #1818,#1819,#1820,#1821,#1822,#1823,#1824,#1825,#1826,#1827,#1828),
  .UNSPECIFIED.,.F.,.F.,(7,5,5,5,5,7),(0.,0.200940196706,0.402088264502,
    0.568112421472,0.735230505982,1.),.UNSPECIFIED.);
#1802 = CARTESIAN_POINT('',(0.,12.670329308849));
#1803 = CARTESIAN_POINT('',(4.992642358505E-02,12.670329308849));
#1804 = CARTESIAN_POINT('',(9.981954851208E-02,12.672495718872));
#1805 = CARTESIAN_POINT('',(0.149696530294,12.676825155331));
#1806 = CARTESIAN_POINT('',(0.199564358512,12.68322728908));
#1807 = CARTESIAN_POINT('',(0.249415698867,12.691534567926));
#1808 = CARTESIAN_POINT('',(0.349085298642,12.71149963187));
#1809 = CARTESIAN_POINT('',(0.398908302591,12.723162264571));
#1810 = CARTESIAN_POINT('',(0.448775162561,12.736288182682));
#1811 = CARTESIAN_POINT('',(0.498756181819,12.750629182537));
#1812 = CARTESIAN_POINT('',(0.548911980347,12.765911528033));
#1813 = CARTESIAN_POINT('',(0.640880139088,12.794999804902));
#1814 = CARTESIAN_POINT('',(0.682641030209,12.808604205761));
#1815 = CARTESIAN_POINT('',(0.724632714017,12.822506869774));
#1816 = CARTESIAN_POINT('',(0.766908197149,12.836549291017));
#1817 = CARTESIAN_POINT('',(0.809521049049,12.850568687939));
#1818 = CARTESIAN_POINT('',(0.895818472802,12.878320306163));
#1819 = CARTESIAN_POINT('',(0.939527262794,12.892056142055));
#1820 = CARTESIAN_POINT('',(0.983680868446,12.905426130031));
#1821 = CARTESIAN_POINT('',(1.028309464947,12.918247491671));
#1822 = CARTESIAN_POINT('',(1.073448246006,12.930338205886));
#1823 = CARTESIAN_POINT('',(1.191527241165,12.959236208383));
#1824 = CARTESIAN_POINT('',(1.265623879073,12.974750540056));
#1825 = CARTESIAN_POINT('',(1.340917452105,12.987144424085));
#1826 = CARTESIAN_POINT('',(1.417062524133,12.995693333427));
#1827 = CARTESIAN_POINT('',(1.493777522607,13.));
#1828 = CARTESIAN_POINT('',(1.570796326795,13.));
#1829 = ( GEOMETRIC_REPRESENTATION_CONTEXT(2) 
PARAMETRIC_REPRESENTATION_CONTEXT() REPRESENTATION_CONTEXT('2D SPACE',''
  ) );
#1830 = ORIENTED_EDGE('',*,*,#1831,.F.);
#1831 = EDGE_CURVE('',#812,#1737,#1832,.T.);
#1832 = SURFACE_CURVE('',#1833,(#1861,#1892),.PCURVE_S1.);
#1833 = B_SPLINE_CURVE_WITH_KNOTS('',6,(#1834,#1835,#1836,#1837,#1838,
    #1839,#1840,#1841,#1842,#1843,#1844,#1845,#1846,#1847,#1848,#1849,
    #1850,#1851,#1852,#1853,#1854,#1855,#1856,#1857,#1858,#1859,#1860),
  .UNSPECIFIED.,.F.,.F.,(7,5,5,5,5,7),(0.,0.264747243564,0.367921082905,
    0.597799375082,0.796463662651,1.),.UNSPECIFIED.);
#1834 = CARTESIAN_POINT('',(13.,8.,-23.6));
#1835 = CARTESIAN_POINT('',(13.,8.084704102299,-23.6));
#1836 = CARTESIAN_POINT('',(12.995695017447,8.169072579622,
    -23.59217297937));
#1837 = CARTESIAN_POINT('',(12.987149770911,8.251908815767,
    -23.57663513038));
#1838 = CARTESIAN_POINT('',(12.97476122322,8.33203901988,-23.55382170424
    ));
#1839 = CARTESIAN_POINT('',(12.95925299796,8.408378306849,
    -23.52448311318));
#1840 = CARTESIAN_POINT('',(12.934640766302,8.507929196547,
    -23.47620211401));
#1841 = CARTESIAN_POINT('',(12.927390861428,8.535185737342,
    -23.46181590206));
#1842 = CARTESIAN_POINT('',(12.919835415095,8.561761584456,
    -23.44662424709));
#1843 = CARTESIAN_POINT('',(12.912017509485,8.587637925012,
    -23.43066846141));
#1844 = CARTESIAN_POINT('',(12.903980801824,8.612797925929,
    -23.41398954351));
#1845 = CARTESIAN_POINT('',(12.877474242881,8.691655770344,
    -23.3579458814));
#1846 = CARTESIAN_POINT('',(12.858314652529,8.742447338477,
    -23.31588150397));
#1847 = CARTESIAN_POINT('',(12.838743527521,8.789538978267,
    -23.27081514484));
#1848 = CARTESIAN_POINT('',(12.819203491181,8.832885966283,
    -23.22307358861));
#1849 = CARTESIAN_POINT('',(12.800122191129,8.872450048019,
    -23.17293609552));
#1850 = CARTESIAN_POINT('',(12.766166041529,8.939073594502,
    -23.07544528266));
#1851 = CARTESIAN_POINT('',(12.751061375758,8.96712185327,
    -23.02860828292));
#1852 = CARTESIAN_POINT('',(12.736870947245,8.992272268197,
    -22.9803155797));
#1853 = CARTESIAN_POINT('',(12.723858485699,9.014476640809,
    -22.93073699879));
#1854 = CARTESIAN_POINT('',(12.712263691987,9.033689465384,
    -22.88002700086));
#1855 = CARTESIAN_POINT('',(12.692075660059,9.066423339478,
    -22.77535683454));
#1856 = CARTESIAN_POINT('',(12.683560996522,9.079795680354,
    -22.72133930939));
#1857 = CARTESIAN_POINT('',(12.67699451312,9.089880446718,
    -22.66654203639));
#1858 = CARTESIAN_POINT('',(12.672552257964,9.096623708272,
    -22.61122361502));
#1859 = CARTESIAN_POINT('',(12.670329308849,9.1,-22.5556313348));
#1860 = CARTESIAN_POINT('',(12.670329308849,9.1,-22.5));
#1861 = PCURVE('',#827,#1862);
#1862 = DEFINITIONAL_REPRESENTATION('',(#1863),#1891);
#1863 = B_SPLINE_CURVE_WITH_KNOTS('',6,(#1864,#1865,#1866,#1867,#1868,
    #1869,#1870,#1871,#1872,#1873,#1874,#1875,#1876,#1877,#1878,#1879,
    #1880,#1881,#1882,#1883,#1884,#1885,#1886,#1887,#1888,#1889,#1890),
  .UNSPECIFIED.,.F.,.F.,(7,5,5,5,5,7),(0.,0.264747243564,0.367921082905,
    0.597799375082,0.796463662651,1.),.UNSPECIFIED.);
#1864 = CARTESIAN_POINT('',(0.,0.9));
#1865 = CARTESIAN_POINT('',(4.235205114974E-02,0.9));
#1866 = CARTESIAN_POINT('',(8.453636175151E-02,0.907827020625));
#1867 = CARTESIAN_POINT('',(0.126090872105,0.923364869613));
#1868 = CARTESIAN_POINT('',(0.166561693236,0.946178295757));
#1869 = CARTESIAN_POINT('',(0.205476785443,0.975516886811));
#1870 = CARTESIAN_POINT('',(0.256750905589,1.023797885987));
#1871 = CARTESIAN_POINT('',(0.270850855895,1.038184097933));
#1872 = CARTESIAN_POINT('',(0.284662416462,1.05337575291));
#1873 = CARTESIAN_POINT('',(0.298175602085,1.069331538586));
#1874 = CARTESIAN_POINT('',(0.311380297229,1.086010456488));
#1875 = CARTESIAN_POINT('',(0.352977043775,1.142054118592));
#1876 = CARTESIAN_POINT('',(0.380101543908,1.184118496023));
#1877 = CARTESIAN_POINT('',(0.405580747976,1.229184855155));
#1878 = CARTESIAN_POINT('',(0.429341798126,1.276926411388));
#1879 = CARTESIAN_POINT('',(0.451299053739,1.32706390448));
#1880 = CARTESIAN_POINT('',(0.488687945945,1.424554717338));
#1881 = CARTESIAN_POINT('',(0.504612248619,1.471391717072));
#1882 = CARTESIAN_POINT('',(0.519047498128,1.519684420294));
#1883 = CARTESIAN_POINT('',(0.531913903575,1.569263001203));
#1884 = CARTESIAN_POINT('',(0.54313359668,1.61997299914));
#1885 = CARTESIAN_POINT('',(0.56236289169,1.72464316546));
#1886 = CARTESIAN_POINT('',(0.570288639744,1.778660690606));
#1887 = CARTESIAN_POINT('',(0.576305463269,1.833457963603));
#1888 = CARTESIAN_POINT('',(0.580343095426,1.888776384977));
#1889 = CARTESIAN_POINT('',(0.582364237869,1.944368665196));
#1890 = CARTESIAN_POINT('',(0.582364237869,2.));
#1891 = ( GEOMETRIC_REPRESENTATION_CONTEXT(2) 
PARAMETRIC_REPRESENTATION_CONTEXT() REPRESENTATION_CONTEXT('2D SPACE',''
  ) );
#1892 = PCURVE('',#309,#1893);
#1893 = DEFINITIONAL_REPRESENTATION('',(#1894),#1922);
#1894 = B_SPLINE_CURVE_WITH_KNOTS('',6,(#1895,#1896,#1897,#1898,#1899,
    #1900,#1901,#1902,#1903,#1904,#1905,#1906,#1907,#1908,#1909,#1910,
    #1911,#1912,#1913,#1914,#1915,#1916,#1917,#1918,#1919,#1920,#1921),
  .UNSPECIFIED.,.F.,.F.,(7,5,5,5,5,7),(0.,0.264747243564,0.367921082905,
    0.597799375082,0.796463662651,1.),.UNSPECIFIED.);
#1895 = CARTESIAN_POINT('',(4.712388980385,13.));
#1896 = CARTESIAN_POINT('',(4.789392709748,13.));
#1897 = CARTESIAN_POINT('',(4.866091206278,12.995695017447));
#1898 = CARTESIAN_POINT('',(4.942219342638,12.987149770911));
#1899 = CARTESIAN_POINT('',(5.017496434782,12.97476122322));
#1900 = CARTESIAN_POINT('',(5.091578181852,12.95925299796));
#1901 = CARTESIAN_POINT('',(5.192160924079,12.934640766302));
#1902 = CARTESIAN_POINT('',(5.220163019026,12.927390861428));
#1903 = CARTESIAN_POINT('',(5.247968162328,12.919835415095));
#1904 = CARTESIAN_POINT('',(5.275582144973,12.912017509485));
#1905 = CARTESIAN_POINT('',(5.30300979769,12.903980801824));
#1906 = CARTESIAN_POINT('',(5.390959124234,12.877474242881));
#1907 = CARTESIAN_POINT('',(5.4507490651,12.858314652529));
#1908 = CARTESIAN_POINT('',(5.509780425777,12.838743527521));
#1909 = CARTESIAN_POINT('',(5.568191446228,12.819203491181));
#1910 = CARTESIAN_POINT('',(5.626116414908,12.800122191129));
#1911 = CARTESIAN_POINT('',(5.733462905485,12.766166041529));
#1912 = CARTESIAN_POINT('',(5.783003882921,12.751061375758));
#1913 = CARTESIAN_POINT('',(5.832373233932,12.736870947245));
#1914 = CARTESIAN_POINT('',(5.881629881042,12.723858485699));
#1915 = CARTESIAN_POINT('',(5.930841851105,12.712263691987));
#1916 = CARTESIAN_POINT('',(6.030541193471,12.692075660059));
#1917 = CARTESIAN_POINT('',(6.081037924551,12.683560996522));
#1918 = CARTESIAN_POINT('',(6.131550898988,12.67699451312));
#1919 = CARTESIAN_POINT('',(6.182072766307,12.672552257964));
#1920 = CARTESIAN_POINT('',(6.232611366449,12.670329308849));
#1921 = CARTESIAN_POINT('',(6.28318530718,12.670329308849));
#1922 = ( GEOMETRIC_REPRESENTATION_CONTEXT(2) 
PARAMETRIC_REPRESENTATION_CONTEXT() REPRESENTATION_CONTEXT('2D SPACE',''
  ) );
#1923 = ADVANCED_FACE('',(#1924),#1512,.T.);
#1924 = FACE_BOUND('',#1925,.T.);
#1925 = EDGE_LOOP('',(#1926,#1949,#1972,#1993));
#1926 = ORIENTED_EDGE('',*,*,#1927,.F.);
#1927 = EDGE_CURVE('',#1928,#1473,#1930,.T.);
#1928 = VERTEX_POINT('',#1929);
#1929 = CARTESIAN_POINT('',(-11.,10.,-24.5));
#1930 = SURFACE_CURVE('',#1931,(#1935,#1942),.PCURVE_S1.);
#1931 = LINE('',#1932,#1933);
#1932 = CARTESIAN_POINT('',(-13.,10.,-24.5));
#1933 = VECTOR('',#1934,1.);
#1934 = DIRECTION('',(1.,0.,0.));
#1935 = PCURVE('',#1512,#1936);
#1936 = DEFINITIONAL_REPRESENTATION('',(#1937),#1941);
#1937 = LINE('',#1938,#1939);
#1938 = CARTESIAN_POINT('',(0.,0.));
#1939 = VECTOR('',#1940,1.);
#1940 = DIRECTION('',(0.,1.));
#1941 = ( GEOMETRIC_REPRESENTATION_CONTEXT(2) 
PARAMETRIC_REPRESENTATION_CONTEXT() REPRESENTATION_CONTEXT('2D SPACE',''
  ) );
#1942 = PCURVE('',#252,#1943);
#1943 = DEFINITIONAL_REPRESENTATION('',(#1944),#1948);
#1944 = LINE('',#1945,#1946);
#1945 = CARTESIAN_POINT('',(0.,20.));
#1946 = VECTOR('',#1947,1.);
#1947 = DIRECTION('',(1.,0.));
#1948 = ( GEOMETRIC_REPRESENTATION_CONTEXT(2) 
PARAMETRIC_REPRESENTATION_CONTEXT() REPRESENTATION_CONTEXT('2D SPACE',''
  ) );
#1949 = ORIENTED_EDGE('',*,*,#1950,.T.);
#1950 = EDGE_CURVE('',#1928,#1951,#1953,.T.);
#1951 = VERTEX_POINT('',#1952);
#1952 = CARTESIAN_POINT('',(-11.,10.,9.5));
#1953 = SURFACE_CURVE('',#1954,(#1958,#1965),.PCURVE_S1.);
#1954 = LINE('',#1955,#1956);
#1955 = CARTESIAN_POINT('',(-11.,10.,-24.5));
#1956 = VECTOR('',#1957,1.);
#1957 = DIRECTION('',(0.,0.,1.));
#1958 = PCURVE('',#1512,#1959);
#1959 = DEFINITIONAL_REPRESENTATION('',(#1960),#1964);
#1960 = LINE('',#1961,#1962);
#1961 = CARTESIAN_POINT('',(0.,2.));
#1962 = VECTOR('',#1963,1.);
#1963 = DIRECTION('',(1.,0.));
#1964 = ( GEOMETRIC_REPRESENTATION_CONTEXT(2) 
PARAMETRIC_REPRESENTATION_CONTEXT() REPRESENTATION_CONTEXT('2D SPACE',''
  ) );
#1965 = PCURVE('',#280,#1966);
#1966 = DEFINITIONAL_REPRESENTATION('',(#1967),#1971);
#1967 = LINE('',#1968,#1969);
#1968 = CARTESIAN_POINT('',(-1.570796326795,0.));
#1969 = VECTOR('',#1970,1.);
#1970 = DIRECTION('',(-0.,1.));
#1971 = ( GEOMETRIC_REPRESENTATION_CONTEXT(2) 
PARAMETRIC_REPRESENTATION_CONTEXT() REPRESENTATION_CONTEXT('2D SPACE',''
  ) );
#1972 = ORIENTED_EDGE('',*,*,#1973,.T.);
#1973 = EDGE_CURVE('',#1951,#1497,#1974,.T.);
#1974 = SURFACE_CURVE('',#1975,(#1979,#1986),.PCURVE_S1.);
#1975 = LINE('',#1976,#1977);
#1976 = CARTESIAN_POINT('',(-13.,10.,9.5));
#1977 = VECTOR('',#1978,1.);
#1978 = DIRECTION('',(1.,0.,0.));
#1979 = PCURVE('',#1512,#1980);
#1980 = DEFINITIONAL_REPRESENTATION('',(#1981),#1985);
#1981 = LINE('',#1982,#1983);
#1982 = CARTESIAN_POINT('',(34.,0.));
#1983 = VECTOR('',#1984,1.);
#1984 = DIRECTION('',(0.,1.));
#1985 = ( GEOMETRIC_REPRESENTATION_CONTEXT(2) 
PARAMETRIC_REPRESENTATION_CONTEXT() REPRESENTATION_CONTEXT('2D SPACE',''
  ) );
#1986 = PCURVE('',#44,#1987);
#1987 = DEFINITIONAL_REPRESENTATION('',(#1988),#1992);
#1988 = LINE('',#1989,#1990);
#1989 = CARTESIAN_POINT('',(0.,20.));
#1990 = VECTOR('',#1991,1.);
#1991 = DIRECTION('',(1.,0.));
#1992 = ( GEOMETRIC_REPRESENTATION_CONTEXT(2) 
PARAMETRIC_REPRESENTATION_CONTEXT() REPRESENTATION_CONTEXT('2D SPACE',''
  ) );
#1993 = ORIENTED_EDGE('',*,*,#1496,.F.);
#1994 = ADVANCED_FACE('',(#1995),#439,.T.);
#1995 = FACE_BOUND('',#1996,.T.);
#1996 = EDGE_LOOP('',(#1997,#2018,#2019,#2020));
#1997 = ORIENTED_EDGE('',*,*,#1998,.F.);
#1998 = EDGE_CURVE('',#399,#944,#1999,.T.);
#1999 = SURFACE_CURVE('',#2000,(#2004,#2011),.PCURVE_S1.);
#2000 = LINE('',#2001,#2002);
#2001 = CARTESIAN_POINT('',(-16.,-6.25,-24.25));
#2002 = VECTOR('',#2003,1.);
#2003 = DIRECTION('',(1.,0.,0.));
#2004 = PCURVE('',#439,#2005);
#2005 = DEFINITIONAL_REPRESENTATION('',(#2006),#2010);
#2006 = LINE('',#2007,#2008);
#2007 = CARTESIAN_POINT('',(0.,0.));
#2008 = VECTOR('',#2009,1.);
#2009 = DIRECTION('',(0.,1.));
#2010 = ( GEOMETRIC_REPRESENTATION_CONTEXT(2) 
PARAMETRIC_REPRESENTATION_CONTEXT() REPRESENTATION_CONTEXT('2D SPACE',''
  ) );
#2011 = PCURVE('',#413,#2012);
#2012 = DEFINITIONAL_REPRESENTATION('',(#2013),#2017);
#2013 = LINE('',#2014,#2015);
#2014 = CARTESIAN_POINT('',(0.,0.));
#2015 = VECTOR('',#2016,1.);
#2016 = DIRECTION('',(1.,0.));
#2017 = ( GEOMETRIC_REPRESENTATION_CONTEXT(2) 
PARAMETRIC_REPRESENTATION_CONTEXT() REPRESENTATION_CONTEXT('2D SPACE',''
  ) );
#2018 = ORIENTED_EDGE('',*,*,#424,.T.);
#2019 = ORIENTED_EDGE('',*,*,#527,.T.);
#2020 = ORIENTED_EDGE('',*,*,#964,.F.);
#2021 = ADVANCED_FACE('',(#2022),#489,.F.);
#2022 = FACE_BOUND('',#2023,.F.);
#2023 = EDGE_LOOP('',(#2024,#2045,#2046,#2047));
#2024 = ORIENTED_EDGE('',*,*,#2025,.F.);
#2025 = EDGE_CURVE('',#397,#942,#2026,.T.);
#2026 = SURFACE_CURVE('',#2027,(#2031,#2038),.PCURVE_S1.);
#2027 = LINE('',#2028,#2029);
#2028 = CARTESIAN_POINT('',(-16.,6.25,-24.25));
#2029 = VECTOR('',#2030,1.);
#2030 = DIRECTION('',(1.,0.,0.));
#2031 = PCURVE('',#489,#2032);
#2032 = DEFINITIONAL_REPRESENTATION('',(#2033),#2037);
#2033 = LINE('',#2034,#2035);
#2034 = CARTESIAN_POINT('',(0.,0.));
#2035 = VECTOR('',#2036,1.);
#2036 = DIRECTION('',(0.,1.));
#2037 = ( GEOMETRIC_REPRESENTATION_CONTEXT(2) 
PARAMETRIC_REPRESENTATION_CONTEXT() REPRESENTATION_CONTEXT('2D SPACE',''
  ) );
#2038 = PCURVE('',#413,#2039);
#2039 = DEFINITIONAL_REPRESENTATION('',(#2040),#2044);
#2040 = LINE('',#2041,#2042);
#2041 = CARTESIAN_POINT('',(0.,12.5));
#2042 = VECTOR('',#2043,1.);
#2043 = DIRECTION('',(1.,0.));
#2044 = ( GEOMETRIC_REPRESENTATION_CONTEXT(2) 
PARAMETRIC_REPRESENTATION_CONTEXT() REPRESENTATION_CONTEXT('2D SPACE',''
  ) );
#2045 = ORIENTED_EDGE('',*,*,#476,.T.);
#2046 = ORIENTED_EDGE('',*,*,#503,.T.);
#2047 = ORIENTED_EDGE('',*,*,#984,.F.);
#2048 = ADVANCED_FACE('',(#2049),#413,.T.);
#2049 = FACE_BOUND('',#2050,.T.);
#2050 = EDGE_LOOP('',(#2051,#2052,#2053,#2054));
#2051 = ORIENTED_EDGE('',*,*,#2025,.F.);
#2052 = ORIENTED_EDGE('',*,*,#396,.T.);
#2053 = ORIENTED_EDGE('',*,*,#1998,.T.);
#2054 = ORIENTED_EDGE('',*,*,#941,.F.);
#2055 = ADVANCED_FACE('',(#2056),#101,.F.);
#2056 = FACE_BOUND('',#2057,.F.);
#2057 = EDGE_LOOP('',(#2058,#2059,#2212,#2213,#2234,#2235,#2236,#2237));
#2058 = ORIENTED_EDGE('',*,*,#84,.T.);
#2059 = ORIENTED_EDGE('',*,*,#2060,.T.);
#2060 = EDGE_CURVE('',#57,#114,#2061,.T.);
#2061 = SURFACE_CURVE('',#2062,(#2110,#2161),.PCURVE_S1.);
#2062 = B_SPLINE_CURVE_WITH_KNOTS('',6,(#2063,#2064,#2065,#2066,#2067,
    #2068,#2069,#2070,#2071,#2072,#2073,#2074,#2075,#2076,#2077,#2078,
    #2079,#2080,#2081,#2082,#2083,#2084,#2085,#2086,#2087,#2088,#2089,
    #2090,#2091,#2092,#2093,#2094,#2095,#2096,#2097,#2098,#2099,#2100,
    #2101,#2102,#2103,#2104,#2105,#2106,#2107,#2108,#2109),
  .UNSPECIFIED.,.F.,.F.,(7,5,5,5,5,5,5,5,5,7),(0.,0.132411497622,
    0.184013177768,0.298985211189,0.398345776703,0.500143064122,
    0.600637002661,0.701234901409,0.867764953361,1.),.UNSPECIFIED.);
#2063 = CARTESIAN_POINT('',(-13.,-8.,8.6));
#2064 = CARTESIAN_POINT('',(-13.,-8.084704102299,8.6));
#2065 = CARTESIAN_POINT('',(-12.99569501744,-8.169072579622,
    8.592172979375));
#2066 = CARTESIAN_POINT('',(-12.98714977091,-8.251908815767,
    8.576635130387));
#2067 = CARTESIAN_POINT('',(-12.97476122322,-8.33203901988,
    8.553821704243));
#2068 = CARTESIAN_POINT('',(-12.95925299796,-8.408378306849,
    8.524483113189));
#2069 = CARTESIAN_POINT('',(-12.9346407663,-8.507929196546,
    8.476202114014));
#2070 = CARTESIAN_POINT('',(-12.92739086142,-8.535185737342,
    8.461815902067));
#2071 = CARTESIAN_POINT('',(-12.91983541509,-8.561761584457,
    8.446624247089));
#2072 = CARTESIAN_POINT('',(-12.91201750948,-8.587637925013,
    8.430668461414));
#2073 = CARTESIAN_POINT('',(-12.90398080182,-8.612797925928,
    8.413989543513));
#2074 = CARTESIAN_POINT('',(-12.87747424288,-8.691655770344,
    8.357945881408));
#2075 = CARTESIAN_POINT('',(-12.85831465252,-8.742447338477,
    8.315881503977));
#2076 = CARTESIAN_POINT('',(-12.83874352752,-8.789538978267,
    8.270815144845));
#2077 = CARTESIAN_POINT('',(-12.81920349118,-8.832885966283,
    8.223073588612));
#2078 = CARTESIAN_POINT('',(-12.80012219112,-8.872450048019,
    8.17293609552));
#2079 = CARTESIAN_POINT('',(-12.76616604152,-8.939073594502,
    8.075445282663));
#2080 = CARTESIAN_POINT('',(-12.75106137575,-8.96712185327,
    8.028608282928));
#2081 = CARTESIAN_POINT('',(-12.73687094724,-8.992272268197,
    7.980315579706));
#2082 = CARTESIAN_POINT('',(-12.72385848569,-9.014476640809,
    7.930736998797));
#2083 = CARTESIAN_POINT('',(-12.71226369198,-9.033689465384,
    7.88002700086));
#2084 = CARTESIAN_POINT('',(-12.69207566005,-9.066423339478,
    7.77535683454));
#2085 = CARTESIAN_POINT('',(-12.68356099652,-9.079795680354,
    7.721339309394));
#2086 = CARTESIAN_POINT('',(-12.67699451312,-9.089880446718,
    7.666542036397));
#2087 = CARTESIAN_POINT('',(-12.67255225796,-9.096623708272,
    7.611223615023));
#2088 = CARTESIAN_POINT('',(-12.67032930884,-9.1,7.555631334804));
#2089 = CARTESIAN_POINT('',(-12.67032930884,-9.1,7.445080934056));
#2090 = CARTESIAN_POINT('',(-12.67249571887,-9.096709615283,
    7.390198661966));
#2091 = CARTESIAN_POINT('',(-12.67682515533,-9.0901375149,7.335579942154
    ));
#2092 = CARTESIAN_POINT('',(-12.68322728908,-9.080308064326,
    7.281463305185));
#2093 = CARTESIAN_POINT('',(-12.69153456792,-9.067272789231,
    7.22809793879));
#2094 = CARTESIAN_POINT('',(-12.71149963187,-9.034954181247,
    7.123333045757));
#2095 = CARTESIAN_POINT('',(-12.72316226457,-9.015662915953,
    7.071930463947));
#2096 = CARTESIAN_POINT('',(-12.73628818268,-8.993302775753,
    7.021680505477));
#2097 = CARTESIAN_POINT('',(-12.75062918253,-8.967920998101,
    6.972743709949));
#2098 = CARTESIAN_POINT('',(-12.76591152803,-8.939567804301,
    6.925296724634));
#2099 = CARTESIAN_POINT('',(-12.80822653945,-8.856557451111,
    6.803777060129));
#2100 = CARTESIAN_POINT('',(-12.83645427592,-8.796725428023,
    6.732467321719));
#2101 = CARTESIAN_POINT('',(-12.86527231135,-8.7289621222,6.666415396798
    ));
#2102 = CARTESIAN_POINT('',(-12.89332333344,-8.653418628833,
    6.606570542437));
#2103 = CARTESIAN_POINT('',(-12.91920964113,-8.57032652531,
    6.554070051069));
#2104 = CARTESIAN_POINT('',(-12.95923620838,-8.408460548845,
    6.475548681607));
#2105 = CARTESIAN_POINT('',(-12.97475054005,-8.332108236396,
    6.446197951197));
#2106 = CARTESIAN_POINT('',(-12.98714442408,-8.251961651894,
    6.423374582997));
#2107 = CARTESIAN_POINT('',(-12.99569333342,-8.169107312243,
    6.407830086128));
#2108 = CARTESIAN_POINT('',(-13.,-8.084720684607,6.4));
#2109 = CARTESIAN_POINT('',(-13.,-8.,6.4));
#2110 = PCURVE('',#101,#2111);
#2111 = DEFINITIONAL_REPRESENTATION('',(#2112),#2160);
#2112 = B_SPLINE_CURVE_WITH_KNOTS('',6,(#2113,#2114,#2115,#2116,#2117,
    #2118,#2119,#2120,#2121,#2122,#2123,#2124,#2125,#2126,#2127,#2128,
    #2129,#2130,#2131,#2132,#2133,#2134,#2135,#2136,#2137,#2138,#2139,
    #2140,#2141,#2142,#2143,#2144,#2145,#2146,#2147,#2148,#2149,#2150,
    #2151,#2152,#2153,#2154,#2155,#2156,#2157,#2158,#2159),
  .UNSPECIFIED.,.F.,.F.,(7,5,5,5,5,5,5,5,5,7),(0.,0.132411497622,
    0.184013177768,0.298985211189,0.398345776703,0.500143064122,
    0.600637002661,0.701234901409,0.867764953361,1.),.UNSPECIFIED.);
#2113 = CARTESIAN_POINT('',(1.570796326795,-13.));
#2114 = CARTESIAN_POINT('',(1.647800056158,-13.));
#2115 = CARTESIAN_POINT('',(1.724498552688,-12.99569501744));
#2116 = CARTESIAN_POINT('',(1.800626689049,-12.98714977091));
#2117 = CARTESIAN_POINT('',(1.875903781192,-12.97476122322));
#2118 = CARTESIAN_POINT('',(1.949985528262,-12.95925299796));
#2119 = CARTESIAN_POINT('',(2.050568270488,-12.9346407663));
#2120 = CARTESIAN_POINT('',(2.078570365437,-12.92739086142));
#2121 = CARTESIAN_POINT('',(2.106375508739,-12.91983541509));
#2122 = CARTESIAN_POINT('',(2.133989491383,-12.91201750948));
#2123 = CARTESIAN_POINT('',(2.161417144099,-12.90398080182));
#2124 = CARTESIAN_POINT('',(2.249366470644,-12.87747424288));
#2125 = CARTESIAN_POINT('',(2.30915641151,-12.85831465252));
#2126 = CARTESIAN_POINT('',(2.368187772187,-12.83874352752));
#2127 = CARTESIAN_POINT('',(2.426598792638,-12.81920349118));
#2128 = CARTESIAN_POINT('',(2.484523761318,-12.80012219112));
#2129 = CARTESIAN_POINT('',(2.591870251896,-12.76616604152));
#2130 = CARTESIAN_POINT('',(2.641411229331,-12.75106137575));
#2131 = CARTESIAN_POINT('',(2.690780580342,-12.73687094724));
#2132 = CARTESIAN_POINT('',(2.740037227452,-12.72385848569));
#2133 = CARTESIAN_POINT('',(2.789249197515,-12.71226369198));
#2134 = CARTESIAN_POINT('',(2.888948539882,-12.69207566005));
#2135 = CARTESIAN_POINT('',(2.939445270961,-12.68356099652));
#2136 = CARTESIAN_POINT('',(2.989958245398,-12.67699451312));
#2137 = CARTESIAN_POINT('',(3.040480112717,-12.67255225796));
#2138 = CARTESIAN_POINT('',(3.091018712859,-12.67032930884));
#2139 = CARTESIAN_POINT('',(3.191519077175,-12.67032930884));
#2140 = CARTESIAN_POINT('',(3.241412202102,-12.67249571887));
#2141 = CARTESIAN_POINT('',(3.291289183883,-12.67682515533));
#2142 = CARTESIAN_POINT('',(3.341157012102,-12.68322728908));
#2143 = CARTESIAN_POINT('',(3.391008352457,-12.69153456792));
#2144 = CARTESIAN_POINT('',(3.490677952232,-12.71149963187));
#2145 = CARTESIAN_POINT('',(3.540500956181,-12.72316226457));
#2146 = CARTESIAN_POINT('',(3.590367816151,-12.73628818268));
#2147 = CARTESIAN_POINT('',(3.640348835409,-12.75062918253));
#2148 = CARTESIAN_POINT('',(3.690504633937,-12.76591152803));
#2149 = CARTESIAN_POINT('',(3.824291647347,-12.80822653945));
#2150 = CARTESIAN_POINT('',(3.908502497353,-12.83645427592));
#2151 = CARTESIAN_POINT('',(3.993876683463,-12.86527231135));
#2152 = CARTESIAN_POINT('',(4.080773900819,-12.89332333344));
#2153 = CARTESIAN_POINT('',(4.169568907432,-12.91920964113));
#2154 = CARTESIAN_POINT('',(4.333119894754,-12.95923620838));
#2155 = CARTESIAN_POINT('',(4.407216532663,-12.97475054005));
#2156 = CARTESIAN_POINT('',(4.482510105695,-12.98714442408));
#2157 = CARTESIAN_POINT('',(4.558655177723,-12.99569333342));
#2158 = CARTESIAN_POINT('',(4.635370176197,-13.));
#2159 = CARTESIAN_POINT('',(4.712388980385,-13.));
#2160 = ( GEOMETRIC_REPRESENTATION_CONTEXT(2) 
PARAMETRIC_REPRESENTATION_CONTEXT() REPRESENTATION_CONTEXT('2D SPACE',''
  ) );
#2161 = PCURVE('',#72,#2162);
#2162 = DEFINITIONAL_REPRESENTATION('',(#2163),#2211);
#2163 = B_SPLINE_CURVE_WITH_KNOTS('',6,(#2164,#2165,#2166,#2167,#2168,
    #2169,#2170,#2171,#2172,#2173,#2174,#2175,#2176,#2177,#2178,#2179,
    #2180,#2181,#2182,#2183,#2184,#2185,#2186,#2187,#2188,#2189,#2190,
    #2191,#2192,#2193,#2194,#2195,#2196,#2197,#2198,#2199,#2200,#2201,
    #2202,#2203,#2204,#2205,#2206,#2207,#2208,#2209,#2210),
  .UNSPECIFIED.,.F.,.F.,(7,5,5,5,5,5,5,5,5,7),(0.,0.132411497622,
    0.184013177768,0.298985211189,0.398345776703,0.500143064122,
    0.600637002661,0.701234901409,0.867764953361,1.),.UNSPECIFIED.);
#2164 = CARTESIAN_POINT('',(0.,33.1));
#2165 = CARTESIAN_POINT('',(4.235205114975E-02,33.1));
#2166 = CARTESIAN_POINT('',(8.453636175151E-02,33.092172979375));
#2167 = CARTESIAN_POINT('',(0.126090872105,33.076635130387));
#2168 = CARTESIAN_POINT('',(0.166561693236,33.053821704243));
#2169 = CARTESIAN_POINT('',(0.205476785443,33.024483113189));
#2170 = CARTESIAN_POINT('',(0.256750905588,32.976202114014));
#2171 = CARTESIAN_POINT('',(0.270850855895,32.961815902067));
#2172 = CARTESIAN_POINT('',(0.284662416463,32.946624247089));
#2173 = CARTESIAN_POINT('',(0.298175602085,32.930668461414));
#2174 = CARTESIAN_POINT('',(0.311380297228,32.913989543513));
#2175 = CARTESIAN_POINT('',(0.352977043775,32.857945881408));
#2176 = CARTESIAN_POINT('',(0.380101543908,32.815881503977));
#2177 = CARTESIAN_POINT('',(0.405580747976,32.770815144845));
#2178 = CARTESIAN_POINT('',(0.429341798126,32.723073588612));
#2179 = CARTESIAN_POINT('',(0.451299053739,32.67293609552));
#2180 = CARTESIAN_POINT('',(0.488687945945,32.575445282663));
#2181 = CARTESIAN_POINT('',(0.504612248619,32.528608282928));
#2182 = CARTESIAN_POINT('',(0.519047498128,32.480315579706));
#2183 = CARTESIAN_POINT('',(0.531913903575,32.430736998797));
#2184 = CARTESIAN_POINT('',(0.54313359668,32.38002700086));
#2185 = CARTESIAN_POINT('',(0.56236289169,32.27535683454));
#2186 = CARTESIAN_POINT('',(0.570288639744,32.221339309394));
#2187 = CARTESIAN_POINT('',(0.576305463269,32.166542036397));
#2188 = CARTESIAN_POINT('',(0.580343095426,32.111223615023));
#2189 = CARTESIAN_POINT('',(0.582364237869,32.055631334804));
#2190 = CARTESIAN_POINT('',(0.582364237869,31.945080934056));
#2191 = CARTESIAN_POINT('',(0.580394513778,31.890198661966));
#2192 = CARTESIAN_POINT('',(0.576459390389,31.835579942154));
#2193 = CARTESIAN_POINT('',(0.570594365393,31.781463305185));
#2194 = CARTESIAN_POINT('',(0.56286641474,31.72809793879));
#2195 = CARTESIAN_POINT('',(0.543872361721,31.623333045757));
#2196 = CARTESIAN_POINT('',(0.532601557609,31.571930463947));
#2197 = CARTESIAN_POINT('',(0.519639296574,31.521680505478));
#2198 = CARTESIAN_POINT('',(0.505066400752,31.472743709949));
#2199 = CARTESIAN_POINT('',(0.488965891554,31.425296724634));
#2200 = CARTESIAN_POINT('',(0.44237920105,31.303777060129));
#2201 = CARTESIAN_POINT('',(0.409316467172,31.232467321719));
#2202 = CARTESIAN_POINT('',(0.372542485906,31.166415396798));
#2203 = CARTESIAN_POINT('',(0.332327745254,31.106570542437));
#2204 = CARTESIAN_POINT('',(0.288889458196,31.054070051069));
#2205 = CARTESIAN_POINT('',(0.205518719291,30.975548681607));
#2206 = CARTESIAN_POINT('',(0.166596645734,30.946197951197));
#2207 = CARTESIAN_POINT('',(0.126117372766,30.923374582997));
#2208 = CARTESIAN_POINT('',(8.455372698283E-02,30.907830086128));
#2209 = CARTESIAN_POINT('',(4.236034230326E-02,30.9));
#2210 = CARTESIAN_POINT('',(0.,30.9));
#2211 = ( GEOMETRIC_REPRESENTATION_CONTEXT(2) 
PARAMETRIC_REPRESENTATION_CONTEXT() REPRESENTATION_CONTEXT('2D SPACE',''
  ) );
#2212 = ORIENTED_EDGE('',*,*,#113,.T.);
#2213 = ORIENTED_EDGE('',*,*,#2214,.F.);
#2214 = EDGE_CURVE('',#631,#85,#2215,.T.);
#2215 = SEAM_CURVE('',#2216,(#2220,#2227),.PCURVE_S1.);
#2216 = LINE('',#2217,#2218);
#2217 = CARTESIAN_POINT('',(13.,-6.9,7.5));
#2218 = VECTOR('',#2219,1.);
#2219 = DIRECTION('',(-1.,0.,0.));
#2220 = PCURVE('',#101,#2221);
#2221 = DEFINITIONAL_REPRESENTATION('',(#2222),#2226);
#2222 = LINE('',#2223,#2224);
#2223 = CARTESIAN_POINT('',(6.28318530718,13.));
#2224 = VECTOR('',#2225,1.);
#2225 = DIRECTION('',(0.,-1.));
#2226 = ( GEOMETRIC_REPRESENTATION_CONTEXT(2) 
PARAMETRIC_REPRESENTATION_CONTEXT() REPRESENTATION_CONTEXT('2D SPACE',''
  ) );
#2227 = PCURVE('',#101,#2228);
#2228 = DEFINITIONAL_REPRESENTATION('',(#2229),#2233);
#2229 = LINE('',#2230,#2231);
#2230 = CARTESIAN_POINT('',(0.,13.));
#2231 = VECTOR('',#2232,1.);
#2232 = DIRECTION('',(0.,-1.));
#2233 = ( GEOMETRIC_REPRESENTATION_CONTEXT(2) 
PARAMETRIC_REPRESENTATION_CONTEXT() REPRESENTATION_CONTEXT('2D SPACE',''
  ) );
#2234 = ORIENTED_EDGE('',*,*,#658,.T.);
#2235 = ORIENTED_EDGE('',*,*,#1090,.F.);
#2236 = ORIENTED_EDGE('',*,*,#630,.T.);
#2237 = ORIENTED_EDGE('',*,*,#2214,.T.);
#2238 = ADVANCED_FACE('',(#2239),#177,.F.);
#2239 = FACE_BOUND('',#2240,.F.);
#2240 = EDGE_LOOP('',(#2241,#2242,#2395,#2396,#2417,#2418,#2419,#2420));
#2241 = ORIENTED_EDGE('',*,*,#160,.T.);
#2242 = ORIENTED_EDGE('',*,*,#2243,.T.);
#2243 = EDGE_CURVE('',#138,#190,#2244,.T.);
#2244 = SURFACE_CURVE('',#2245,(#2293,#2344),.PCURVE_S1.);
#2245 = B_SPLINE_CURVE_WITH_KNOTS('',6,(#2246,#2247,#2248,#2249,#2250,
    #2251,#2252,#2253,#2254,#2255,#2256,#2257,#2258,#2259,#2260,#2261,
    #2262,#2263,#2264,#2265,#2266,#2267,#2268,#2269,#2270,#2271,#2272,
    #2273,#2274,#2275,#2276,#2277,#2278,#2279,#2280,#2281,#2282,#2283,
    #2284,#2285,#2286,#2287,#2288,#2289,#2290,#2291,#2292),
  .UNSPECIFIED.,.F.,.F.,(7,5,5,5,5,5,5,5,5,7),(0.,0.132411497606,
    0.184013177749,0.298985211173,0.398345776689,0.500143064111,
    0.600637002652,0.701234901402,0.867764953358,1.),.UNSPECIFIED.);
#2246 = CARTESIAN_POINT('',(-13.,-8.,-21.4));
#2247 = CARTESIAN_POINT('',(-13.,-8.084704102299,-21.4));
#2248 = CARTESIAN_POINT('',(-12.99569501744,-8.169072579622,
    -21.40782702062));
#2249 = CARTESIAN_POINT('',(-12.98714977091,-8.251908815767,
    -21.42336486961));
#2250 = CARTESIAN_POINT('',(-12.97476122322,-8.33203901988,
    -21.44617829575));
#2251 = CARTESIAN_POINT('',(-12.95925299796,-8.408378306849,
    -21.47551688681));
#2252 = CARTESIAN_POINT('',(-12.9346407663,-8.507929196548,
    -21.52379788598));
#2253 = CARTESIAN_POINT('',(-12.92739086142,-8.535185737342,
    -21.53818409793));
#2254 = CARTESIAN_POINT('',(-12.91983541509,-8.561761584455,
    -21.55337575291));
#2255 = CARTESIAN_POINT('',(-12.91201750948,-8.587637925012,
    -21.56933153858));
#2256 = CARTESIAN_POINT('',(-12.90398080182,-8.612797925929,
    -21.58601045648));
#2257 = CARTESIAN_POINT('',(-12.87747424288,-8.691655770344,
    -21.64205411859));
#2258 = CARTESIAN_POINT('',(-12.85831465252,-8.742447338477,
    -21.68411849602));
#2259 = CARTESIAN_POINT('',(-12.83874352752,-8.789538978267,
    -21.72918485515));
#2260 = CARTESIAN_POINT('',(-12.81920349118,-8.832885966283,
    -21.77692641138));
#2261 = CARTESIAN_POINT('',(-12.80012219112,-8.872450048019,
    -21.82706390448));
#2262 = CARTESIAN_POINT('',(-12.76616604152,-8.939073594502,
    -21.92455471733));
#2263 = CARTESIAN_POINT('',(-12.75106137575,-8.96712185327,
    -21.97139171707));
#2264 = CARTESIAN_POINT('',(-12.73687094724,-8.992272268197,
    -22.01968442029));
#2265 = CARTESIAN_POINT('',(-12.72385848569,-9.014476640809,
    -22.0692630012));
#2266 = CARTESIAN_POINT('',(-12.71226369198,-9.033689465384,
    -22.11997299914));
#2267 = CARTESIAN_POINT('',(-12.69207566005,-9.066423339478,
    -22.22464316546));
#2268 = CARTESIAN_POINT('',(-12.68356099652,-9.079795680354,
    -22.2786606906));
#2269 = CARTESIAN_POINT('',(-12.67699451312,-9.089880446718,
    -22.3334579636));
#2270 = CARTESIAN_POINT('',(-12.67255225796,-9.096623708272,
    -22.38877638497));
#2271 = CARTESIAN_POINT('',(-12.67032930884,-9.1,-22.44436866519));
#2272 = CARTESIAN_POINT('',(-12.67032930884,-9.1,-22.55491906594));
#2273 = CARTESIAN_POINT('',(-12.67249571887,-9.096709615283,
    -22.60980133803));
#2274 = CARTESIAN_POINT('',(-12.67682515533,-9.0901375149,
    -22.66442005784));
#2275 = CARTESIAN_POINT('',(-12.68322728908,-9.080308064326,
    -22.71853669481));
#2276 = CARTESIAN_POINT('',(-12.69153456792,-9.067272789231,
    -22.77190206121));
#2277 = CARTESIAN_POINT('',(-12.71149963187,-9.034954181247,
    -22.87666695424));
#2278 = CARTESIAN_POINT('',(-12.72316226457,-9.015662915953,
    -22.92806953605));
#2279 = CARTESIAN_POINT('',(-12.73628818268,-8.993302775753,
    -22.97831949452));
#2280 = CARTESIAN_POINT('',(-12.75062918253,-8.967920998101,
    -23.02725629005));
#2281 = CARTESIAN_POINT('',(-12.76591152803,-8.939567804301,
    -23.07470327536));
#2282 = CARTESIAN_POINT('',(-12.80822653945,-8.856557451111,
    -23.19622293987));
#2283 = CARTESIAN_POINT('',(-12.83645427592,-8.796725428023,
    -23.26753267828));
#2284 = CARTESIAN_POINT('',(-12.86527231135,-8.7289621222,-23.3335846032
    ));
#2285 = CARTESIAN_POINT('',(-12.89332333344,-8.653418628833,
    -23.39342945756));
#2286 = CARTESIAN_POINT('',(-12.91920964113,-8.57032652531,
    -23.44592994893));
#2287 = CARTESIAN_POINT('',(-12.95923620838,-8.408460548845,
    -23.52445131839));
#2288 = CARTESIAN_POINT('',(-12.97475054005,-8.332108236396,
    -23.5538020488));
#2289 = CARTESIAN_POINT('',(-12.98714442408,-8.251961651893,
    -23.576625417));
#2290 = CARTESIAN_POINT('',(-12.99569333342,-8.169107312243,
    -23.59216991387));
#2291 = CARTESIAN_POINT('',(-13.,-8.084720684606,-23.6));
#2292 = CARTESIAN_POINT('',(-13.,-8.,-23.6));
#2293 = PCURVE('',#177,#2294);
#2294 = DEFINITIONAL_REPRESENTATION('',(#2295),#2343);
#2295 = B_SPLINE_CURVE_WITH_KNOTS('',6,(#2296,#2297,#2298,#2299,#2300,
    #2301,#2302,#2303,#2304,#2305,#2306,#2307,#2308,#2309,#2310,#2311,
    #2312,#2313,#2314,#2315,#2316,#2317,#2318,#2319,#2320,#2321,#2322,
    #2323,#2324,#2325,#2326,#2327,#2328,#2329,#2330,#2331,#2332,#2333,
    #2334,#2335,#2336,#2337,#2338,#2339,#2340,#2341,#2342),
  .UNSPECIFIED.,.F.,.F.,(7,5,5,5,5,5,5,5,5,7),(0.,0.132411497606,
    0.184013177749,0.298985211173,0.398345776689,0.500143064111,
    0.600637002652,0.701234901402,0.867764953358,1.),.UNSPECIFIED.);
#2296 = CARTESIAN_POINT('',(1.570796326795,-13.));
#2297 = CARTESIAN_POINT('',(1.647800056158,-13.));
#2298 = CARTESIAN_POINT('',(1.724498552688,-12.99569501744));
#2299 = CARTESIAN_POINT('',(1.800626689049,-12.98714977091));
#2300 = CARTESIAN_POINT('',(1.875903781192,-12.97476122322));
#2301 = CARTESIAN_POINT('',(1.949985528262,-12.95925299796));
#2302 = CARTESIAN_POINT('',(2.05056827049,-12.9346407663));
#2303 = CARTESIAN_POINT('',(2.078570365436,-12.92739086142));
#2304 = CARTESIAN_POINT('',(2.106375508737,-12.91983541509));
#2305 = CARTESIAN_POINT('',(2.133989491383,-12.91201750948));
#2306 = CARTESIAN_POINT('',(2.161417144101,-12.90398080182));
#2307 = CARTESIAN_POINT('',(2.249366470644,-12.87747424288));
#2308 = CARTESIAN_POINT('',(2.30915641151,-12.85831465252));
#2309 = CARTESIAN_POINT('',(2.368187772187,-12.83874352752));
#2310 = CARTESIAN_POINT('',(2.426598792638,-12.81920349118));
#2311 = CARTESIAN_POINT('',(2.484523761318,-12.80012219112));
#2312 = CARTESIAN_POINT('',(2.591870251896,-12.76616604152));
#2313 = CARTESIAN_POINT('',(2.641411229331,-12.75106137575));
#2314 = CARTESIAN_POINT('',(2.690780580343,-12.73687094724));
#2315 = CARTESIAN_POINT('',(2.740037227452,-12.72385848569));
#2316 = CARTESIAN_POINT('',(2.789249197515,-12.71226369198));
#2317 = CARTESIAN_POINT('',(2.888948539882,-12.69207566005));
#2318 = CARTESIAN_POINT('',(2.939445270961,-12.68356099652));
#2319 = CARTESIAN_POINT('',(2.989958245398,-12.67699451312));
#2320 = CARTESIAN_POINT('',(3.040480112717,-12.67255225796));
#2321 = CARTESIAN_POINT('',(3.091018712859,-12.67032930884));
#2322 = CARTESIAN_POINT('',(3.191519077175,-12.67032930884));
#2323 = CARTESIAN_POINT('',(3.241412202102,-12.67249571887));
#2324 = CARTESIAN_POINT('',(3.291289183883,-12.67682515533));
#2325 = CARTESIAN_POINT('',(3.341157012102,-12.68322728908));
#2326 = CARTESIAN_POINT('',(3.391008352457,-12.69153456792));
#2327 = CARTESIAN_POINT('',(3.490677952232,-12.71149963187));
#2328 = CARTESIAN_POINT('',(3.540500956181,-12.72316226457));
#2329 = CARTESIAN_POINT('',(3.590367816151,-12.73628818268));
#2330 = CARTESIAN_POINT('',(3.640348835409,-12.75062918253));
#2331 = CARTESIAN_POINT('',(3.690504633937,-12.76591152803));
#2332 = CARTESIAN_POINT('',(3.824291647347,-12.80822653945));
#2333 = CARTESIAN_POINT('',(3.908502497353,-12.83645427592));
#2334 = CARTESIAN_POINT('',(3.993876683463,-12.86527231135));
#2335 = CARTESIAN_POINT('',(4.080773900819,-12.89332333344));
#2336 = CARTESIAN_POINT('',(4.169568907432,-12.91920964113));
#2337 = CARTESIAN_POINT('',(4.333119894754,-12.95923620838));
#2338 = CARTESIAN_POINT('',(4.407216532663,-12.97475054005));
#2339 = CARTESIAN_POINT('',(4.482510105695,-12.98714442408));
#2340 = CARTESIAN_POINT('',(4.558655177723,-12.99569333342));
#2341 = CARTESIAN_POINT('',(4.635370176197,-13.));
#2342 = CARTESIAN_POINT('',(4.712388980385,-13.));
#2343 = ( GEOMETRIC_REPRESENTATION_CONTEXT(2) 
PARAMETRIC_REPRESENTATION_CONTEXT() REPRESENTATION_CONTEXT('2D SPACE',''
  ) );
#2344 = PCURVE('',#72,#2345);
#2345 = DEFINITIONAL_REPRESENTATION('',(#2346),#2394);
#2346 = B_SPLINE_CURVE_WITH_KNOTS('',6,(#2347,#2348,#2349,#2350,#2351,
    #2352,#2353,#2354,#2355,#2356,#2357,#2358,#2359,#2360,#2361,#2362,
    #2363,#2364,#2365,#2366,#2367,#2368,#2369,#2370,#2371,#2372,#2373,
    #2374,#2375,#2376,#2377,#2378,#2379,#2380,#2381,#2382,#2383,#2384,
    #2385,#2386,#2387,#2388,#2389,#2390,#2391,#2392,#2393),
  .UNSPECIFIED.,.F.,.F.,(7,5,5,5,5,5,5,5,5,7),(0.,0.132411497606,
    0.184013177749,0.298985211173,0.398345776689,0.500143064111,
    0.600637002652,0.701234901402,0.867764953358,1.),.UNSPECIFIED.);
#2347 = CARTESIAN_POINT('',(0.,3.1));
#2348 = CARTESIAN_POINT('',(4.235205114974E-02,3.1));
#2349 = CARTESIAN_POINT('',(8.453636175154E-02,3.092172979375));
#2350 = CARTESIAN_POINT('',(0.126090872105,3.076635130387));
#2351 = CARTESIAN_POINT('',(0.166561693236,3.053821704243));
#2352 = CARTESIAN_POINT('',(0.205476785443,3.024483113189));
#2353 = CARTESIAN_POINT('',(0.256750905589,2.976202114013));
#2354 = CARTESIAN_POINT('',(0.270850855895,2.961815902067));
#2355 = CARTESIAN_POINT('',(0.284662416462,2.94662424709));
#2356 = CARTESIAN_POINT('',(0.298175602085,2.930668461414));
#2357 = CARTESIAN_POINT('',(0.311380297229,2.913989543512));
#2358 = CARTESIAN_POINT('',(0.352977043775,2.857945881408));
#2359 = CARTESIAN_POINT('',(0.380101543908,2.815881503977));
#2360 = CARTESIAN_POINT('',(0.405580747976,2.770815144845));
#2361 = CARTESIAN_POINT('',(0.429341798126,2.723073588612));
#2362 = CARTESIAN_POINT('',(0.451299053739,2.67293609552));
#2363 = CARTESIAN_POINT('',(0.488687945945,2.575445282662));
#2364 = CARTESIAN_POINT('',(0.504612248619,2.528608282928));
#2365 = CARTESIAN_POINT('',(0.519047498128,2.480315579706));
#2366 = CARTESIAN_POINT('',(0.531913903575,2.430736998797));
#2367 = CARTESIAN_POINT('',(0.54313359668,2.38002700086));
#2368 = CARTESIAN_POINT('',(0.56236289169,2.27535683454));
#2369 = CARTESIAN_POINT('',(0.570288639744,2.221339309394));
#2370 = CARTESIAN_POINT('',(0.576305463269,2.166542036397));
#2371 = CARTESIAN_POINT('',(0.580343095426,2.111223615023));
#2372 = CARTESIAN_POINT('',(0.582364237869,2.055631334804));
#2373 = CARTESIAN_POINT('',(0.582364237869,1.945080934056));
#2374 = CARTESIAN_POINT('',(0.580394513778,1.890198661966));
#2375 = CARTESIAN_POINT('',(0.576459390389,1.835579942154));
#2376 = CARTESIAN_POINT('',(0.570594365393,1.781463305185));
#2377 = CARTESIAN_POINT('',(0.56286641474,1.72809793879));
#2378 = CARTESIAN_POINT('',(0.543872361721,1.623333045757));
#2379 = CARTESIAN_POINT('',(0.532601557609,1.571930463947));
#2380 = CARTESIAN_POINT('',(0.519639296574,1.521680505477));
#2381 = CARTESIAN_POINT('',(0.505066400752,1.472743709949));
#2382 = CARTESIAN_POINT('',(0.488965891554,1.425296724634));
#2383 = CARTESIAN_POINT('',(0.44237920105,1.303777060129));
#2384 = CARTESIAN_POINT('',(0.409316467172,1.232467321719));
#2385 = CARTESIAN_POINT('',(0.372542485906,1.166415396798));
#2386 = CARTESIAN_POINT('',(0.332327745254,1.106570542437));
#2387 = CARTESIAN_POINT('',(0.288889458196,1.054070051069));
#2388 = CARTESIAN_POINT('',(0.205518719291,0.975548681607));
#2389 = CARTESIAN_POINT('',(0.166596645734,0.946197951197));
#2390 = CARTESIAN_POINT('',(0.126117372766,0.923374582997));
#2391 = CARTESIAN_POINT('',(8.455372698283E-02,0.907830086128));
#2392 = CARTESIAN_POINT('',(4.236034230324E-02,0.9));
#2393 = CARTESIAN_POINT('',(0.,0.9));
#2394 = ( GEOMETRIC_REPRESENTATION_CONTEXT(2) 
PARAMETRIC_REPRESENTATION_CONTEXT() REPRESENTATION_CONTEXT('2D SPACE',''
  ) );
#2395 = ORIENTED_EDGE('',*,*,#189,.T.);
#2396 = ORIENTED_EDGE('',*,*,#2397,.F.);
#2397 = EDGE_CURVE('',#710,#161,#2398,.T.);
#2398 = SEAM_CURVE('',#2399,(#2403,#2410),.PCURVE_S1.);
#2399 = LINE('',#2400,#2401);
#2400 = CARTESIAN_POINT('',(13.,-6.9,-22.5));
#2401 = VECTOR('',#2402,1.);
#2402 = DIRECTION('',(-1.,0.,0.));
#2403 = PCURVE('',#177,#2404);
#2404 = DEFINITIONAL_REPRESENTATION('',(#2405),#2409);
#2405 = LINE('',#2406,#2407);
#2406 = CARTESIAN_POINT('',(6.28318530718,13.));
#2407 = VECTOR('',#2408,1.);
#2408 = DIRECTION('',(0.,-1.));
#2409 = ( GEOMETRIC_REPRESENTATION_CONTEXT(2) 
PARAMETRIC_REPRESENTATION_CONTEXT() REPRESENTATION_CONTEXT('2D SPACE',''
  ) );
#2410 = PCURVE('',#177,#2411);
#2411 = DEFINITIONAL_REPRESENTATION('',(#2412),#2416);
#2412 = LINE('',#2413,#2414);
#2413 = CARTESIAN_POINT('',(0.,13.));
#2414 = VECTOR('',#2415,1.);
#2415 = DIRECTION('',(0.,-1.));
#2416 = ( GEOMETRIC_REPRESENTATION_CONTEXT(2) 
PARAMETRIC_REPRESENTATION_CONTEXT() REPRESENTATION_CONTEXT('2D SPACE',''
  ) );
#2417 = ORIENTED_EDGE('',*,*,#737,.T.);
#2418 = ORIENTED_EDGE('',*,*,#1244,.F.);
#2419 = ORIENTED_EDGE('',*,*,#709,.T.);
#2420 = ORIENTED_EDGE('',*,*,#2397,.T.);
#2421 = ADVANCED_FACE('',(#2422),#72,.T.);
#2422 = FACE_BOUND('',#2423,.T.);
#2423 = EDGE_LOOP('',(#2424,#2425,#2447,#2448,#2470,#2471,#2472,#2473));
#2424 = ORIENTED_EDGE('',*,*,#213,.F.);
#2425 = ORIENTED_EDGE('',*,*,#2426,.T.);
#2426 = EDGE_CURVE('',#214,#1401,#2427,.T.);
#2427 = SURFACE_CURVE('',#2428,(#2433,#2440),.PCURVE_S1.);
#2428 = CIRCLE('',#2429,2.);
#2429 = AXIS2_PLACEMENT_3D('',#2430,#2431,#2432);
#2430 = CARTESIAN_POINT('',(-11.,-8.,-24.5));
#2431 = DIRECTION('',(0.,0.,1.));
#2432 = DIRECTION('',(0.,-1.,0.));
#2433 = PCURVE('',#72,#2434);
#2434 = DEFINITIONAL_REPRESENTATION('',(#2435),#2439);
#2435 = LINE('',#2436,#2437);
#2436 = CARTESIAN_POINT('',(-4.712388980385,0.));
#2437 = VECTOR('',#2438,1.);
#2438 = DIRECTION('',(1.,0.));
#2439 = ( GEOMETRIC_REPRESENTATION_CONTEXT(2) 
PARAMETRIC_REPRESENTATION_CONTEXT() REPRESENTATION_CONTEXT('2D SPACE',''
  ) );
#2440 = PCURVE('',#252,#2441);
#2441 = DEFINITIONAL_REPRESENTATION('',(#2442),#2446);
#2442 = CIRCLE('',#2443,2.);
#2443 = AXIS2_PLACEMENT_2D('',#2444,#2445);
#2444 = CARTESIAN_POINT('',(2.,2.));
#2445 = DIRECTION('',(0.,-1.));
#2446 = ( GEOMETRIC_REPRESENTATION_CONTEXT(2) 
PARAMETRIC_REPRESENTATION_CONTEXT() REPRESENTATION_CONTEXT('2D SPACE',''
  ) );
#2447 = ORIENTED_EDGE('',*,*,#1423,.T.);
#2448 = ORIENTED_EDGE('',*,*,#2449,.F.);
#2449 = EDGE_CURVE('',#22,#1424,#2450,.T.);
#2450 = SURFACE_CURVE('',#2451,(#2456,#2463),.PCURVE_S1.);
#2451 = CIRCLE('',#2452,2.);
#2452 = AXIS2_PLACEMENT_3D('',#2453,#2454,#2455);
#2453 = CARTESIAN_POINT('',(-11.,-8.,9.5));
#2454 = DIRECTION('',(0.,0.,1.));
#2455 = DIRECTION('',(0.,-1.,0.));
#2456 = PCURVE('',#72,#2457);
#2457 = DEFINITIONAL_REPRESENTATION('',(#2458),#2462);
#2458 = LINE('',#2459,#2460);
#2459 = CARTESIAN_POINT('',(-4.712388980385,34.));
#2460 = VECTOR('',#2461,1.);
#2461 = DIRECTION('',(1.,0.));
#2462 = ( GEOMETRIC_REPRESENTATION_CONTEXT(2) 
PARAMETRIC_REPRESENTATION_CONTEXT() REPRESENTATION_CONTEXT('2D SPACE',''
  ) );
#2463 = PCURVE('',#44,#2464);
#2464 = DEFINITIONAL_REPRESENTATION('',(#2465),#2469);
#2465 = CIRCLE('',#2466,2.);
#2466 = AXIS2_PLACEMENT_2D('',#2467,#2468);
#2467 = CARTESIAN_POINT('',(2.,2.));
#2468 = DIRECTION('',(0.,-1.));
#2469 = ( GEOMETRIC_REPRESENTATION_CONTEXT(2) 
PARAMETRIC_REPRESENTATION_CONTEXT() REPRESENTATION_CONTEXT('2D SPACE',''
  ) );
#2470 = ORIENTED_EDGE('',*,*,#56,.F.);
#2471 = ORIENTED_EDGE('',*,*,#2060,.T.);
#2472 = ORIENTED_EDGE('',*,*,#137,.F.);
#2473 = ORIENTED_EDGE('',*,*,#2243,.T.);
#2474 = ADVANCED_FACE('',(#2475),#252,.F.);
#2475 = FACE_BOUND('',#2476,.F.);
#2476 = EDGE_LOOP('',(#2477,#2478,#2479,#2480,#2481,#2482,#2483,#2484));
#2477 = ORIENTED_EDGE('',*,*,#236,.F.);
#2478 = ORIENTED_EDGE('',*,*,#2426,.T.);
#2479 = ORIENTED_EDGE('',*,*,#1400,.T.);
#2480 = ORIENTED_EDGE('',*,*,#1007,.F.);
#2481 = ORIENTED_EDGE('',*,*,#788,.T.);
#2482 = ORIENTED_EDGE('',*,*,#1472,.T.);
#2483 = ORIENTED_EDGE('',*,*,#1927,.F.);
#2484 = ORIENTED_EDGE('',*,*,#2485,.F.);
#2485 = EDGE_CURVE('',#237,#1928,#2486,.T.);
#2486 = SURFACE_CURVE('',#2487,(#2492,#2503),.PCURVE_S1.);
#2487 = CIRCLE('',#2488,2.);
#2488 = AXIS2_PLACEMENT_3D('',#2489,#2490,#2491);
#2489 = CARTESIAN_POINT('',(-11.,8.,-24.5));
#2490 = DIRECTION('',(-0.,-0.,-1.));
#2491 = DIRECTION('',(0.,-1.,0.));
#2492 = PCURVE('',#252,#2493);
#2493 = DEFINITIONAL_REPRESENTATION('',(#2494),#2502);
#2494 = ( BOUNDED_CURVE() B_SPLINE_CURVE(2,(#2495,#2496,#2497,#2498,
#2499,#2500,#2501),.UNSPECIFIED.,.T.,.F.) B_SPLINE_CURVE_WITH_KNOTS((1,2
    ,2,2,2,1),(-2.094395102393,0.,2.094395102393,4.188790204786,
6.28318530718,8.377580409573),.UNSPECIFIED.) CURVE() 
GEOMETRIC_REPRESENTATION_ITEM() RATIONAL_B_SPLINE_CURVE((1.,0.5,1.,0.5,
1.,0.5,1.)) REPRESENTATION_ITEM('') );
#2495 = CARTESIAN_POINT('',(2.,16.));
#2496 = CARTESIAN_POINT('',(-1.464101615138,16.));
#2497 = CARTESIAN_POINT('',(0.267949192431,19.));
#2498 = CARTESIAN_POINT('',(2.,22.));
#2499 = CARTESIAN_POINT('',(3.732050807569,19.));
#2500 = CARTESIAN_POINT('',(5.464101615138,16.));
#2501 = CARTESIAN_POINT('',(2.,16.));
#2502 = ( GEOMETRIC_REPRESENTATION_CONTEXT(2) 
PARAMETRIC_REPRESENTATION_CONTEXT() REPRESENTATION_CONTEXT('2D SPACE',''
  ) );
#2503 = PCURVE('',#280,#2504);
#2504 = DEFINITIONAL_REPRESENTATION('',(#2505),#2509);
#2505 = LINE('',#2506,#2507);
#2506 = CARTESIAN_POINT('',(1.570796326795,-0.));
#2507 = VECTOR('',#2508,1.);
#2508 = DIRECTION('',(-1.,0.));
#2509 = ( GEOMETRIC_REPRESENTATION_CONTEXT(2) 
PARAMETRIC_REPRESENTATION_CONTEXT() REPRESENTATION_CONTEXT('2D SPACE',''
  ) );
#2510 = ADVANCED_FACE('',(#2511),#309,.F.);
#2511 = FACE_BOUND('',#2512,.F.);
#2512 = EDGE_LOOP('',(#2513,#2608,#2609,#2702,#2723,#2724,#2725,#2726));
#2513 = ORIENTED_EDGE('',*,*,#2514,.T.);
#2514 = EDGE_CURVE('',#2515,#293,#2517,.T.);
#2515 = VERTEX_POINT('',#2516);
#2516 = CARTESIAN_POINT('',(-12.67032930884,9.1,-22.5));
#2517 = SURFACE_CURVE('',#2518,(#2546,#2577),.PCURVE_S1.);
#2518 = B_SPLINE_CURVE_WITH_KNOTS('',6,(#2519,#2520,#2521,#2522,#2523,
    #2524,#2525,#2526,#2527,#2528,#2529,#2530,#2531,#2532,#2533,#2534,
    #2535,#2536,#2537,#2538,#2539,#2540,#2541,#2542,#2543,#2544,#2545),
  .UNSPECIFIED.,.F.,.F.,(7,5,5,5,5,7),(0.,0.200940196651,0.402088264393,
    0.568112421318,0.735230505845,1.),.UNSPECIFIED.);
#2519 = CARTESIAN_POINT('',(-12.67032930884,9.1,-22.5));
#2520 = CARTESIAN_POINT('',(-12.67032930884,9.1,-22.44508093405));
#2521 = CARTESIAN_POINT('',(-12.67249571887,9.096709615283,
    -22.39019866196));
#2522 = CARTESIAN_POINT('',(-12.67682515533,9.0901375149,-22.33557994215
    ));
#2523 = CARTESIAN_POINT('',(-12.68322728908,9.080308064326,
    -22.28146330518));
#2524 = CARTESIAN_POINT('',(-12.69153456792,9.067272789231,
    -22.22809793879));
#2525 = CARTESIAN_POINT('',(-12.71149963187,9.034954181247,
    -22.12333304575));
#2526 = CARTESIAN_POINT('',(-12.72316226457,9.015662915953,
    -22.07193046394));
#2527 = CARTESIAN_POINT('',(-12.73628818268,8.993302775753,
    -22.02168050547));
#2528 = CARTESIAN_POINT('',(-12.75062918253,8.967920998101,
    -21.97274370994));
#2529 = CARTESIAN_POINT('',(-12.76591152803,8.939567804301,
    -21.92529672463));
#2530 = CARTESIAN_POINT('',(-12.7949998049,8.882504647387,
    -21.84176141346));
#2531 = CARTESIAN_POINT('',(-12.80860420576,8.854708517756,
    -21.80511727184));
#2532 = CARTESIAN_POINT('',(-12.82250686977,8.824934660554,
    -21.76968916016));
#2533 = CARTESIAN_POINT('',(-12.83654929101,8.793197145384,
    -21.73557649862));
#2534 = CARTESIAN_POINT('',(-12.85056868793,8.75951010837,
    -21.70289121415));
#2535 = CARTESIAN_POINT('',(-12.87832030616,8.688035031864,
    -21.64042137895));
#2536 = CARTESIAN_POINT('',(-12.89205614205,8.650205651455,
    -21.61064360698));
#2537 = CARTESIAN_POINT('',(-12.90542613002,8.610441974627,
    -21.58257976326));
#2538 = CARTESIAN_POINT('',(-12.91824749167,8.568793985459,
    -21.55638937953));
#2539 = CARTESIAN_POINT('',(-12.93033820589,8.525323015781,
    -21.53223879736));
#2540 = CARTESIAN_POINT('',(-12.95923620838,8.408460548845,
    -21.4755486816));
#2541 = CARTESIAN_POINT('',(-12.97475054005,8.332108236396,
    -21.44619795119));
#2542 = CARTESIAN_POINT('',(-12.98714442408,8.251961651893,
    -21.42337458299));
#2543 = CARTESIAN_POINT('',(-12.99569333342,8.169107312243,
    -21.40783008612));
#2544 = CARTESIAN_POINT('',(-13.,8.084720684606,-21.4));
#2545 = CARTESIAN_POINT('',(-13.,8.,-21.4));
#2546 = PCURVE('',#309,#2547);
#2547 = DEFINITIONAL_REPRESENTATION('',(#2548),#2576);
#2548 = B_SPLINE_CURVE_WITH_KNOTS('',6,(#2549,#2550,#2551,#2552,#2553,
    #2554,#2555,#2556,#2557,#2558,#2559,#2560,#2561,#2562,#2563,#2564,
    #2565,#2566,#2567,#2568,#2569,#2570,#2571,#2572,#2573,#2574,#2575),
  .UNSPECIFIED.,.F.,.F.,(7,5,5,5,5,7),(0.,0.200940196651,0.402088264393,
    0.568112421318,0.735230505845,1.),.UNSPECIFIED.);
#2549 = CARTESIAN_POINT('',(0.,-12.67032930884));
#2550 = CARTESIAN_POINT('',(4.992642358505E-02,-12.67032930884));
#2551 = CARTESIAN_POINT('',(9.981954851208E-02,-12.67249571887));
#2552 = CARTESIAN_POINT('',(0.149696530294,-12.67682515533));
#2553 = CARTESIAN_POINT('',(0.199564358512,-12.68322728908));
#2554 = CARTESIAN_POINT('',(0.249415698867,-12.69153456792));
#2555 = CARTESIAN_POINT('',(0.349085298642,-12.71149963187));
#2556 = CARTESIAN_POINT('',(0.398908302591,-12.72316226457));
#2557 = CARTESIAN_POINT('',(0.448775162561,-12.73628818268));
#2558 = CARTESIAN_POINT('',(0.498756181819,-12.75062918253));
#2559 = CARTESIAN_POINT('',(0.548911980347,-12.76591152803));
#2560 = CARTESIAN_POINT('',(0.640880139088,-12.7949998049));
#2561 = CARTESIAN_POINT('',(0.682641030209,-12.80860420576));
#2562 = CARTESIAN_POINT('',(0.724632714017,-12.82250686977));
#2563 = CARTESIAN_POINT('',(0.766908197149,-12.83654929101));
#2564 = CARTESIAN_POINT('',(0.809521049049,-12.85056868793));
#2565 = CARTESIAN_POINT('',(0.895818472818,-12.87832030616));
#2566 = CARTESIAN_POINT('',(0.939527262789,-12.89205614205));
#2567 = CARTESIAN_POINT('',(0.983680868428,-12.90542613002));
#2568 = CARTESIAN_POINT('',(1.028309464942,-12.91824749167));
#2569 = CARTESIAN_POINT('',(1.073448246025,-12.93033820589));
#2570 = CARTESIAN_POINT('',(1.191527241165,-12.95923620838));
#2571 = CARTESIAN_POINT('',(1.265623879073,-12.97475054005));
#2572 = CARTESIAN_POINT('',(1.340917452105,-12.98714442408));
#2573 = CARTESIAN_POINT('',(1.417062524133,-12.99569333342));
#2574 = CARTESIAN_POINT('',(1.493777522607,-13.));
#2575 = CARTESIAN_POINT('',(1.570796326795,-13.));
#2576 = ( GEOMETRIC_REPRESENTATION_CONTEXT(2) 
PARAMETRIC_REPRESENTATION_CONTEXT() REPRESENTATION_CONTEXT('2D SPACE',''
  ) );
#2577 = PCURVE('',#280,#2578);
#2578 = DEFINITIONAL_REPRESENTATION('',(#2579),#2607);
#2579 = B_SPLINE_CURVE_WITH_KNOTS('',6,(#2580,#2581,#2582,#2583,#2584,
    #2585,#2586,#2587,#2588,#2589,#2590,#2591,#2592,#2593,#2594,#2595,
    #2596,#2597,#2598,#2599,#2600,#2601,#2602,#2603,#2604,#2605,#2606),
  .UNSPECIFIED.,.F.,.F.,(7,5,5,5,5,7),(0.,0.200940196651,0.402088264393,
    0.568112421318,0.735230505845,1.),.UNSPECIFIED.);
#2580 = CARTESIAN_POINT('',(-0.582364237869,2.));
#2581 = CARTESIAN_POINT('',(-0.582364237869,2.054919065944));
#2582 = CARTESIAN_POINT('',(-0.580394513778,2.109801338034));
#2583 = CARTESIAN_POINT('',(-0.576459390389,2.164420057846));
#2584 = CARTESIAN_POINT('',(-0.570594365393,2.218536694815));
#2585 = CARTESIAN_POINT('',(-0.56286641474,2.27190206121));
#2586 = CARTESIAN_POINT('',(-0.543872361721,2.376666954243));
#2587 = CARTESIAN_POINT('',(-0.532601557609,2.428069536053));
#2588 = CARTESIAN_POINT('',(-0.519639296574,2.478319494523));
#2589 = CARTESIAN_POINT('',(-0.505066400752,2.527256290051));
#2590 = CARTESIAN_POINT('',(-0.488965891554,2.574703275366));
#2591 = CARTESIAN_POINT('',(-0.456941167792,2.658238586533));
#2592 = CARTESIAN_POINT('',(-0.441469810229,2.694882728158));
#2593 = CARTESIAN_POINT('',(-0.425044266569,2.730310839834));
#2594 = CARTESIAN_POINT('',(-0.407697565772,2.764423501379));
#2595 = CARTESIAN_POINT('',(-0.389458925115,2.797108785841));
#2596 = CARTESIAN_POINT('',(-0.351122131835,2.859578621049));
#2597 = CARTESIAN_POINT('',(-0.331004047863,2.889356393019));
#2598 = CARTESIAN_POINT('',(-0.310037839599,2.917420236731));
#2599 = CARTESIAN_POINT('',(-0.288261063792,2.943610620463));
#2600 = CARTESIAN_POINT('',(-0.265709936936,2.967761202638));
#2601 = CARTESIAN_POINT('',(-0.205518719291,3.024451318393));
#2602 = CARTESIAN_POINT('',(-0.166596645734,3.053802048803));
#2603 = CARTESIAN_POINT('',(-0.126117372766,3.076625417003));
#2604 = CARTESIAN_POINT('',(-8.455372698287E-02,3.092169913872));
#2605 = CARTESIAN_POINT('',(-4.236034230323E-02,3.1));
#2606 = CARTESIAN_POINT('',(0.,3.1));
#2607 = ( GEOMETRIC_REPRESENTATION_CONTEXT(2) 
PARAMETRIC_REPRESENTATION_CONTEXT() REPRESENTATION_CONTEXT('2D SPACE',''
  ) );
#2608 = ORIENTED_EDGE('',*,*,#292,.T.);
#2609 = ORIENTED_EDGE('',*,*,#2610,.T.);
#2610 = EDGE_CURVE('',#265,#2515,#2611,.T.);
#2611 = SURFACE_CURVE('',#2612,(#2640,#2671),.PCURVE_S1.);
#2612 = B_SPLINE_CURVE_WITH_KNOTS('',6,(#2613,#2614,#2615,#2616,#2617,
    #2618,#2619,#2620,#2621,#2622,#2623,#2624,#2625,#2626,#2627,#2628,
    #2629,#2630,#2631,#2632,#2633,#2634,#2635,#2636,#2637,#2638,#2639),
  .UNSPECIFIED.,.F.,.F.,(7,5,5,5,5,7),(0.,0.26474730039,0.367921145118,
    0.59779941467,0.796463682684,1.),.UNSPECIFIED.);
#2613 = CARTESIAN_POINT('',(-13.,8.,-23.6));
#2614 = CARTESIAN_POINT('',(-13.,8.084704102299,-23.6));
#2615 = CARTESIAN_POINT('',(-12.99569501744,8.169072579622,
    -23.59217297937));
#2616 = CARTESIAN_POINT('',(-12.98714977091,8.251908815767,
    -23.57663513038));
#2617 = CARTESIAN_POINT('',(-12.97476122322,8.33203901988,
    -23.55382170424));
#2618 = CARTESIAN_POINT('',(-12.95925299796,8.408378306849,
    -23.52448311318));
#2619 = CARTESIAN_POINT('',(-12.93464076742,8.507929192013,
    -23.47620211621));
#2620 = CARTESIAN_POINT('',(-12.92739086105,8.535185738104,
    -23.46181590122));
#2621 = CARTESIAN_POINT('',(-12.91983541389,8.561761588575,
    -23.44662424463));
#2622 = CARTESIAN_POINT('',(-12.9120175092,8.587637926457,-23.4306684609
    ));
#2623 = CARTESIAN_POINT('',(-12.90398080306,8.612797922248,
    -23.41398954612));
#2624 = CARTESIAN_POINT('',(-12.87747424288,8.691655770344,
    -23.3579458814));
#2625 = CARTESIAN_POINT('',(-12.85831465252,8.742447338477,
    -23.31588150397));
#2626 = CARTESIAN_POINT('',(-12.83874352752,8.789538978267,
    -23.27081514484));
#2627 = CARTESIAN_POINT('',(-12.81920349118,8.832885966283,
    -23.22307358861));
#2628 = CARTESIAN_POINT('',(-12.80012219112,8.872450048019,
    -23.17293609552));
#2629 = CARTESIAN_POINT('',(-12.76616604152,8.939073594502,
    -23.07544528266));
#2630 = CARTESIAN_POINT('',(-12.75106137575,8.96712185327,
    -23.02860828292));
#2631 = CARTESIAN_POINT('',(-12.73687094724,8.992272268197,
    -22.9803155797));
#2632 = CARTESIAN_POINT('',(-12.72385848569,9.014476640809,
    -22.93073699879));
#2633 = CARTESIAN_POINT('',(-12.71226369198,9.033689465384,
    -22.88002700086));
#2634 = CARTESIAN_POINT('',(-12.69207566005,9.066423339478,
    -22.77535683454));
#2635 = CARTESIAN_POINT('',(-12.68356099652,9.079795680354,
    -22.72133930939));
#2636 = CARTESIAN_POINT('',(-12.67699451312,9.089880446718,
    -22.66654203639));
#2637 = CARTESIAN_POINT('',(-12.67255225796,9.096623708272,
    -22.61122361502));
#2638 = CARTESIAN_POINT('',(-12.67032930884,9.1,-22.5556313348));
#2639 = CARTESIAN_POINT('',(-12.67032930884,9.1,-22.5));
#2640 = PCURVE('',#309,#2641);
#2641 = DEFINITIONAL_REPRESENTATION('',(#2642),#2670);
#2642 = B_SPLINE_CURVE_WITH_KNOTS('',6,(#2643,#2644,#2645,#2646,#2647,
    #2648,#2649,#2650,#2651,#2652,#2653,#2654,#2655,#2656,#2657,#2658,
    #2659,#2660,#2661,#2662,#2663,#2664,#2665,#2666,#2667,#2668,#2669),
  .UNSPECIFIED.,.F.,.F.,(7,5,5,5,5,7),(0.,0.26474730039,0.367921145118,
    0.59779941467,0.796463682684,1.),.UNSPECIFIED.);
#2643 = CARTESIAN_POINT('',(4.712388980385,-13.));
#2644 = CARTESIAN_POINT('',(4.789392709748,-13.));
#2645 = CARTESIAN_POINT('',(4.866091206278,-12.99569501744));
#2646 = CARTESIAN_POINT('',(4.942219342638,-12.98714977091));
#2647 = CARTESIAN_POINT('',(5.017496434782,-12.97476122322));
#2648 = CARTESIAN_POINT('',(5.091578181852,-12.95925299796));
#2649 = CARTESIAN_POINT('',(5.192160919498,-12.93464076742));
#2650 = CARTESIAN_POINT('',(5.220163020015,-12.92739086105));
#2651 = CARTESIAN_POINT('',(5.247968166702,-12.91983541389));
#2652 = CARTESIAN_POINT('',(5.275582146343,-12.9120175092));
#2653 = CARTESIAN_POINT('',(5.303009793585,-12.90398080306));
#2654 = CARTESIAN_POINT('',(5.390959124234,-12.87747424288));
#2655 = CARTESIAN_POINT('',(5.4507490651,-12.85831465252));
#2656 = CARTESIAN_POINT('',(5.509780425777,-12.83874352752));
#2657 = CARTESIAN_POINT('',(5.568191446228,-12.81920349118));
#2658 = CARTESIAN_POINT('',(5.626116414908,-12.80012219112));
#2659 = CARTESIAN_POINT('',(5.733462905485,-12.76616604152));
#2660 = CARTESIAN_POINT('',(5.783003882921,-12.75106137575));
#2661 = CARTESIAN_POINT('',(5.832373233932,-12.73687094724));
#2662 = CARTESIAN_POINT('',(5.881629881042,-12.72385848569));
#2663 = CARTESIAN_POINT('',(5.930841851105,-12.71226369198));
#2664 = CARTESIAN_POINT('',(6.030541193471,-12.69207566005));
#2665 = CARTESIAN_POINT('',(6.081037924551,-12.68356099652));
#2666 = CARTESIAN_POINT('',(6.131550898988,-12.67699451312));
#2667 = CARTESIAN_POINT('',(6.182072766307,-12.67255225796));
#2668 = CARTESIAN_POINT('',(6.232611366449,-12.67032930884));
#2669 = CARTESIAN_POINT('',(6.28318530718,-12.67032930884));
#2670 = ( GEOMETRIC_REPRESENTATION_CONTEXT(2) 
PARAMETRIC_REPRESENTATION_CONTEXT() REPRESENTATION_CONTEXT('2D SPACE',''
  ) );
#2671 = PCURVE('',#280,#2672);
#2672 = DEFINITIONAL_REPRESENTATION('',(#2673),#2701);
#2673 = B_SPLINE_CURVE_WITH_KNOTS('',6,(#2674,#2675,#2676,#2677,#2678,
    #2679,#2680,#2681,#2682,#2683,#2684,#2685,#2686,#2687,#2688,#2689,
    #2690,#2691,#2692,#2693,#2694,#2695,#2696,#2697,#2698,#2699,#2700),
  .UNSPECIFIED.,.F.,.F.,(7,5,5,5,5,7),(0.,0.26474730039,0.367921145118,
    0.59779941467,0.796463682684,1.),.UNSPECIFIED.);
#2674 = CARTESIAN_POINT('',(0.,0.9));
#2675 = CARTESIAN_POINT('',(-4.235205114974E-02,0.9));
#2676 = CARTESIAN_POINT('',(-8.453636175151E-02,0.907827020625));
#2677 = CARTESIAN_POINT('',(-0.126090872105,0.923364869613));
#2678 = CARTESIAN_POINT('',(-0.166561693236,0.946178295757));
#2679 = CARTESIAN_POINT('',(-0.205476785443,0.975516886811));
#2680 = CARTESIAN_POINT('',(-0.256750903254,1.023797883788));
#2681 = CARTESIAN_POINT('',(-0.270850856314,1.038184098776));
#2682 = CARTESIAN_POINT('',(-0.284662418609,1.05337575537));
#2683 = CARTESIAN_POINT('',(-0.298175602819,1.069331539096));
#2684 = CARTESIAN_POINT('',(-0.311380295287,1.086010453872));
#2685 = CARTESIAN_POINT('',(-0.352977043775,1.142054118592));
#2686 = CARTESIAN_POINT('',(-0.380101543908,1.184118496023));
#2687 = CARTESIAN_POINT('',(-0.405580747976,1.229184855155));
#2688 = CARTESIAN_POINT('',(-0.429341798126,1.276926411388));
#2689 = CARTESIAN_POINT('',(-0.451299053739,1.32706390448));
#2690 = CARTESIAN_POINT('',(-0.488687945945,1.424554717338));
#2691 = CARTESIAN_POINT('',(-0.504612248619,1.471391717072));
#2692 = CARTESIAN_POINT('',(-0.519047498128,1.519684420294));
#2693 = CARTESIAN_POINT('',(-0.531913903575,1.569263001203));
#2694 = CARTESIAN_POINT('',(-0.54313359668,1.61997299914));
#2695 = CARTESIAN_POINT('',(-0.56236289169,1.72464316546));
#2696 = CARTESIAN_POINT('',(-0.570288639744,1.778660690606));
#2697 = CARTESIAN_POINT('',(-0.576305463269,1.833457963603));
#2698 = CARTESIAN_POINT('',(-0.580343095426,1.888776384977));
#2699 = CARTESIAN_POINT('',(-0.582364237869,1.944368665196));
#2700 = CARTESIAN_POINT('',(-0.582364237869,2.));
#2701 = ( GEOMETRIC_REPRESENTATION_CONTEXT(2) 
PARAMETRIC_REPRESENTATION_CONTEXT() REPRESENTATION_CONTEXT('2D SPACE',''
  ) );
#2702 = ORIENTED_EDGE('',*,*,#2703,.F.);
#2703 = EDGE_CURVE('',#1737,#2515,#2704,.T.);
#2704 = SEAM_CURVE('',#2705,(#2709,#2716),.PCURVE_S1.);
#2705 = LINE('',#2706,#2707);
#2706 = CARTESIAN_POINT('',(12.670329308849,9.1,-22.5));
#2707 = VECTOR('',#2708,1.);
#2708 = DIRECTION('',(-1.,0.,0.));
#2709 = PCURVE('',#309,#2710);
#2710 = DEFINITIONAL_REPRESENTATION('',(#2711),#2715);
#2711 = LINE('',#2712,#2713);
#2712 = CARTESIAN_POINT('',(6.28318530718,12.670329308849));
#2713 = VECTOR('',#2714,1.);
#2714 = DIRECTION('',(0.,-1.));
#2715 = ( GEOMETRIC_REPRESENTATION_CONTEXT(2) 
PARAMETRIC_REPRESENTATION_CONTEXT() REPRESENTATION_CONTEXT('2D SPACE',''
  ) );
#2716 = PCURVE('',#309,#2717);
#2717 = DEFINITIONAL_REPRESENTATION('',(#2718),#2722);
#2718 = LINE('',#2719,#2720);
#2719 = CARTESIAN_POINT('',(0.,12.670329308849));
#2720 = VECTOR('',#2721,1.);
#2721 = DIRECTION('',(0.,-1.));
#2722 = ( GEOMETRIC_REPRESENTATION_CONTEXT(2) 
PARAMETRIC_REPRESENTATION_CONTEXT() REPRESENTATION_CONTEXT('2D SPACE',''
  ) );
#2723 = ORIENTED_EDGE('',*,*,#1831,.F.);
#2724 = ORIENTED_EDGE('',*,*,#839,.T.);
#2725 = ORIENTED_EDGE('',*,*,#1736,.F.);
#2726 = ORIENTED_EDGE('',*,*,#2703,.T.);
#2727 = ADVANCED_FACE('',(#2728),#361,.F.);
#2728 = FACE_BOUND('',#2729,.F.);
#2729 = EDGE_LOOP('',(#2730,#2825,#2826,#2919,#2940,#2941,#2942,#2943));
#2730 = ORIENTED_EDGE('',*,*,#2731,.T.);
#2731 = EDGE_CURVE('',#2732,#345,#2734,.T.);
#2732 = VERTEX_POINT('',#2733);
#2733 = CARTESIAN_POINT('',(-12.67032930884,9.1,7.5));
#2734 = SURFACE_CURVE('',#2735,(#2763,#2794),.PCURVE_S1.);
#2735 = B_SPLINE_CURVE_WITH_KNOTS('',6,(#2736,#2737,#2738,#2739,#2740,
    #2741,#2742,#2743,#2744,#2745,#2746,#2747,#2748,#2749,#2750,#2751,
    #2752,#2753,#2754,#2755,#2756,#2757,#2758,#2759,#2760,#2761,#2762),
  .UNSPECIFIED.,.F.,.F.,(7,5,5,5,5,7),(0.,0.200940196651,0.402088264393,
    0.568112421317,0.735230505845,1.),.UNSPECIFIED.);
#2736 = CARTESIAN_POINT('',(-12.67032930884,9.1,7.5));
#2737 = CARTESIAN_POINT('',(-12.67032930884,9.1,7.554919065944));
#2738 = CARTESIAN_POINT('',(-12.67249571887,9.096709615283,
    7.609801338034));
#2739 = CARTESIAN_POINT('',(-12.67682515533,9.0901375149,7.664420057846)
  );
#2740 = CARTESIAN_POINT('',(-12.68322728908,9.080308064326,
    7.718536694815));
#2741 = CARTESIAN_POINT('',(-12.69153456792,9.067272789231,7.77190206121
    ));
#2742 = CARTESIAN_POINT('',(-12.71149963187,9.034954181247,
    7.876666954243));
#2743 = CARTESIAN_POINT('',(-12.72316226457,9.015662915953,
    7.928069536053));
#2744 = CARTESIAN_POINT('',(-12.73628818268,8.993302775753,
    7.978319494522));
#2745 = CARTESIAN_POINT('',(-12.75062918253,8.967920998101,
    8.027256290051));
#2746 = CARTESIAN_POINT('',(-12.76591152803,8.939567804301,
    8.074703275366));
#2747 = CARTESIAN_POINT('',(-12.7949998049,8.882504647387,8.158238586533
    ));
#2748 = CARTESIAN_POINT('',(-12.80860420576,8.854708517756,
    8.194882728158));
#2749 = CARTESIAN_POINT('',(-12.82250686977,8.824934660554,
    8.230310839834));
#2750 = CARTESIAN_POINT('',(-12.83654929101,8.793197145384,
    8.264423501379));
#2751 = CARTESIAN_POINT('',(-12.85056868793,8.75951010837,8.297108785841
    ));
#2752 = CARTESIAN_POINT('',(-12.87832030616,8.688035031864,
    8.359578621049));
#2753 = CARTESIAN_POINT('',(-12.89205614205,8.650205651455,
    8.389356393019));
#2754 = CARTESIAN_POINT('',(-12.90542613002,8.610441974627,
    8.417420236731));
#2755 = CARTESIAN_POINT('',(-12.91824749167,8.568793985459,
    8.443610620463));
#2756 = CARTESIAN_POINT('',(-12.93033820589,8.525323015781,
    8.467761202638));
#2757 = CARTESIAN_POINT('',(-12.95923620838,8.408460548845,
    8.524451318393));
#2758 = CARTESIAN_POINT('',(-12.97475054005,8.332108236396,
    8.553802048803));
#2759 = CARTESIAN_POINT('',(-12.98714442408,8.251961651893,
    8.576625417004));
#2760 = CARTESIAN_POINT('',(-12.99569333342,8.169107312243,
    8.592169913872));
#2761 = CARTESIAN_POINT('',(-13.,8.084720684606,8.6));
#2762 = CARTESIAN_POINT('',(-13.,8.,8.6));
#2763 = PCURVE('',#361,#2764);
#2764 = DEFINITIONAL_REPRESENTATION('',(#2765),#2793);
#2765 = B_SPLINE_CURVE_WITH_KNOTS('',6,(#2766,#2767,#2768,#2769,#2770,
    #2771,#2772,#2773,#2774,#2775,#2776,#2777,#2778,#2779,#2780,#2781,
    #2782,#2783,#2784,#2785,#2786,#2787,#2788,#2789,#2790,#2791,#2792),
  .UNSPECIFIED.,.F.,.F.,(7,5,5,5,5,7),(0.,0.200940196651,0.402088264393,
    0.568112421317,0.735230505845,1.),.UNSPECIFIED.);
#2766 = CARTESIAN_POINT('',(0.,-12.67032930884));
#2767 = CARTESIAN_POINT('',(4.992642358505E-02,-12.67032930884));
#2768 = CARTESIAN_POINT('',(9.981954851207E-02,-12.67249571887));
#2769 = CARTESIAN_POINT('',(0.149696530294,-12.67682515533));
#2770 = CARTESIAN_POINT('',(0.199564358512,-12.68322728908));
#2771 = CARTESIAN_POINT('',(0.249415698867,-12.69153456792));
#2772 = CARTESIAN_POINT('',(0.349085298642,-12.71149963187));
#2773 = CARTESIAN_POINT('',(0.398908302591,-12.72316226457));
#2774 = CARTESIAN_POINT('',(0.448775162561,-12.73628818268));
#2775 = CARTESIAN_POINT('',(0.498756181819,-12.75062918253));
#2776 = CARTESIAN_POINT('',(0.548911980347,-12.76591152803));
#2777 = CARTESIAN_POINT('',(0.640880139088,-12.7949998049));
#2778 = CARTESIAN_POINT('',(0.682641030209,-12.80860420576));
#2779 = CARTESIAN_POINT('',(0.724632714017,-12.82250686977));
#2780 = CARTESIAN_POINT('',(0.766908197149,-12.83654929101));
#2781 = CARTESIAN_POINT('',(0.809521049049,-12.85056868793));
#2782 = CARTESIAN_POINT('',(0.895818472818,-12.87832030616));
#2783 = CARTESIAN_POINT('',(0.939527262789,-12.89205614205));
#2784 = CARTESIAN_POINT('',(0.983680868427,-12.90542613002));
#2785 = CARTESIAN_POINT('',(1.028309464942,-12.91824749167));
#2786 = CARTESIAN_POINT('',(1.073448246025,-12.93033820589));
#2787 = CARTESIAN_POINT('',(1.191527241165,-12.95923620838));
#2788 = CARTESIAN_POINT('',(1.265623879073,-12.97475054005));
#2789 = CARTESIAN_POINT('',(1.340917452105,-12.98714442408));
#2790 = CARTESIAN_POINT('',(1.417062524133,-12.99569333342));
#2791 = CARTESIAN_POINT('',(1.493777522607,-13.));
#2792 = CARTESIAN_POINT('',(1.570796326795,-13.));
#2793 = ( GEOMETRIC_REPRESENTATION_CONTEXT(2) 
PARAMETRIC_REPRESENTATION_CONTEXT() REPRESENTATION_CONTEXT('2D SPACE',''
  ) );
#2794 = PCURVE('',#280,#2795);
#2795 = DEFINITIONAL_REPRESENTATION('',(#2796),#2824);
#2796 = B_SPLINE_CURVE_WITH_KNOTS('',6,(#2797,#2798,#2799,#2800,#2801,
    #2802,#2803,#2804,#2805,#2806,#2807,#2808,#2809,#2810,#2811,#2812,
    #2813,#2814,#2815,#2816,#2817,#2818,#2819,#2820,#2821,#2822,#2823),
  .UNSPECIFIED.,.F.,.F.,(7,5,5,5,5,7),(0.,0.200940196651,0.402088264393,
    0.568112421317,0.735230505845,1.),.UNSPECIFIED.);
#2797 = CARTESIAN_POINT('',(-0.582364237869,32.));
#2798 = CARTESIAN_POINT('',(-0.582364237869,32.054919065944));
#2799 = CARTESIAN_POINT('',(-0.580394513778,32.109801338034));
#2800 = CARTESIAN_POINT('',(-0.576459390389,32.164420057846));
#2801 = CARTESIAN_POINT('',(-0.570594365393,32.218536694815));
#2802 = CARTESIAN_POINT('',(-0.56286641474,32.27190206121));
#2803 = CARTESIAN_POINT('',(-0.543872361721,32.376666954243));
#2804 = CARTESIAN_POINT('',(-0.532601557609,32.428069536053));
#2805 = CARTESIAN_POINT('',(-0.519639296574,32.478319494522));
#2806 = CARTESIAN_POINT('',(-0.505066400752,32.527256290051));
#2807 = CARTESIAN_POINT('',(-0.488965891554,32.574703275366));
#2808 = CARTESIAN_POINT('',(-0.456941167792,32.658238586533));
#2809 = CARTESIAN_POINT('',(-0.441469810229,32.694882728158));
#2810 = CARTESIAN_POINT('',(-0.425044266569,32.730310839834));
#2811 = CARTESIAN_POINT('',(-0.407697565772,32.764423501379));
#2812 = CARTESIAN_POINT('',(-0.389458925115,32.797108785841));
#2813 = CARTESIAN_POINT('',(-0.351122131835,32.859578621049));
#2814 = CARTESIAN_POINT('',(-0.331004047863,32.889356393019));
#2815 = CARTESIAN_POINT('',(-0.310037839599,32.917420236731));
#2816 = CARTESIAN_POINT('',(-0.288261063792,32.943610620463));
#2817 = CARTESIAN_POINT('',(-0.265709936936,32.967761202638));
#2818 = CARTESIAN_POINT('',(-0.205518719291,33.024451318393));
#2819 = CARTESIAN_POINT('',(-0.166596645734,33.053802048803));
#2820 = CARTESIAN_POINT('',(-0.126117372766,33.076625417004));
#2821 = CARTESIAN_POINT('',(-8.455372698286E-02,33.092169913872));
#2822 = CARTESIAN_POINT('',(-4.236034230324E-02,33.1));
#2823 = CARTESIAN_POINT('',(0.,33.1));
#2824 = ( GEOMETRIC_REPRESENTATION_CONTEXT(2) 
PARAMETRIC_REPRESENTATION_CONTEXT() REPRESENTATION_CONTEXT('2D SPACE',''
  ) );
#2825 = ORIENTED_EDGE('',*,*,#344,.T.);
#2826 = ORIENTED_EDGE('',*,*,#2827,.T.);
#2827 = EDGE_CURVE('',#322,#2732,#2828,.T.);
#2828 = SURFACE_CURVE('',#2829,(#2857,#2888),.PCURVE_S1.);
#2829 = B_SPLINE_CURVE_WITH_KNOTS('',6,(#2830,#2831,#2832,#2833,#2834,
    #2835,#2836,#2837,#2838,#2839,#2840,#2841,#2842,#2843,#2844,#2845,
    #2846,#2847,#2848,#2849,#2850,#2851,#2852,#2853,#2854,#2855,#2856),
  .UNSPECIFIED.,.F.,.F.,(7,5,5,5,5,7),(0.,0.264747244667,0.367921084112,
    0.59779937585,0.796463663039,1.),.UNSPECIFIED.);
#2830 = CARTESIAN_POINT('',(-13.,8.,6.4));
#2831 = CARTESIAN_POINT('',(-13.,8.084704102299,6.4));
#2832 = CARTESIAN_POINT('',(-12.99569501744,8.169072579622,
    6.407827020625));
#2833 = CARTESIAN_POINT('',(-12.98714977091,8.251908815767,
    6.423364869613));
#2834 = CARTESIAN_POINT('',(-12.97476122322,8.33203901988,6.446178295757
    ));
#2835 = CARTESIAN_POINT('',(-12.95925299796,8.408378306849,
    6.475516886811));
#2836 = CARTESIAN_POINT('',(-12.93464076632,8.507929196459,
    6.523797885944));
#2837 = CARTESIAN_POINT('',(-12.92739086142,8.535185737357,
    6.538184097949));
#2838 = CARTESIAN_POINT('',(-12.91983541507,8.561761584536,
    6.553375752958));
#2839 = CARTESIAN_POINT('',(-12.91201750947,8.58763792504,6.569331538596
    ));
#2840 = CARTESIAN_POINT('',(-12.90398080184,8.612797925857,
    6.586010456437));
#2841 = CARTESIAN_POINT('',(-12.87747424288,8.691655770344,
    6.642054118592));
#2842 = CARTESIAN_POINT('',(-12.85831465252,8.742447338477,
    6.684118496023));
#2843 = CARTESIAN_POINT('',(-12.83874352752,8.789538978267,
    6.729184855155));
#2844 = CARTESIAN_POINT('',(-12.81920349118,8.832885966283,
    6.776926411388));
#2845 = CARTESIAN_POINT('',(-12.80012219112,8.872450048019,6.82706390448
    ));
#2846 = CARTESIAN_POINT('',(-12.76616604152,8.939073594502,
    6.924554717337));
#2847 = CARTESIAN_POINT('',(-12.75106137575,8.96712185327,6.971391717072
    ));
#2848 = CARTESIAN_POINT('',(-12.73687094724,8.992272268197,
    7.019684420294));
#2849 = CARTESIAN_POINT('',(-12.72385848569,9.014476640809,
    7.069263001203));
#2850 = CARTESIAN_POINT('',(-12.71226369198,9.033689465384,7.11997299914
    ));
#2851 = CARTESIAN_POINT('',(-12.69207566005,9.066423339478,7.22464316546
    ));
#2852 = CARTESIAN_POINT('',(-12.68356099652,9.079795680354,
    7.278660690606));
#2853 = CARTESIAN_POINT('',(-12.67699451312,9.089880446718,
    7.333457963603));
#2854 = CARTESIAN_POINT('',(-12.67255225796,9.096623708272,
    7.388776384977));
#2855 = CARTESIAN_POINT('',(-12.67032930884,9.1,7.444368665196));
#2856 = CARTESIAN_POINT('',(-12.67032930884,9.1,7.5));
#2857 = PCURVE('',#361,#2858);
#2858 = DEFINITIONAL_REPRESENTATION('',(#2859),#2887);
#2859 = B_SPLINE_CURVE_WITH_KNOTS('',6,(#2860,#2861,#2862,#2863,#2864,
    #2865,#2866,#2867,#2868,#2869,#2870,#2871,#2872,#2873,#2874,#2875,
    #2876,#2877,#2878,#2879,#2880,#2881,#2882,#2883,#2884,#2885,#2886),
  .UNSPECIFIED.,.F.,.F.,(7,5,5,5,5,7),(0.,0.264747244667,0.367921084112,
    0.59779937585,0.796463663039,1.),.UNSPECIFIED.);
#2860 = CARTESIAN_POINT('',(4.712388980385,-13.));
#2861 = CARTESIAN_POINT('',(4.789392709748,-13.));
#2862 = CARTESIAN_POINT('',(4.866091206278,-12.99569501744));
#2863 = CARTESIAN_POINT('',(4.942219342638,-12.98714977091));
#2864 = CARTESIAN_POINT('',(5.017496434782,-12.97476122322));
#2865 = CARTESIAN_POINT('',(5.091578181852,-12.95925299796));
#2866 = CARTESIAN_POINT('',(5.192160923991,-12.93464076632));
#2867 = CARTESIAN_POINT('',(5.220163019046,-12.92739086142));
#2868 = CARTESIAN_POINT('',(5.247968162412,-12.91983541507));
#2869 = CARTESIAN_POINT('',(5.275582144999,-12.91201750947));
#2870 = CARTESIAN_POINT('',(5.30300979761,-12.90398080184));
#2871 = CARTESIAN_POINT('',(5.390959124234,-12.87747424288));
#2872 = CARTESIAN_POINT('',(5.4507490651,-12.85831465252));
#2873 = CARTESIAN_POINT('',(5.509780425777,-12.83874352752));
#2874 = CARTESIAN_POINT('',(5.568191446228,-12.81920349118));
#2875 = CARTESIAN_POINT('',(5.626116414908,-12.80012219112));
#2876 = CARTESIAN_POINT('',(5.733462905485,-12.76616604152));
#2877 = CARTESIAN_POINT('',(5.783003882921,-12.75106137575));
#2878 = CARTESIAN_POINT('',(5.832373233932,-12.73687094724));
#2879 = CARTESIAN_POINT('',(5.881629881042,-12.72385848569));
#2880 = CARTESIAN_POINT('',(5.930841851105,-12.71226369198));
#2881 = CARTESIAN_POINT('',(6.030541193471,-12.69207566005));
#2882 = CARTESIAN_POINT('',(6.081037924551,-12.68356099652));
#2883 = CARTESIAN_POINT('',(6.131550898988,-12.67699451312));
#2884 = CARTESIAN_POINT('',(6.182072766307,-12.67255225796));
#2885 = CARTESIAN_POINT('',(6.232611366449,-12.67032930884));
#2886 = CARTESIAN_POINT('',(6.28318530718,-12.67032930884));
#2887 = ( GEOMETRIC_REPRESENTATION_CONTEXT(2) 
PARAMETRIC_REPRESENTATION_CONTEXT() REPRESENTATION_CONTEXT('2D SPACE',''
  ) );
#2888 = PCURVE('',#280,#2889);
#2889 = DEFINITIONAL_REPRESENTATION('',(#2890),#2918);
#2890 = B_SPLINE_CURVE_WITH_KNOTS('',6,(#2891,#2892,#2893,#2894,#2895,
    #2896,#2897,#2898,#2899,#2900,#2901,#2902,#2903,#2904,#2905,#2906,
    #2907,#2908,#2909,#2910,#2911,#2912,#2913,#2914,#2915,#2916,#2917),
  .UNSPECIFIED.,.F.,.F.,(7,5,5,5,5,7),(0.,0.264747244667,0.367921084112,
    0.59779937585,0.796463663039,1.),.UNSPECIFIED.);
#2891 = CARTESIAN_POINT('',(0.,30.9));
#2892 = CARTESIAN_POINT('',(-4.235205114974E-02,30.9));
#2893 = CARTESIAN_POINT('',(-8.45363617515E-02,30.907827020625));
#2894 = CARTESIAN_POINT('',(-0.126090872105,30.923364869613));
#2895 = CARTESIAN_POINT('',(-0.166561693236,30.946178295757));
#2896 = CARTESIAN_POINT('',(-0.205476785443,30.975516886811));
#2897 = CARTESIAN_POINT('',(-0.256750905544,31.023797885944));
#2898 = CARTESIAN_POINT('',(-0.270850855903,31.038184097949));
#2899 = CARTESIAN_POINT('',(-0.284662416504,31.053375752958));
#2900 = CARTESIAN_POINT('',(-0.298175602099,31.069331538596));
#2901 = CARTESIAN_POINT('',(-0.311380297191,31.086010456437));
#2902 = CARTESIAN_POINT('',(-0.352977043775,31.142054118592));
#2903 = CARTESIAN_POINT('',(-0.380101543908,31.184118496023));
#2904 = CARTESIAN_POINT('',(-0.405580747976,31.229184855155));
#2905 = CARTESIAN_POINT('',(-0.429341798126,31.276926411388));
#2906 = CARTESIAN_POINT('',(-0.451299053739,31.32706390448));
#2907 = CARTESIAN_POINT('',(-0.488687945945,31.424554717337));
#2908 = CARTESIAN_POINT('',(-0.504612248619,31.471391717072));
#2909 = CARTESIAN_POINT('',(-0.519047498128,31.519684420294));
#2910 = CARTESIAN_POINT('',(-0.531913903575,31.569263001203));
#2911 = CARTESIAN_POINT('',(-0.54313359668,31.61997299914));
#2912 = CARTESIAN_POINT('',(-0.56236289169,31.72464316546));
#2913 = CARTESIAN_POINT('',(-0.570288639744,31.778660690606));
#2914 = CARTESIAN_POINT('',(-0.576305463269,31.833457963603));
#2915 = CARTESIAN_POINT('',(-0.580343095426,31.888776384977));
#2916 = CARTESIAN_POINT('',(-0.582364237869,31.944368665196));
#2917 = CARTESIAN_POINT('',(-0.582364237869,32.));
#2918 = ( GEOMETRIC_REPRESENTATION_CONTEXT(2) 
PARAMETRIC_REPRESENTATION_CONTEXT() REPRESENTATION_CONTEXT('2D SPACE',''
  ) );
#2919 = ORIENTED_EDGE('',*,*,#2920,.F.);
#2920 = EDGE_CURVE('',#1548,#2732,#2921,.T.);
#2921 = SEAM_CURVE('',#2922,(#2926,#2933),.PCURVE_S1.);
#2922 = LINE('',#2923,#2924);
#2923 = CARTESIAN_POINT('',(12.670329308849,9.1,7.5));
#2924 = VECTOR('',#2925,1.);
#2925 = DIRECTION('',(-1.,0.,0.));
#2926 = PCURVE('',#361,#2927);
#2927 = DEFINITIONAL_REPRESENTATION('',(#2928),#2932);
#2928 = LINE('',#2929,#2930);
#2929 = CARTESIAN_POINT('',(6.28318530718,12.670329308849));
#2930 = VECTOR('',#2931,1.);
#2931 = DIRECTION('',(0.,-1.));
#2932 = ( GEOMETRIC_REPRESENTATION_CONTEXT(2) 
PARAMETRIC_REPRESENTATION_CONTEXT() REPRESENTATION_CONTEXT('2D SPACE',''
  ) );
#2933 = PCURVE('',#361,#2934);
#2934 = DEFINITIONAL_REPRESENTATION('',(#2935),#2939);
#2935 = LINE('',#2936,#2937);
#2936 = CARTESIAN_POINT('',(0.,12.670329308849));
#2937 = VECTOR('',#2938,1.);
#2938 = DIRECTION('',(0.,-1.));
#2939 = ( GEOMETRIC_REPRESENTATION_CONTEXT(2) 
PARAMETRIC_REPRESENTATION_CONTEXT() REPRESENTATION_CONTEXT('2D SPACE',''
  ) );
#2940 = ORIENTED_EDGE('',*,*,#1642,.F.);
#2941 = ORIENTED_EDGE('',*,*,#890,.T.);
#2942 = ORIENTED_EDGE('',*,*,#1547,.F.);
#2943 = ORIENTED_EDGE('',*,*,#2920,.T.);
#2944 = ADVANCED_FACE('',(#2945),#280,.T.);
#2945 = FACE_BOUND('',#2946,.F.);
#2946 = EDGE_LOOP('',(#2947,#2948,#2949,#2950,#2976,#2977,#2978,#2979,
    #2980,#2981));
#2947 = ORIENTED_EDGE('',*,*,#264,.F.);
#2948 = ORIENTED_EDGE('',*,*,#2485,.T.);
#2949 = ORIENTED_EDGE('',*,*,#1950,.T.);
#2950 = ORIENTED_EDGE('',*,*,#2951,.F.);
#2951 = EDGE_CURVE('',#24,#1951,#2952,.T.);
#2952 = SURFACE_CURVE('',#2953,(#2958,#2965),.PCURVE_S1.);
#2953 = CIRCLE('',#2954,2.);
#2954 = AXIS2_PLACEMENT_3D('',#2955,#2956,#2957);
#2955 = CARTESIAN_POINT('',(-11.,8.,9.5));
#2956 = DIRECTION('',(-0.,-0.,-1.));
#2957 = DIRECTION('',(0.,-1.,0.));
#2958 = PCURVE('',#280,#2959);
#2959 = DEFINITIONAL_REPRESENTATION('',(#2960),#2964);
#2960 = LINE('',#2961,#2962);
#2961 = CARTESIAN_POINT('',(1.570796326795,34.));
#2962 = VECTOR('',#2963,1.);
#2963 = DIRECTION('',(-1.,0.));
#2964 = ( GEOMETRIC_REPRESENTATION_CONTEXT(2) 
PARAMETRIC_REPRESENTATION_CONTEXT() REPRESENTATION_CONTEXT('2D SPACE',''
  ) );
#2965 = PCURVE('',#44,#2966);
#2966 = DEFINITIONAL_REPRESENTATION('',(#2967),#2975);
#2967 = ( BOUNDED_CURVE() B_SPLINE_CURVE(2,(#2968,#2969,#2970,#2971,
#2972,#2973,#2974),.UNSPECIFIED.,.T.,.F.) B_SPLINE_CURVE_WITH_KNOTS((1,2
    ,2,2,2,1),(-2.094395102393,0.,2.094395102393,4.188790204786,
6.28318530718,8.377580409573),.UNSPECIFIED.) CURVE() 
GEOMETRIC_REPRESENTATION_ITEM() RATIONAL_B_SPLINE_CURVE((1.,0.5,1.,0.5,
1.,0.5,1.)) REPRESENTATION_ITEM('') );
#2968 = CARTESIAN_POINT('',(2.,16.));
#2969 = CARTESIAN_POINT('',(-1.464101615138,16.));
#2970 = CARTESIAN_POINT('',(0.267949192431,19.));
#2971 = CARTESIAN_POINT('',(2.,22.));
#2972 = CARTESIAN_POINT('',(3.732050807569,19.));
#2973 = CARTESIAN_POINT('',(5.464101615138,16.));
#2974 = CARTESIAN_POINT('',(2.,16.));
#2975 = ( GEOMETRIC_REPRESENTATION_CONTEXT(2) 
PARAMETRIC_REPRESENTATION_CONTEXT() REPRESENTATION_CONTEXT('2D SPACE',''
  ) );
#2976 = ORIENTED_EDGE('',*,*,#373,.F.);
#2977 = ORIENTED_EDGE('',*,*,#2731,.F.);
#2978 = ORIENTED_EDGE('',*,*,#2827,.F.);
#2979 = ORIENTED_EDGE('',*,*,#321,.F.);
#2980 = ORIENTED_EDGE('',*,*,#2514,.F.);
#2981 = ORIENTED_EDGE('',*,*,#2610,.F.);
#2982 = ADVANCED_FACE('',(#2983),#44,.T.);
#2983 = FACE_BOUND('',#2984,.T.);
#2984 = EDGE_LOOP('',(#2985,#2986,#2987,#2988,#2989,#2990,#2991,#2992));
#2985 = ORIENTED_EDGE('',*,*,#21,.F.);
#2986 = ORIENTED_EDGE('',*,*,#2449,.T.);
#2987 = ORIENTED_EDGE('',*,*,#1446,.T.);
#2988 = ORIENTED_EDGE('',*,*,#1063,.F.);
#2989 = ORIENTED_EDGE('',*,*,#577,.T.);
#2990 = ORIENTED_EDGE('',*,*,#1524,.T.);
#2991 = ORIENTED_EDGE('',*,*,#1973,.F.);
#2992 = ORIENTED_EDGE('',*,*,#2951,.F.);
#2993 = ( GEOMETRIC_REPRESENTATION_CONTEXT(3) 
GLOBAL_UNCERTAINTY_ASSIGNED_CONTEXT((#2997)) 
GLOBAL_UNIT_ASSIGNED_CONTEXT((#2994,#2995,#2996)) REPRESENTATION_CONTEXT
('Context #1','3D Context with UNIT and UNCERTAINTY') );
#2994 = ( LENGTH_UNIT() NAMED_UNIT(*) SI_UNIT(.MILLI.,.METRE.) );
#2995 = ( NAMED_UNIT(*) PLANE_ANGLE_UNIT() SI_UNIT($,.RADIAN.) );
#2996 = ( NAMED_UNIT(*) SI_UNIT($,.STERADIAN.) SOLID_ANGLE_UNIT() );
#2997 = UNCERTAINTY_MEASURE_WITH_UNIT(LENGTH_MEASURE(1.E-07),#2994,
  'distance_accuracy_value','confusion accuracy');
#2998 = PRODUCT_RELATED_PRODUCT_CATEGORY('part',$,(#7));
ENDSEC;
END-ISO-10303-21;
