ISO-10303-21;
HEADER;
FILE_DESCRIPTION(('Open CASCADE Model'),'2;1');
FILE_NAME('Open CASCADE Shape Model','2026-08-29T02:58:43',('Author'),(
    'Open CASCADE'),'Open CASCADE STEP processor 7.9','Open CASCADE 7.9'
  ,'Unknown');
FILE_SCHEMA(('AUTOMOTIVE_DESIGN { 1 0 10303 214 1 1 1 1 }'));
ENDSEC;
DATA;
#1 = APPLICATION_PROTOCOL_DEFINITION('international standard',
  'automotive_design',2000,#2);
#2 = APPLICATION_CONTEXT(
  'core data for automotive mechanical design processes');
#3 = SHAPE_DEFINITION_REPRESENTATION(#4,#10);
#4 = PRODUCT_DEFINITION_SHAPE('','',#5);
#5 = PRODUCT_DEFINITION('design','',#6,#9);
#6 = PRODUCT_DEFINITION_FORMATION('','',#7);
#7 = PRODUCT('sts3032_unit','sts3032_unit','',(#8));
#8 = PRODUCT_CONTEXT('',#2,'mechanical');
#9 = PRODUCT_DEFINITION_CONTEXT('part definition',#2,'design');
#10 = SHAPE_REPRESENTATION('',(#11,#15,#19,#23,#27),#31);
#11 = AXIS2_PLACEMENT_3D('',#12,#13,#14);
#12 = CARTESIAN_POINT('',(0.,0.,0.));
#13 = DIRECTION('',(0.,0.,1.));
#14 = DIRECTION('',(1.,0.,-0.));
#15 = AXIS2_PLACEMENT_3D('',#16,#17,#18);
#16 = CARTESIAN_POINT('',(0.,0.,0.));
#17 = DIRECTION('',(0.,0.,1.));
#18 = DIRECTION('',(1.,0.,-0.));
#19 = AXIS2_PLACEMENT_3D('',#20,#21,#22);
#20 = CARTESIAN_POINT('',(0.,0.,0.));
#21 = DIRECTION('',(0.,0.,1.));
#22 = DIRECTION('',(1.,0.,-0.));
#23 = AXIS2_PLACEMENT_3D('',#24,#25,#26);
#24 = CARTESIAN_POINT('',(16.,0.,0.));
#25 = DIRECTION('',(0.,0.,1.));
#26 = DIRECTION('',(1.,0.,-0.));
#27 = AXIS2_PLACEMENT_3D('',#28,#29,#30);
#28 = CARTESIAN_POINT('',(-14.6,0.,0.));
#29 = DIRECTION('',(0.,0.,1.));
#30 = DIRECTION('',(-1.,1.224646799147E-16,0.));
#31 = ( GEOMETRIC_REPRESENTATION_CONTEXT(3) 
GLOBAL_UNCERTAINTY_ASSIGNED_CONTEXT((#35)) GLOBAL_UNIT_ASSIGNED_CONTEXT(
(#32,#33,#34)) REPRESENTATION_CONTEXT('Context #1',
  '3D Context with UNIT and UNCERTAINTY') );
#32 = ( LENGTH_UNIT() NAMED_UNIT(*) SI_UNIT(.MILLI.,.METRE.) );
#33 = ( NAMED_UNIT(*) PLANE_ANGLE_UNIT() SI_UNIT($,.RADIAN.) );
#34 = ( NAMED_UNIT(*) SI_UNIT($,.STERADIAN.) SOLID_ANGLE_UNIT() );
#35 = UNCERTAINTY_MEASURE_WITH_UNIT(LENGTH_MEASURE(1.E-07),#32,
  'distance_accuracy_value','confusion accuracy');
#36 = PRODUCT_RELATED_PRODUCT_CATEGORY('part',$,(#7));
#37 = SHAPE_DEFINITION_REPRESENTATION(#38,#44);
#38 = PRODUCT_DEFINITION_SHAPE('','',#39);
#39 = PRODUCT_DEFINITION('design','',#40,#43);
#40 = PRODUCT_DEFINITION_FORMATION('','',#41);
#41 = PRODUCT('cage','cage','',(#42));
#42 = PRODUCT_CONTEXT('',#2,'mechanical');
#43 = PRODUCT_DEFINITION_CONTEXT('part definition',#2,'design');
#44 = ADVANCED_BREP_SHAPE_REPRESENTATION('',(#11,#45),#3023);
#45 = MANIFOLD_SOLID_BREP('',#46);
#46 = CLOSED_SHELL('',(#47,#529,#603,#1032,#1426,#1497,#1953,#2024,#2051
    ,#2078,#2085,#2268,#2451,#2504,#2540,#2757,#2974,#3012));
#47 = ADVANCED_FACE('',(#48,#423),#62,.F.);
#48 = FACE_BOUND('',#49,.F.);
#49 = EDGE_LOOP('',(#50,#85,#113,#142,#166,#189,#218,#242,#265,#293,#321
    ,#350,#373,#402));
#50 = ORIENTED_EDGE('',*,*,#51,.F.);
#51 = EDGE_CURVE('',#52,#54,#56,.T.);
#52 = VERTEX_POINT('',#53);
#53 = CARTESIAN_POINT('',(-13.,-8.,9.5));
#54 = VERTEX_POINT('',#55);
#55 = CARTESIAN_POINT('',(-13.,8.,9.5));
#56 = SURFACE_CURVE('',#57,(#61,#73),.PCURVE_S1.);
#57 = LINE('',#58,#59);
#58 = CARTESIAN_POINT('',(-13.,-10.,9.5));
#59 = VECTOR('',#60,1.);
#60 = DIRECTION('',(0.,1.,0.));
#61 = PCURVE('',#62,#67);
#62 = PLANE('',#63);
#63 = AXIS2_PLACEMENT_3D('',#64,#65,#66);
#64 = CARTESIAN_POINT('',(-13.,-10.,-24.5));
#65 = DIRECTION('',(1.,0.,0.));
#66 = DIRECTION('',(0.,0.,1.));
#67 = DEFINITIONAL_REPRESENTATION('',(#68),#72);
#68 = LINE('',#69,#70);
#69 = CARTESIAN_POINT('',(34.,0.));
#70 = VECTOR('',#71,1.);
#71 = DIRECTION('',(0.,-1.));
#72 = ( GEOMETRIC_REPRESENTATION_CONTEXT(2) 
PARAMETRIC_REPRESENTATION_CONTEXT() REPRESENTATION_CONTEXT('2D SPACE',''
  ) );
#73 = PCURVE('',#74,#79);
#74 = PLANE('',#75);
#75 = AXIS2_PLACEMENT_3D('',#76,#77,#78);
#76 = CARTESIAN_POINT('',(-13.,-10.,9.5));
#77 = DIRECTION('',(0.,0.,1.));
#78 = DIRECTION('',(1.,0.,0.));
#79 = DEFINITIONAL_REPRESENTATION('',(#80),#84);
#80 = LINE('',#81,#82);
#81 = CARTESIAN_POINT('',(0.,0.));
#82 = VECTOR('',#83,1.);
#83 = DIRECTION('',(0.,1.));
#84 = ( GEOMETRIC_REPRESENTATION_CONTEXT(2) 
PARAMETRIC_REPRESENTATION_CONTEXT() REPRESENTATION_CONTEXT('2D SPACE',''
  ) );
#85 = ORIENTED_EDGE('',*,*,#86,.F.);
#86 = EDGE_CURVE('',#87,#52,#89,.T.);
#87 = VERTEX_POINT('',#88);
#88 = CARTESIAN_POINT('',(-13.,-8.,8.6));
#89 = SURFACE_CURVE('',#90,(#94,#101),.PCURVE_S1.);
#90 = LINE('',#91,#92);
#91 = CARTESIAN_POINT('',(-13.,-8.,-24.5));
#92 = VECTOR('',#93,1.);
#93 = DIRECTION('',(0.,0.,1.));
#94 = PCURVE('',#62,#95);
#95 = DEFINITIONAL_REPRESENTATION('',(#96),#100);
#96 = LINE('',#97,#98);
#97 = CARTESIAN_POINT('',(0.,-2.));
#98 = VECTOR('',#99,1.);
#99 = DIRECTION('',(1.,0.));
#100 = ( GEOMETRIC_REPRESENTATION_CONTEXT(2) 
PARAMETRIC_REPRESENTATION_CONTEXT() REPRESENTATION_CONTEXT('2D SPACE',''
  ) );
#101 = PCURVE('',#102,#107);
#102 = CYLINDRICAL_SURFACE('',#103,2.);
#103 = AXIS2_PLACEMENT_3D('',#104,#105,#106);
#104 = CARTESIAN_POINT('',(-11.,-8.,-24.5));
#105 = DIRECTION('',(0.,0.,1.));
#106 = DIRECTION('',(-1.,-0.,0.));
#107 = DEFINITIONAL_REPRESENTATION('',(#108),#112);
#108 = LINE('',#109,#110);
#109 = CARTESIAN_POINT('',(0.,0.));
#110 = VECTOR('',#111,1.);
#111 = DIRECTION('',(0.,1.));
#112 = ( GEOMETRIC_REPRESENTATION_CONTEXT(2) 
PARAMETRIC_REPRESENTATION_CONTEXT() REPRESENTATION_CONTEXT('2D SPACE',''
  ) );
#113 = ORIENTED_EDGE('',*,*,#114,.F.);
#114 = EDGE_CURVE('',#115,#87,#117,.T.);
#115 = VERTEX_POINT('',#116);
#116 = CARTESIAN_POINT('',(-13.,-6.9,7.5));
#117 = SURFACE_CURVE('',#118,(#123,#130),.PCURVE_S1.);
#118 = CIRCLE('',#119,1.1);
#119 = AXIS2_PLACEMENT_3D('',#120,#121,#122);
#120 = CARTESIAN_POINT('',(-13.,-8.,7.5));
#121 = DIRECTION('',(1.,0.,0.));
#122 = DIRECTION('',(-0.,1.,0.));
#123 = PCURVE('',#62,#124);
#124 = DEFINITIONAL_REPRESENTATION('',(#125),#129);
#125 = CIRCLE('',#126,1.1);
#126 = AXIS2_PLACEMENT_2D('',#127,#128);
#127 = CARTESIAN_POINT('',(32.,-2.));
#128 = DIRECTION('',(0.,-1.));
#129 = ( GEOMETRIC_REPRESENTATION_CONTEXT(2) 
PARAMETRIC_REPRESENTATION_CONTEXT() REPRESENTATION_CONTEXT('2D SPACE',''
  ) );
#130 = PCURVE('',#131,#136);
#131 = CYLINDRICAL_SURFACE('',#132,1.1);
#132 = AXIS2_PLACEMENT_3D('',#133,#134,#135);
#133 = CARTESIAN_POINT('',(0.,-8.,7.5));
#134 = DIRECTION('',(1.,0.,0.));
#135 = DIRECTION('',(0.,1.,0.));
#136 = DEFINITIONAL_REPRESENTATION('',(#137),#141);
#137 = LINE('',#138,#139);
#138 = CARTESIAN_POINT('',(0.,-13.));
#139 = VECTOR('',#140,1.);
#140 = DIRECTION('',(1.,0.));
#141 = ( GEOMETRIC_REPRESENTATION_CONTEXT(2) 
PARAMETRIC_REPRESENTATION_CONTEXT() REPRESENTATION_CONTEXT('2D SPACE',''
  ) );
#142 = ORIENTED_EDGE('',*,*,#143,.F.);
#143 = EDGE_CURVE('',#144,#115,#146,.T.);
#144 = VERTEX_POINT('',#145);
#145 = CARTESIAN_POINT('',(-13.,-8.,6.4));
#146 = SURFACE_CURVE('',#147,(#152,#159),.PCURVE_S1.);
#147 = CIRCLE('',#148,1.1);
#148 = AXIS2_PLACEMENT_3D('',#149,#150,#151);
#149 = CARTESIAN_POINT('',(-13.,-8.,7.5));
#150 = DIRECTION('',(1.,0.,0.));
#151 = DIRECTION('',(-0.,1.,0.));
#152 = PCURVE('',#62,#153);
#153 = DEFINITIONAL_REPRESENTATION('',(#154),#158);
#154 = CIRCLE('',#155,1.1);
#155 = AXIS2_PLACEMENT_2D('',#156,#157);
#156 = CARTESIAN_POINT('',(32.,-2.));
#157 = DIRECTION('',(0.,-1.));
#158 = ( GEOMETRIC_REPRESENTATION_CONTEXT(2) 
PARAMETRIC_REPRESENTATION_CONTEXT() REPRESENTATION_CONTEXT('2D SPACE',''
  ) );
#159 = PCURVE('',#131,#160);
#160 = DEFINITIONAL_REPRESENTATION('',(#161),#165);
#161 = LINE('',#162,#163);
#162 = CARTESIAN_POINT('',(0.,-13.));
#163 = VECTOR('',#164,1.);
#164 = DIRECTION('',(1.,0.));
#165 = ( GEOMETRIC_REPRESENTATION_CONTEXT(2) 
PARAMETRIC_REPRESENTATION_CONTEXT() REPRESENTATION_CONTEXT('2D SPACE',''
  ) );
#166 = ORIENTED_EDGE('',*,*,#167,.F.);
#167 = EDGE_CURVE('',#168,#144,#170,.T.);
#168 = VERTEX_POINT('',#169);
#169 = CARTESIAN_POINT('',(-13.,-8.,-21.4));
#170 = SURFACE_CURVE('',#171,(#175,#182),.PCURVE_S1.);
#171 = LINE('',#172,#173);
#172 = CARTESIAN_POINT('',(-13.,-8.,-24.5));
#173 = VECTOR('',#174,1.);
#174 = DIRECTION('',(0.,0.,1.));
#175 = PCURVE('',#62,#176);
#176 = DEFINITIONAL_REPRESENTATION('',(#177),#181);
#177 = LINE('',#178,#179);
#178 = CARTESIAN_POINT('',(0.,-2.));
#179 = VECTOR('',#180,1.);
#180 = DIRECTION('',(1.,0.));
#181 = ( GEOMETRIC_REPRESENTATION_CONTEXT(2) 
PARAMETRIC_REPRESENTATION_CONTEXT() REPRESENTATION_CONTEXT('2D SPACE',''
  ) );
#182 = PCURVE('',#102,#183);
#183 = DEFINITIONAL_REPRESENTATION('',(#184),#188);
#184 = LINE('',#185,#186);
#185 = CARTESIAN_POINT('',(0.,0.));
#186 = VECTOR('',#187,1.);
#187 = DIRECTION('',(0.,1.));
#188 = ( GEOMETRIC_REPRESENTATION_CONTEXT(2) 
PARAMETRIC_REPRESENTATION_CONTEXT() REPRESENTATION_CONTEXT('2D SPACE',''
  ) );
#189 = ORIENTED_EDGE('',*,*,#190,.F.);
#190 = EDGE_CURVE('',#191,#168,#193,.T.);
#191 = VERTEX_POINT('',#192);
#192 = CARTESIAN_POINT('',(-13.,-6.9,-22.5));
#193 = SURFACE_CURVE('',#194,(#199,#206),.PCURVE_S1.);
#194 = CIRCLE('',#195,1.1);
#195 = AXIS2_PLACEMENT_3D('',#196,#197,#198);
#196 = CARTESIAN_POINT('',(-13.,-8.,-22.5));
#197 = DIRECTION('',(1.,0.,0.));
#198 = DIRECTION('',(-0.,1.,0.));
#199 = PCURVE('',#62,#200);
#200 = DEFINITIONAL_REPRESENTATION('',(#201),#205);
#201 = CIRCLE('',#202,1.1);
#202 = AXIS2_PLACEMENT_2D('',#203,#204);
#203 = CARTESIAN_POINT('',(2.,-2.));
#204 = DIRECTION('',(0.,-1.));
#205 = ( GEOMETRIC_REPRESENTATION_CONTEXT(2) 
PARAMETRIC_REPRESENTATION_CONTEXT() REPRESENTATION_CONTEXT('2D SPACE',''
  ) );
#206 = PCURVE('',#207,#212);
#207 = CYLINDRICAL_SURFACE('',#208,1.1);
#208 = AXIS2_PLACEMENT_3D('',#209,#210,#211);
#209 = CARTESIAN_POINT('',(0.,-8.,-22.5));
#210 = DIRECTION('',(1.,0.,0.));
#211 = DIRECTION('',(0.,1.,0.));
#212 = DEFINITIONAL_REPRESENTATION('',(#213),#217);
#213 = LINE('',#214,#215);
#214 = CARTESIAN_POINT('',(0.,-13.));
#215 = VECTOR('',#216,1.);
#216 = DIRECTION('',(1.,0.));
#217 = ( GEOMETRIC_REPRESENTATION_CONTEXT(2) 
PARAMETRIC_REPRESENTATION_CONTEXT() REPRESENTATION_CONTEXT('2D SPACE',''
  ) );
#218 = ORIENTED_EDGE('',*,*,#219,.F.);
#219 = EDGE_CURVE('',#220,#191,#222,.T.);
#220 = VERTEX_POINT('',#221);
#221 = CARTESIAN_POINT('',(-13.,-8.,-23.6));
#222 = SURFACE_CURVE('',#223,(#228,#235),.PCURVE_S1.);
#223 = CIRCLE('',#224,1.1);
#224 = AXIS2_PLACEMENT_3D('',#225,#226,#227);
#225 = CARTESIAN_POINT('',(-13.,-8.,-22.5));
#226 = DIRECTION('',(1.,0.,0.));
#227 = DIRECTION('',(-0.,1.,0.));
#228 = PCURVE('',#62,#229);
#229 = DEFINITIONAL_REPRESENTATION('',(#230),#234);
#230 = CIRCLE('',#231,1.1);
#231 = AXIS2_PLACEMENT_2D('',#232,#233);
#232 = CARTESIAN_POINT('',(2.,-2.));
#233 = DIRECTION('',(0.,-1.));
#234 = ( GEOMETRIC_REPRESENTATION_CONTEXT(2) 
PARAMETRIC_REPRESENTATION_CONTEXT() REPRESENTATION_CONTEXT('2D SPACE',''
  ) );
#235 = PCURVE('',#207,#236);
#236 = DEFINITIONAL_REPRESENTATION('',(#237),#241);
#237 = LINE('',#238,#239);
#238 = CARTESIAN_POINT('',(0.,-13.));
#239 = VECTOR('',#240,1.);
#240 = DIRECTION('',(1.,0.));
#241 = ( GEOMETRIC_REPRESENTATION_CONTEXT(2) 
PARAMETRIC_REPRESENTATION_CONTEXT() REPRESENTATION_CONTEXT('2D SPACE',''
  ) );
#242 = ORIENTED_EDGE('',*,*,#243,.F.);
#243 = EDGE_CURVE('',#244,#220,#246,.T.);
#244 = VERTEX_POINT('',#245);
#245 = CARTESIAN_POINT('',(-13.,-8.,-24.5));
#246 = SURFACE_CURVE('',#247,(#251,#258),.PCURVE_S1.);
#247 = LINE('',#248,#249);
#248 = CARTESIAN_POINT('',(-13.,-8.,-24.5));
#249 = VECTOR('',#250,1.);
#250 = DIRECTION('',(0.,0.,1.));
#251 = PCURVE('',#62,#252);
#252 = DEFINITIONAL_REPRESENTATION('',(#253),#257);
#253 = LINE('',#254,#255);
#254 = CARTESIAN_POINT('',(0.,-2.));
#255 = VECTOR('',#256,1.);
#256 = DIRECTION('',(1.,0.));
#257 = ( GEOMETRIC_REPRESENTATION_CONTEXT(2) 
PARAMETRIC_REPRESENTATION_CONTEXT() REPRESENTATION_CONTEXT('2D SPACE',''
  ) );
#258 = PCURVE('',#102,#259);
#259 = DEFINITIONAL_REPRESENTATION('',(#260),#264);
#260 = LINE('',#261,#262);
#261 = CARTESIAN_POINT('',(0.,0.));
#262 = VECTOR('',#263,1.);
#263 = DIRECTION('',(0.,1.));
#264 = ( GEOMETRIC_REPRESENTATION_CONTEXT(2) 
PARAMETRIC_REPRESENTATION_CONTEXT() REPRESENTATION_CONTEXT('2D SPACE',''
  ) );
#265 = ORIENTED_EDGE('',*,*,#266,.T.);
#266 = EDGE_CURVE('',#244,#267,#269,.T.);
#267 = VERTEX_POINT('',#268);
#268 = CARTESIAN_POINT('',(-13.,8.,-24.5));
#269 = SURFACE_CURVE('',#270,(#274,#281),.PCURVE_S1.);
#270 = LINE('',#271,#272);
#271 = CARTESIAN_POINT('',(-13.,-10.,-24.5));
#272 = VECTOR('',#273,1.);
#273 = DIRECTION('',(0.,1.,0.));
#274 = PCURVE('',#62,#275);
#275 = DEFINITIONAL_REPRESENTATION('',(#276),#280);
#276 = LINE('',#277,#278);
#277 = CARTESIAN_POINT('',(0.,0.));
#278 = VECTOR('',#279,1.);
#279 = DIRECTION('',(0.,-1.));
#280 = ( GEOMETRIC_REPRESENTATION_CONTEXT(2) 
PARAMETRIC_REPRESENTATION_CONTEXT() REPRESENTATION_CONTEXT('2D SPACE',''
  ) );
#281 = PCURVE('',#282,#287);
#282 = PLANE('',#283);
#283 = AXIS2_PLACEMENT_3D('',#284,#285,#286);
#284 = CARTESIAN_POINT('',(-13.,-10.,-24.5));
#285 = DIRECTION('',(0.,0.,1.));
#286 = DIRECTION('',(1.,0.,0.));
#287 = DEFINITIONAL_REPRESENTATION('',(#288),#292);
#288 = LINE('',#289,#290);
#289 = CARTESIAN_POINT('',(0.,0.));
#290 = VECTOR('',#291,1.);
#291 = DIRECTION('',(0.,1.));
#292 = ( GEOMETRIC_REPRESENTATION_CONTEXT(2) 
PARAMETRIC_REPRESENTATION_CONTEXT() REPRESENTATION_CONTEXT('2D SPACE',''
  ) );
#293 = ORIENTED_EDGE('',*,*,#294,.T.);
#294 = EDGE_CURVE('',#267,#295,#297,.T.);
#295 = VERTEX_POINT('',#296);
#296 = CARTESIAN_POINT('',(-13.,8.,-23.6));
#297 = SURFACE_CURVE('',#298,(#302,#309),.PCURVE_S1.);
#298 = LINE('',#299,#300);
#299 = CARTESIAN_POINT('',(-13.,8.,-24.5));
#300 = VECTOR('',#301,1.);
#301 = DIRECTION('',(0.,0.,1.));
#302 = PCURVE('',#62,#303);
#303 = DEFINITIONAL_REPRESENTATION('',(#304),#308);
#304 = LINE('',#305,#306);
#305 = CARTESIAN_POINT('',(0.,-18.));
#306 = VECTOR('',#307,1.);
#307 = DIRECTION('',(1.,0.));
#308 = ( GEOMETRIC_REPRESENTATION_CONTEXT(2) 
PARAMETRIC_REPRESENTATION_CONTEXT() REPRESENTATION_CONTEXT('2D SPACE',''
  ) );
#309 = PCURVE('',#310,#315);
#310 = CYLINDRICAL_SURFACE('',#311,2.);
#311 = AXIS2_PLACEMENT_3D('',#312,#313,#314);
#312 = CARTESIAN_POINT('',(-11.,8.,-24.5));
#313 = DIRECTION('',(0.,0.,1.));
#314 = DIRECTION('',(-1.,-0.,0.));
#315 = DEFINITIONAL_REPRESENTATION('',(#316),#320);
#316 = LINE('',#317,#318);
#317 = CARTESIAN_POINT('',(-0.,0.));
#318 = VECTOR('',#319,1.);
#319 = DIRECTION('',(-0.,1.));
#320 = ( GEOMETRIC_REPRESENTATION_CONTEXT(2) 
PARAMETRIC_REPRESENTATION_CONTEXT() REPRESENTATION_CONTEXT('2D SPACE',''
  ) );
#321 = ORIENTED_EDGE('',*,*,#322,.F.);
#322 = EDGE_CURVE('',#323,#295,#325,.T.);
#323 = VERTEX_POINT('',#324);
#324 = CARTESIAN_POINT('',(-13.,8.,-21.4));
#325 = SURFACE_CURVE('',#326,(#331,#338),.PCURVE_S1.);
#326 = CIRCLE('',#327,1.1);
#327 = AXIS2_PLACEMENT_3D('',#328,#329,#330);
#328 = CARTESIAN_POINT('',(-13.,8.,-22.5));
#329 = DIRECTION('',(1.,0.,0.));
#330 = DIRECTION('',(-0.,1.,0.));
#331 = PCURVE('',#62,#332);
#332 = DEFINITIONAL_REPRESENTATION('',(#333),#337);
#333 = CIRCLE('',#334,1.1);
#334 = AXIS2_PLACEMENT_2D('',#335,#336);
#335 = CARTESIAN_POINT('',(2.,-18.));
#336 = DIRECTION('',(0.,-1.));
#337 = ( GEOMETRIC_REPRESENTATION_CONTEXT(2) 
PARAMETRIC_REPRESENTATION_CONTEXT() REPRESENTATION_CONTEXT('2D SPACE',''
  ) );
#338 = PCURVE('',#339,#344);
#339 = CYLINDRICAL_SURFACE('',#340,1.1);
#340 = AXIS2_PLACEMENT_3D('',#341,#342,#343);
#341 = CARTESIAN_POINT('',(0.,8.,-22.5));
#342 = DIRECTION('',(1.,0.,0.));
#343 = DIRECTION('',(0.,1.,0.));
#344 = DEFINITIONAL_REPRESENTATION('',(#345),#349);
#345 = LINE('',#346,#347);
#346 = CARTESIAN_POINT('',(0.,-13.));
#347 = VECTOR('',#348,1.);
#348 = DIRECTION('',(1.,0.));
#349 = ( GEOMETRIC_REPRESENTATION_CONTEXT(2) 
PARAMETRIC_REPRESENTATION_CONTEXT() REPRESENTATION_CONTEXT('2D SPACE',''
  ) );
#350 = ORIENTED_EDGE('',*,*,#351,.T.);
#351 = EDGE_CURVE('',#323,#352,#354,.T.);
#352 = VERTEX_POINT('',#353);
#353 = CARTESIAN_POINT('',(-13.,8.,6.4));
#354 = SURFACE_CURVE('',#355,(#359,#366),.PCURVE_S1.);
#355 = LINE('',#356,#357);
#356 = CARTESIAN_POINT('',(-13.,8.,-24.5));
#357 = VECTOR('',#358,1.);
#358 = DIRECTION('',(0.,0.,1.));
#359 = PCURVE('',#62,#360);
#360 = DEFINITIONAL_REPRESENTATION('',(#361),#365);
#361 = LINE('',#362,#363);
#362 = CARTESIAN_POINT('',(0.,-18.));
#363 = VECTOR('',#364,1.);
#364 = DIRECTION('',(1.,0.));
#365 = ( GEOMETRIC_REPRESENTATION_CONTEXT(2) 
PARAMETRIC_REPRESENTATION_CONTEXT() REPRESENTATION_CONTEXT('2D SPACE',''
  ) );
#366 = PCURVE('',#310,#367);
#367 = DEFINITIONAL_REPRESENTATION('',(#368),#372);
#368 = LINE('',#369,#370);
#369 = CARTESIAN_POINT('',(-0.,0.));
#370 = VECTOR('',#371,1.);
#371 = DIRECTION('',(-0.,1.));
#372 = ( GEOMETRIC_REPRESENTATION_CONTEXT(2) 
PARAMETRIC_REPRESENTATION_CONTEXT() REPRESENTATION_CONTEXT('2D SPACE',''
  ) );
#373 = ORIENTED_EDGE('',*,*,#374,.F.);
#374 = EDGE_CURVE('',#375,#352,#377,.T.);
#375 = VERTEX_POINT('',#376);
#376 = CARTESIAN_POINT('',(-13.,8.,8.6));
#377 = SURFACE_CURVE('',#378,(#383,#390),.PCURVE_S1.);
#378 = CIRCLE('',#379,1.1);
#379 = AXIS2_PLACEMENT_3D('',#380,#381,#382);
#380 = CARTESIAN_POINT('',(-13.,8.,7.5));
#381 = DIRECTION('',(1.,0.,0.));
#382 = DIRECTION('',(-0.,1.,0.));
#383 = PCURVE('',#62,#384);
#384 = DEFINITIONAL_REPRESENTATION('',(#385),#389);
#385 = CIRCLE('',#386,1.1);
#386 = AXIS2_PLACEMENT_2D('',#387,#388);
#387 = CARTESIAN_POINT('',(32.,-18.));
#388 = DIRECTION('',(0.,-1.));
#389 = ( GEOMETRIC_REPRESENTATION_CONTEXT(2) 
PARAMETRIC_REPRESENTATION_CONTEXT() REPRESENTATION_CONTEXT('2D SPACE',''
  ) );
#390 = PCURVE('',#391,#396);
#391 = CYLINDRICAL_SURFACE('',#392,1.1);
#392 = AXIS2_PLACEMENT_3D('',#393,#394,#395);
#393 = CARTESIAN_POINT('',(0.,8.,7.5));
#394 = DIRECTION('',(1.,0.,0.));
#395 = DIRECTION('',(0.,1.,0.));
#396 = DEFINITIONAL_REPRESENTATION('',(#397),#401);
#397 = LINE('',#398,#399);
#398 = CARTESIAN_POINT('',(0.,-13.));
#399 = VECTOR('',#400,1.);
#400 = DIRECTION('',(1.,0.));
#401 = ( GEOMETRIC_REPRESENTATION_CONTEXT(2) 
PARAMETRIC_REPRESENTATION_CONTEXT() REPRESENTATION_CONTEXT('2D SPACE',''
  ) );
#402 = ORIENTED_EDGE('',*,*,#403,.T.);
#403 = EDGE_CURVE('',#375,#54,#404,.T.);
#404 = SURFACE_CURVE('',#405,(#409,#416),.PCURVE_S1.);
#405 = LINE('',#406,#407);
#406 = CARTESIAN_POINT('',(-13.,8.,-24.5));
#407 = VECTOR('',#408,1.);
#408 = DIRECTION('',(0.,0.,1.));
#409 = PCURVE('',#62,#410);
#410 = DEFINITIONAL_REPRESENTATION('',(#411),#415);
#411 = LINE('',#412,#413);
#412 = CARTESIAN_POINT('',(0.,-18.));
#413 = VECTOR('',#414,1.);
#414 = DIRECTION('',(1.,0.));
#415 = ( GEOMETRIC_REPRESENTATION_CONTEXT(2) 
PARAMETRIC_REPRESENTATION_CONTEXT() REPRESENTATION_CONTEXT('2D SPACE',''
  ) );
#416 = PCURVE('',#310,#417);
#417 = DEFINITIONAL_REPRESENTATION('',(#418),#422);
#418 = LINE('',#419,#420);
#419 = CARTESIAN_POINT('',(-0.,0.));
#420 = VECTOR('',#421,1.);
#421 = DIRECTION('',(-0.,1.));
#422 = ( GEOMETRIC_REPRESENTATION_CONTEXT(2) 
PARAMETRIC_REPRESENTATION_CONTEXT() REPRESENTATION_CONTEXT('2D SPACE',''
  ) );
#423 = FACE_BOUND('',#424,.F.);
#424 = EDGE_LOOP('',(#425,#453,#479,#505));
#425 = ORIENTED_EDGE('',*,*,#426,.T.);
#426 = EDGE_CURVE('',#427,#429,#431,.T.);
#427 = VERTEX_POINT('',#428);
#428 = CARTESIAN_POINT('',(-13.,6.25,-24.25));
#429 = VERTEX_POINT('',#430);
#430 = CARTESIAN_POINT('',(-13.,-6.25,-24.25));
#431 = SURFACE_CURVE('',#432,(#436,#442),.PCURVE_S1.);
#432 = LINE('',#433,#434);
#433 = CARTESIAN_POINT('',(-13.,-8.125,-24.25));
#434 = VECTOR('',#435,1.);
#435 = DIRECTION('',(0.,-1.,0.));
#436 = PCURVE('',#62,#437);
#437 = DEFINITIONAL_REPRESENTATION('',(#438),#441);
#438 = B_SPLINE_CURVE_WITH_KNOTS('',1,(#439,#440),.UNSPECIFIED.,.F.,.F.,
  (2,2),(-14.375,-1.875),.PIECEWISE_BEZIER_KNOTS.);
#439 = CARTESIAN_POINT('',(0.25,-16.25));
#440 = CARTESIAN_POINT('',(0.25,-3.75));
#441 = ( GEOMETRIC_REPRESENTATION_CONTEXT(2) 
PARAMETRIC_REPRESENTATION_CONTEXT() REPRESENTATION_CONTEXT('2D SPACE',''
  ) );
#442 = PCURVE('',#443,#448);
#443 = PLANE('',#444);
#444 = AXIS2_PLACEMENT_3D('',#445,#446,#447);
#445 = CARTESIAN_POINT('',(-16.,-6.25,-24.25));
#446 = DIRECTION('',(0.,0.,1.));
#447 = DIRECTION('',(1.,0.,0.));
#448 = DEFINITIONAL_REPRESENTATION('',(#449),#452);
#449 = B_SPLINE_CURVE_WITH_KNOTS('',1,(#450,#451),.UNSPECIFIED.,.F.,.F.,
  (2,2),(-14.375,-1.875),.PIECEWISE_BEZIER_KNOTS.);
#450 = CARTESIAN_POINT('',(3.,12.5));
#451 = CARTESIAN_POINT('',(3.,0.));
#452 = ( GEOMETRIC_REPRESENTATION_CONTEXT(2) 
PARAMETRIC_REPRESENTATION_CONTEXT() REPRESENTATION_CONTEXT('2D SPACE',''
  ) );
#453 = ORIENTED_EDGE('',*,*,#454,.T.);
#454 = EDGE_CURVE('',#429,#455,#457,.T.);
#455 = VERTEX_POINT('',#456);
#456 = CARTESIAN_POINT('',(-13.,-6.25,8.25));
#457 = SURFACE_CURVE('',#458,(#462,#468),.PCURVE_S1.);
#458 = LINE('',#459,#460);
#459 = CARTESIAN_POINT('',(-13.,-6.25,-24.375));
#460 = VECTOR('',#461,1.);
#461 = DIRECTION('',(0.,0.,1.));
#462 = PCURVE('',#62,#463);
#463 = DEFINITIONAL_REPRESENTATION('',(#464),#467);
#464 = B_SPLINE_CURVE_WITH_KNOTS('',1,(#465,#466),.UNSPECIFIED.,.F.,.F.,
  (2,2),(0.125,32.625),.PIECEWISE_BEZIER_KNOTS.);
#465 = CARTESIAN_POINT('',(0.25,-3.75));
#466 = CARTESIAN_POINT('',(32.75,-3.75));
#467 = ( GEOMETRIC_REPRESENTATION_CONTEXT(2) 
PARAMETRIC_REPRESENTATION_CONTEXT() REPRESENTATION_CONTEXT('2D SPACE',''
  ) );
#468 = PCURVE('',#469,#474);
#469 = PLANE('',#470);
#470 = AXIS2_PLACEMENT_3D('',#471,#472,#473);
#471 = CARTESIAN_POINT('',(-16.,-6.25,-24.25));
#472 = DIRECTION('',(0.,1.,0.));
#473 = DIRECTION('',(0.,0.,1.));
#474 = DEFINITIONAL_REPRESENTATION('',(#475),#478);
#475 = B_SPLINE_CURVE_WITH_KNOTS('',1,(#476,#477),.UNSPECIFIED.,.F.,.F.,
  (2,2),(0.125,32.625),.PIECEWISE_BEZIER_KNOTS.);
#476 = CARTESIAN_POINT('',(0.,3.));
#477 = CARTESIAN_POINT('',(32.5,3.));
#478 = ( GEOMETRIC_REPRESENTATION_CONTEXT(2) 
PARAMETRIC_REPRESENTATION_CONTEXT() REPRESENTATION_CONTEXT('2D SPACE',''
  ) );
#479 = ORIENTED_EDGE('',*,*,#480,.F.);
#480 = EDGE_CURVE('',#481,#455,#483,.T.);
#481 = VERTEX_POINT('',#482);
#482 = CARTESIAN_POINT('',(-13.,6.25,8.25));
#483 = SURFACE_CURVE('',#484,(#488,#494),.PCURVE_S1.);
#484 = LINE('',#485,#486);
#485 = CARTESIAN_POINT('',(-13.,-8.125,8.25));
#486 = VECTOR('',#487,1.);
#487 = DIRECTION('',(0.,-1.,0.));
#488 = PCURVE('',#62,#489);
#489 = DEFINITIONAL_REPRESENTATION('',(#490),#493);
#490 = B_SPLINE_CURVE_WITH_KNOTS('',1,(#491,#492),.UNSPECIFIED.,.F.,.F.,
  (2,2),(-14.375,-1.875),.PIECEWISE_BEZIER_KNOTS.);
#491 = CARTESIAN_POINT('',(32.75,-16.25));
#492 = CARTESIAN_POINT('',(32.75,-3.75));
#493 = ( GEOMETRIC_REPRESENTATION_CONTEXT(2) 
PARAMETRIC_REPRESENTATION_CONTEXT() REPRESENTATION_CONTEXT('2D SPACE',''
  ) );
#494 = PCURVE('',#495,#500);
#495 = PLANE('',#496);
#496 = AXIS2_PLACEMENT_3D('',#497,#498,#499);
#497 = CARTESIAN_POINT('',(-16.,-6.25,8.25));
#498 = DIRECTION('',(0.,0.,1.));
#499 = DIRECTION('',(1.,0.,0.));
#500 = DEFINITIONAL_REPRESENTATION('',(#501),#504);
#501 = B_SPLINE_CURVE_WITH_KNOTS('',1,(#502,#503),.UNSPECIFIED.,.F.,.F.,
  (2,2),(-14.375,-1.875),.PIECEWISE_BEZIER_KNOTS.);
#502 = CARTESIAN_POINT('',(3.,12.5));
#503 = CARTESIAN_POINT('',(3.,0.));
#504 = ( GEOMETRIC_REPRESENTATION_CONTEXT(2) 
PARAMETRIC_REPRESENTATION_CONTEXT() REPRESENTATION_CONTEXT('2D SPACE',''
  ) );
#505 = ORIENTED_EDGE('',*,*,#506,.F.);
#506 = EDGE_CURVE('',#427,#481,#507,.T.);
#507 = SURFACE_CURVE('',#508,(#512,#518),.PCURVE_S1.);
#508 = LINE('',#509,#510);
#509 = CARTESIAN_POINT('',(-13.,6.25,-24.375));
#510 = VECTOR('',#511,1.);
#511 = DIRECTION('',(0.,0.,1.));
#512 = PCURVE('',#62,#513);
#513 = DEFINITIONAL_REPRESENTATION('',(#514),#517);
#514 = B_SPLINE_CURVE_WITH_KNOTS('',1,(#515,#516),.UNSPECIFIED.,.F.,.F.,
  (2,2),(0.125,32.625),.PIECEWISE_BEZIER_KNOTS.);
#515 = CARTESIAN_POINT('',(0.25,-16.25));
#516 = CARTESIAN_POINT('',(32.75,-16.25));
#517 = ( GEOMETRIC_REPRESENTATION_CONTEXT(2) 
PARAMETRIC_REPRESENTATION_CONTEXT() REPRESENTATION_CONTEXT('2D SPACE',''
  ) );
#518 = PCURVE('',#519,#524);
#519 = PLANE('',#520);
#520 = AXIS2_PLACEMENT_3D('',#521,#522,#523);
#521 = CARTESIAN_POINT('',(-16.,6.25,-24.25));
#522 = DIRECTION('',(0.,1.,0.));
#523 = DIRECTION('',(0.,0.,1.));
#524 = DEFINITIONAL_REPRESENTATION('',(#525),#528);
#525 = B_SPLINE_CURVE_WITH_KNOTS('',1,(#526,#527),.UNSPECIFIED.,.F.,.F.,
  (2,2),(0.125,32.625),.PIECEWISE_BEZIER_KNOTS.);
#526 = CARTESIAN_POINT('',(0.,3.));
#527 = CARTESIAN_POINT('',(32.5,3.));
#528 = ( GEOMETRIC_REPRESENTATION_CONTEXT(2) 
PARAMETRIC_REPRESENTATION_CONTEXT() REPRESENTATION_CONTEXT('2D SPACE',''
  ) );
#529 = ADVANCED_FACE('',(#530),#495,.F.);
#530 = FACE_BOUND('',#531,.F.);
#531 = EDGE_LOOP('',(#532,#555,#556,#579));
#532 = ORIENTED_EDGE('',*,*,#533,.F.);
#533 = EDGE_CURVE('',#481,#534,#536,.T.);
#534 = VERTEX_POINT('',#535);
#535 = CARTESIAN_POINT('',(13.,6.25,8.25));
#536 = SURFACE_CURVE('',#537,(#541,#548),.PCURVE_S1.);
#537 = LINE('',#538,#539);
#538 = CARTESIAN_POINT('',(-16.,6.25,8.25));
#539 = VECTOR('',#540,1.);
#540 = DIRECTION('',(1.,0.,0.));
#541 = PCURVE('',#495,#542);
#542 = DEFINITIONAL_REPRESENTATION('',(#543),#547);
#543 = LINE('',#544,#545);
#544 = CARTESIAN_POINT('',(0.,12.5));
#545 = VECTOR('',#546,1.);
#546 = DIRECTION('',(1.,0.));
#547 = ( GEOMETRIC_REPRESENTATION_CONTEXT(2) 
PARAMETRIC_REPRESENTATION_CONTEXT() REPRESENTATION_CONTEXT('2D SPACE',''
  ) );
#548 = PCURVE('',#519,#549);
#549 = DEFINITIONAL_REPRESENTATION('',(#550),#554);
#550 = LINE('',#551,#552);
#551 = CARTESIAN_POINT('',(32.5,0.));
#552 = VECTOR('',#553,1.);
#553 = DIRECTION('',(0.,1.));
#554 = ( GEOMETRIC_REPRESENTATION_CONTEXT(2) 
PARAMETRIC_REPRESENTATION_CONTEXT() REPRESENTATION_CONTEXT('2D SPACE',''
  ) );
#555 = ORIENTED_EDGE('',*,*,#480,.T.);
#556 = ORIENTED_EDGE('',*,*,#557,.T.);
#557 = EDGE_CURVE('',#455,#558,#560,.T.);
#558 = VERTEX_POINT('',#559);
#559 = CARTESIAN_POINT('',(13.,-6.25,8.25));
#560 = SURFACE_CURVE('',#561,(#565,#572),.PCURVE_S1.);
#561 = LINE('',#562,#563);
#562 = CARTESIAN_POINT('',(-16.,-6.25,8.25));
#563 = VECTOR('',#564,1.);
#564 = DIRECTION('',(1.,0.,0.));
#565 = PCURVE('',#495,#566);
#566 = DEFINITIONAL_REPRESENTATION('',(#567),#571);
#567 = LINE('',#568,#569);
#568 = CARTESIAN_POINT('',(0.,0.));
#569 = VECTOR('',#570,1.);
#570 = DIRECTION('',(1.,0.));
#571 = ( GEOMETRIC_REPRESENTATION_CONTEXT(2) 
PARAMETRIC_REPRESENTATION_CONTEXT() REPRESENTATION_CONTEXT('2D SPACE',''
  ) );
#572 = PCURVE('',#469,#573);
#573 = DEFINITIONAL_REPRESENTATION('',(#574),#578);
#574 = LINE('',#575,#576);
#575 = CARTESIAN_POINT('',(32.5,0.));
#576 = VECTOR('',#577,1.);
#577 = DIRECTION('',(0.,1.));
#578 = ( GEOMETRIC_REPRESENTATION_CONTEXT(2) 
PARAMETRIC_REPRESENTATION_CONTEXT() REPRESENTATION_CONTEXT('2D SPACE',''
  ) );
#579 = ORIENTED_EDGE('',*,*,#580,.F.);
#580 = EDGE_CURVE('',#534,#558,#581,.T.);
#581 = SURFACE_CURVE('',#582,(#586,#592),.PCURVE_S1.);
#582 = LINE('',#583,#584);
#583 = CARTESIAN_POINT('',(13.,-8.125,8.25));
#584 = VECTOR('',#585,1.);
#585 = DIRECTION('',(0.,-1.,0.));
#586 = PCURVE('',#495,#587);
#587 = DEFINITIONAL_REPRESENTATION('',(#588),#591);
#588 = B_SPLINE_CURVE_WITH_KNOTS('',1,(#589,#590),.UNSPECIFIED.,.F.,.F.,
  (2,2),(-14.375,-1.875),.PIECEWISE_BEZIER_KNOTS.);
#589 = CARTESIAN_POINT('',(29.,12.5));
#590 = CARTESIAN_POINT('',(29.,0.));
#591 = ( GEOMETRIC_REPRESENTATION_CONTEXT(2) 
PARAMETRIC_REPRESENTATION_CONTEXT() REPRESENTATION_CONTEXT('2D SPACE',''
  ) );
#592 = PCURVE('',#593,#598);
#593 = PLANE('',#594);
#594 = AXIS2_PLACEMENT_3D('',#595,#596,#597);
#595 = CARTESIAN_POINT('',(13.,-10.,-24.5));
#596 = DIRECTION('',(1.,0.,0.));
#597 = DIRECTION('',(0.,0.,1.));
#598 = DEFINITIONAL_REPRESENTATION('',(#599),#602);
#599 = B_SPLINE_CURVE_WITH_KNOTS('',1,(#600,#601),.UNSPECIFIED.,.F.,.F.,
  (2,2),(-14.375,-1.875),.PIECEWISE_BEZIER_KNOTS.);
#600 = CARTESIAN_POINT('',(32.75,-16.25));
#601 = CARTESIAN_POINT('',(32.75,-3.75));
#602 = ( GEOMETRIC_REPRESENTATION_CONTEXT(2) 
PARAMETRIC_REPRESENTATION_CONTEXT() REPRESENTATION_CONTEXT('2D SPACE',''
  ) );
#603 = ADVANCED_FACE('',(#604,#968),#593,.T.);
#604 = FACE_BOUND('',#605,.T.);
#605 = EDGE_LOOP('',(#606,#631,#659,#687,#715,#738,#766,#794,#817,#840,
    #868,#896,#919,#947));
#606 = ORIENTED_EDGE('',*,*,#607,.F.);
#607 = EDGE_CURVE('',#608,#610,#612,.T.);
#608 = VERTEX_POINT('',#609);
#609 = CARTESIAN_POINT('',(13.,-8.,9.5));
#610 = VERTEX_POINT('',#611);
#611 = CARTESIAN_POINT('',(13.,8.,9.5));
#612 = SURFACE_CURVE('',#613,(#617,#624),.PCURVE_S1.);
#613 = LINE('',#614,#615);
#614 = CARTESIAN_POINT('',(13.,-10.,9.5));
#615 = VECTOR('',#616,1.);
#616 = DIRECTION('',(0.,1.,0.));
#617 = PCURVE('',#593,#618);
#618 = DEFINITIONAL_REPRESENTATION('',(#619),#623);
#619 = LINE('',#620,#621);
#620 = CARTESIAN_POINT('',(34.,0.));
#621 = VECTOR('',#622,1.);
#622 = DIRECTION('',(0.,-1.));
#623 = ( GEOMETRIC_REPRESENTATION_CONTEXT(2) 
PARAMETRIC_REPRESENTATION_CONTEXT() REPRESENTATION_CONTEXT('2D SPACE',''
  ) );
#624 = PCURVE('',#74,#625);
#625 = DEFINITIONAL_REPRESENTATION('',(#626),#630);
#626 = LINE('',#627,#628);
#627 = CARTESIAN_POINT('',(26.,0.));
#628 = VECTOR('',#629,1.);
#629 = DIRECTION('',(0.,1.));
#630 = ( GEOMETRIC_REPRESENTATION_CONTEXT(2) 
PARAMETRIC_REPRESENTATION_CONTEXT() REPRESENTATION_CONTEXT('2D SPACE',''
  ) );
#631 = ORIENTED_EDGE('',*,*,#632,.F.);
#632 = EDGE_CURVE('',#633,#608,#635,.T.);
#633 = VERTEX_POINT('',#634);
#634 = CARTESIAN_POINT('',(13.,-8.,8.6));
#635 = SURFACE_CURVE('',#636,(#640,#647),.PCURVE_S1.);
#636 = LINE('',#637,#638);
#637 = CARTESIAN_POINT('',(13.,-8.,-24.5));
#638 = VECTOR('',#639,1.);
#639 = DIRECTION('',(0.,0.,1.));
#640 = PCURVE('',#593,#641);
#641 = DEFINITIONAL_REPRESENTATION('',(#642),#646);
#642 = LINE('',#643,#644);
#643 = CARTESIAN_POINT('',(0.,-2.));
#644 = VECTOR('',#645,1.);
#645 = DIRECTION('',(1.,0.));
#646 = ( GEOMETRIC_REPRESENTATION_CONTEXT(2) 
PARAMETRIC_REPRESENTATION_CONTEXT() REPRESENTATION_CONTEXT('2D SPACE',''
  ) );
#647 = PCURVE('',#648,#653);
#648 = CYLINDRICAL_SURFACE('',#649,2.);
#649 = AXIS2_PLACEMENT_3D('',#650,#651,#652);
#650 = CARTESIAN_POINT('',(11.,-8.,-24.5));
#651 = DIRECTION('',(0.,0.,1.));
#652 = DIRECTION('',(1.,0.,-0.));
#653 = DEFINITIONAL_REPRESENTATION('',(#654),#658);
#654 = LINE('',#655,#656);
#655 = CARTESIAN_POINT('',(-0.,0.));
#656 = VECTOR('',#657,1.);
#657 = DIRECTION('',(-0.,1.));
#658 = ( GEOMETRIC_REPRESENTATION_CONTEXT(2) 
PARAMETRIC_REPRESENTATION_CONTEXT() REPRESENTATION_CONTEXT('2D SPACE',''
  ) );
#659 = ORIENTED_EDGE('',*,*,#660,.T.);
#660 = EDGE_CURVE('',#633,#661,#663,.T.);
#661 = VERTEX_POINT('',#662);
#662 = CARTESIAN_POINT('',(13.,-6.9,7.5));
#663 = SURFACE_CURVE('',#664,(#669,#680),.PCURVE_S1.);
#664 = CIRCLE('',#665,1.1);
#665 = AXIS2_PLACEMENT_3D('',#666,#667,#668);
#666 = CARTESIAN_POINT('',(13.,-8.,7.5));
#667 = DIRECTION('',(-1.,0.,0.));
#668 = DIRECTION('',(0.,1.,0.));
#669 = PCURVE('',#593,#670);
#670 = DEFINITIONAL_REPRESENTATION('',(#671),#679);
#671 = ( BOUNDED_CURVE() B_SPLINE_CURVE(2,(#672,#673,#674,#675,#676,#677
,#678),.UNSPECIFIED.,.T.,.F.) B_SPLINE_CURVE_WITH_KNOTS((1,2,2,2,2,1),(
    -2.094395102393,0.,2.094395102393,4.188790204786,6.28318530718,
8.377580409573),.UNSPECIFIED.) CURVE() GEOMETRIC_REPRESENTATION_ITEM() 
RATIONAL_B_SPLINE_CURVE((1.,0.5,1.,0.5,1.,0.5,1.)) REPRESENTATION_ITEM(
  '') );
#672 = CARTESIAN_POINT('',(32.,-3.1));
#673 = CARTESIAN_POINT('',(30.094744111674,-3.1));
#674 = CARTESIAN_POINT('',(31.047372055837,-1.45));
#675 = CARTESIAN_POINT('',(32.,0.2));
#676 = CARTESIAN_POINT('',(32.952627944163,-1.45));
#677 = CARTESIAN_POINT('',(33.905255888326,-3.1));
#678 = CARTESIAN_POINT('',(32.,-3.1));
#679 = ( GEOMETRIC_REPRESENTATION_CONTEXT(2) 
PARAMETRIC_REPRESENTATION_CONTEXT() REPRESENTATION_CONTEXT('2D SPACE',''
  ) );
#680 = PCURVE('',#131,#681);
#681 = DEFINITIONAL_REPRESENTATION('',(#682),#686);
#682 = LINE('',#683,#684);
#683 = CARTESIAN_POINT('',(6.28318530718,13.));
#684 = VECTOR('',#685,1.);
#685 = DIRECTION('',(-1.,-0.));
#686 = ( GEOMETRIC_REPRESENTATION_CONTEXT(2) 
PARAMETRIC_REPRESENTATION_CONTEXT() REPRESENTATION_CONTEXT('2D SPACE',''
  ) );
#687 = ORIENTED_EDGE('',*,*,#688,.T.);
#688 = EDGE_CURVE('',#661,#689,#691,.T.);
#689 = VERTEX_POINT('',#690);
#690 = CARTESIAN_POINT('',(13.,-8.,6.4));
#691 = SURFACE_CURVE('',#692,(#697,#708),.PCURVE_S1.);
#692 = CIRCLE('',#693,1.1);
#693 = AXIS2_PLACEMENT_3D('',#694,#695,#696);
#694 = CARTESIAN_POINT('',(13.,-8.,7.5));
#695 = DIRECTION('',(-1.,0.,0.));
#696 = DIRECTION('',(0.,1.,0.));
#697 = PCURVE('',#593,#698);
#698 = DEFINITIONAL_REPRESENTATION('',(#699),#707);
#699 = ( BOUNDED_CURVE() B_SPLINE_CURVE(2,(#700,#701,#702,#703,#704,#705
,#706),.UNSPECIFIED.,.T.,.F.) B_SPLINE_CURVE_WITH_KNOTS((1,2,2,2,2,1),(
    -2.094395102393,0.,2.094395102393,4.188790204786,6.28318530718,
8.377580409573),.UNSPECIFIED.) CURVE() GEOMETRIC_REPRESENTATION_ITEM() 
RATIONAL_B_SPLINE_CURVE((1.,0.5,1.,0.5,1.,0.5,1.)) REPRESENTATION_ITEM(
  '') );
#700 = CARTESIAN_POINT('',(32.,-3.1));
#701 = CARTESIAN_POINT('',(30.094744111674,-3.1));
#702 = CARTESIAN_POINT('',(31.047372055837,-1.45));
#703 = CARTESIAN_POINT('',(32.,0.2));
#704 = CARTESIAN_POINT('',(32.952627944163,-1.45));
#705 = CARTESIAN_POINT('',(33.905255888326,-3.1));
#706 = CARTESIAN_POINT('',(32.,-3.1));
#707 = ( GEOMETRIC_REPRESENTATION_CONTEXT(2) 
PARAMETRIC_REPRESENTATION_CONTEXT() REPRESENTATION_CONTEXT('2D SPACE',''
  ) );
#708 = PCURVE('',#131,#709);
#709 = DEFINITIONAL_REPRESENTATION('',(#710),#714);
#710 = LINE('',#711,#712);
#711 = CARTESIAN_POINT('',(6.28318530718,13.));
#712 = VECTOR('',#713,1.);
#713 = DIRECTION('',(-1.,-0.));
#714 = ( GEOMETRIC_REPRESENTATION_CONTEXT(2) 
PARAMETRIC_REPRESENTATION_CONTEXT() REPRESENTATION_CONTEXT('2D SPACE',''
  ) );
#715 = ORIENTED_EDGE('',*,*,#716,.F.);
#716 = EDGE_CURVE('',#717,#689,#719,.T.);
#717 = VERTEX_POINT('',#718);
#718 = CARTESIAN_POINT('',(13.,-8.,-21.4));
#719 = SURFACE_CURVE('',#720,(#724,#731),.PCURVE_S1.);
#720 = LINE('',#721,#722);
#721 = CARTESIAN_POINT('',(13.,-8.,-24.5));
#722 = VECTOR('',#723,1.);
#723 = DIRECTION('',(0.,0.,1.));
#724 = PCURVE('',#593,#725);
#725 = DEFINITIONAL_REPRESENTATION('',(#726),#730);
#726 = LINE('',#727,#728);
#727 = CARTESIAN_POINT('',(0.,-2.));
#728 = VECTOR('',#729,1.);
#729 = DIRECTION('',(1.,0.));
#730 = ( GEOMETRIC_REPRESENTATION_CONTEXT(2) 
PARAMETRIC_REPRESENTATION_CONTEXT() REPRESENTATION_CONTEXT('2D SPACE',''
  ) );
#731 = PCURVE('',#648,#732);
#732 = DEFINITIONAL_REPRESENTATION('',(#733),#737);
#733 = LINE('',#734,#735);
#734 = CARTESIAN_POINT('',(-0.,0.));
#735 = VECTOR('',#736,1.);
#736 = DIRECTION('',(-0.,1.));
#737 = ( GEOMETRIC_REPRESENTATION_CONTEXT(2) 
PARAMETRIC_REPRESENTATION_CONTEXT() REPRESENTATION_CONTEXT('2D SPACE',''
  ) );
#738 = ORIENTED_EDGE('',*,*,#739,.T.);
#739 = EDGE_CURVE('',#717,#740,#742,.T.);
#740 = VERTEX_POINT('',#741);
#741 = CARTESIAN_POINT('',(13.,-6.9,-22.5));
#742 = SURFACE_CURVE('',#743,(#748,#759),.PCURVE_S1.);
#743 = CIRCLE('',#744,1.1);
#744 = AXIS2_PLACEMENT_3D('',#745,#746,#747);
#745 = CARTESIAN_POINT('',(13.,-8.,-22.5));
#746 = DIRECTION('',(-1.,0.,0.));
#747 = DIRECTION('',(0.,1.,0.));
#748 = PCURVE('',#593,#749);
#749 = DEFINITIONAL_REPRESENTATION('',(#750),#758);
#750 = ( BOUNDED_CURVE() B_SPLINE_CURVE(2,(#751,#752,#753,#754,#755,#756
,#757),.UNSPECIFIED.,.T.,.F.) B_SPLINE_CURVE_WITH_KNOTS((1,2,2,2,2,1),(
    -2.094395102393,0.,2.094395102393,4.188790204786,6.28318530718,
8.377580409573),.UNSPECIFIED.) CURVE() GEOMETRIC_REPRESENTATION_ITEM() 
RATIONAL_B_SPLINE_CURVE((1.,0.5,1.,0.5,1.,0.5,1.)) REPRESENTATION_ITEM(
  '') );
#751 = CARTESIAN_POINT('',(2.,-3.1));
#752 = CARTESIAN_POINT('',(9.474411167424E-02,-3.1));
#753 = CARTESIAN_POINT('',(1.047372055837,-1.45));
#754 = CARTESIAN_POINT('',(2.,0.2));
#755 = CARTESIAN_POINT('',(2.952627944163,-1.45));
#756 = CARTESIAN_POINT('',(3.905255888326,-3.1));
#757 = CARTESIAN_POINT('',(2.,-3.1));
#758 = ( GEOMETRIC_REPRESENTATION_CONTEXT(2) 
PARAMETRIC_REPRESENTATION_CONTEXT() REPRESENTATION_CONTEXT('2D SPACE',''
  ) );
#759 = PCURVE('',#207,#760);
#760 = DEFINITIONAL_REPRESENTATION('',(#761),#765);
#761 = LINE('',#762,#763);
#762 = CARTESIAN_POINT('',(6.28318530718,13.));
#763 = VECTOR('',#764,1.);
#764 = DIRECTION('',(-1.,-0.));
#765 = ( GEOMETRIC_REPRESENTATION_CONTEXT(2) 
PARAMETRIC_REPRESENTATION_CONTEXT() REPRESENTATION_CONTEXT('2D SPACE',''
  ) );
#766 = ORIENTED_EDGE('',*,*,#767,.T.);
#767 = EDGE_CURVE('',#740,#768,#770,.T.);
#768 = VERTEX_POINT('',#769);
#769 = CARTESIAN_POINT('',(13.,-8.,-23.6));
#770 = SURFACE_CURVE('',#771,(#776,#787),.PCURVE_S1.);
#771 = CIRCLE('',#772,1.1);
#772 = AXIS2_PLACEMENT_3D('',#773,#774,#775);
#773 = CARTESIAN_POINT('',(13.,-8.,-22.5));
#774 = DIRECTION('',(-1.,0.,0.));
#775 = DIRECTION('',(0.,1.,0.));
#776 = PCURVE('',#593,#777);
#777 = DEFINITIONAL_REPRESENTATION('',(#778),#786);
#778 = ( BOUNDED_CURVE() B_SPLINE_CURVE(2,(#779,#780,#781,#782,#783,#784
,#785),.UNSPECIFIED.,.T.,.F.) B_SPLINE_CURVE_WITH_KNOTS((1,2,2,2,2,1),(
    -2.094395102393,0.,2.094395102393,4.188790204786,6.28318530718,
8.377580409573),.UNSPECIFIED.) CURVE() GEOMETRIC_REPRESENTATION_ITEM() 
RATIONAL_B_SPLINE_CURVE((1.,0.5,1.,0.5,1.,0.5,1.)) REPRESENTATION_ITEM(
  '') );
#779 = CARTESIAN_POINT('',(2.,-3.1));
#780 = CARTESIAN_POINT('',(9.474411167424E-02,-3.1));
#781 = CARTESIAN_POINT('',(1.047372055837,-1.45));
#782 = CARTESIAN_POINT('',(2.,0.2));
#783 = CARTESIAN_POINT('',(2.952627944163,-1.45));
#784 = CARTESIAN_POINT('',(3.905255888326,-3.1));
#785 = CARTESIAN_POINT('',(2.,-3.1));
#786 = ( GEOMETRIC_REPRESENTATION_CONTEXT(2) 
PARAMETRIC_REPRESENTATION_CONTEXT() REPRESENTATION_CONTEXT('2D SPACE',''
  ) );
#787 = PCURVE('',#207,#788);
#788 = DEFINITIONAL_REPRESENTATION('',(#789),#793);
#789 = LINE('',#790,#791);
#790 = CARTESIAN_POINT('',(6.28318530718,13.));
#791 = VECTOR('',#792,1.);
#792 = DIRECTION('',(-1.,-0.));
#793 = ( GEOMETRIC_REPRESENTATION_CONTEXT(2) 
PARAMETRIC_REPRESENTATION_CONTEXT() REPRESENTATION_CONTEXT('2D SPACE',''
  ) );
#794 = ORIENTED_EDGE('',*,*,#795,.F.);
#795 = EDGE_CURVE('',#796,#768,#798,.T.);
#796 = VERTEX_POINT('',#797);
#797 = CARTESIAN_POINT('',(13.,-8.,-24.5));
#798 = SURFACE_CURVE('',#799,(#803,#810),.PCURVE_S1.);
#799 = LINE('',#800,#801);
#800 = CARTESIAN_POINT('',(13.,-8.,-24.5));
#801 = VECTOR('',#802,1.);
#802 = DIRECTION('',(0.,0.,1.));
#803 = PCURVE('',#593,#804);
#804 = DEFINITIONAL_REPRESENTATION('',(#805),#809);
#805 = LINE('',#806,#807);
#806 = CARTESIAN_POINT('',(0.,-2.));
#807 = VECTOR('',#808,1.);
#808 = DIRECTION('',(1.,0.));
#809 = ( GEOMETRIC_REPRESENTATION_CONTEXT(2) 
PARAMETRIC_REPRESENTATION_CONTEXT() REPRESENTATION_CONTEXT('2D SPACE',''
  ) );
#810 = PCURVE('',#648,#811);
#811 = DEFINITIONAL_REPRESENTATION('',(#812),#816);
#812 = LINE('',#813,#814);
#813 = CARTESIAN_POINT('',(-0.,0.));
#814 = VECTOR('',#815,1.);
#815 = DIRECTION('',(-0.,1.));
#816 = ( GEOMETRIC_REPRESENTATION_CONTEXT(2) 
PARAMETRIC_REPRESENTATION_CONTEXT() REPRESENTATION_CONTEXT('2D SPACE',''
  ) );
#817 = ORIENTED_EDGE('',*,*,#818,.T.);
#818 = EDGE_CURVE('',#796,#819,#821,.T.);
#819 = VERTEX_POINT('',#820);
#820 = CARTESIAN_POINT('',(13.,8.,-24.5));
#821 = SURFACE_CURVE('',#822,(#826,#833),.PCURVE_S1.);
#822 = LINE('',#823,#824);
#823 = CARTESIAN_POINT('',(13.,-10.,-24.5));
#824 = VECTOR('',#825,1.);
#825 = DIRECTION('',(0.,1.,0.));
#826 = PCURVE('',#593,#827);
#827 = DEFINITIONAL_REPRESENTATION('',(#828),#832);
#828 = LINE('',#829,#830);
#829 = CARTESIAN_POINT('',(0.,0.));
#830 = VECTOR('',#831,1.);
#831 = DIRECTION('',(0.,-1.));
#832 = ( GEOMETRIC_REPRESENTATION_CONTEXT(2) 
PARAMETRIC_REPRESENTATION_CONTEXT() REPRESENTATION_CONTEXT('2D SPACE',''
  ) );
#833 = PCURVE('',#282,#834);
#834 = DEFINITIONAL_REPRESENTATION('',(#835),#839);
#835 = LINE('',#836,#837);
#836 = CARTESIAN_POINT('',(26.,0.));
#837 = VECTOR('',#838,1.);
#838 = DIRECTION('',(0.,1.));
#839 = ( GEOMETRIC_REPRESENTATION_CONTEXT(2) 
PARAMETRIC_REPRESENTATION_CONTEXT() REPRESENTATION_CONTEXT('2D SPACE',''
  ) );
#840 = ORIENTED_EDGE('',*,*,#841,.T.);
#841 = EDGE_CURVE('',#819,#842,#844,.T.);
#842 = VERTEX_POINT('',#843);
#843 = CARTESIAN_POINT('',(13.,8.,-23.6));
#844 = SURFACE_CURVE('',#845,(#849,#856),.PCURVE_S1.);
#845 = LINE('',#846,#847);
#846 = CARTESIAN_POINT('',(13.,8.,-24.5));
#847 = VECTOR('',#848,1.);
#848 = DIRECTION('',(0.,0.,1.));
#849 = PCURVE('',#593,#850);
#850 = DEFINITIONAL_REPRESENTATION('',(#851),#855);
#851 = LINE('',#852,#853);
#852 = CARTESIAN_POINT('',(0.,-18.));
#853 = VECTOR('',#854,1.);
#854 = DIRECTION('',(1.,0.));
#855 = ( GEOMETRIC_REPRESENTATION_CONTEXT(2) 
PARAMETRIC_REPRESENTATION_CONTEXT() REPRESENTATION_CONTEXT('2D SPACE',''
  ) );
#856 = PCURVE('',#857,#862);
#857 = CYLINDRICAL_SURFACE('',#858,2.);
#858 = AXIS2_PLACEMENT_3D('',#859,#860,#861);
#859 = CARTESIAN_POINT('',(11.,8.,-24.5));
#860 = DIRECTION('',(0.,0.,1.));
#861 = DIRECTION('',(1.,0.,-0.));
#862 = DEFINITIONAL_REPRESENTATION('',(#863),#867);
#863 = LINE('',#864,#865);
#864 = CARTESIAN_POINT('',(0.,0.));
#865 = VECTOR('',#866,1.);
#866 = DIRECTION('',(0.,1.));
#867 = ( GEOMETRIC_REPRESENTATION_CONTEXT(2) 
PARAMETRIC_REPRESENTATION_CONTEXT() REPRESENTATION_CONTEXT('2D SPACE',''
  ) );
#868 = ORIENTED_EDGE('',*,*,#869,.T.);
#869 = EDGE_CURVE('',#842,#870,#872,.T.);
#870 = VERTEX_POINT('',#871);
#871 = CARTESIAN_POINT('',(13.,8.,-21.4));
#872 = SURFACE_CURVE('',#873,(#878,#889),.PCURVE_S1.);
#873 = CIRCLE('',#874,1.1);
#874 = AXIS2_PLACEMENT_3D('',#875,#876,#877);
#875 = CARTESIAN_POINT('',(13.,8.,-22.5));
#876 = DIRECTION('',(-1.,0.,0.));
#877 = DIRECTION('',(0.,1.,0.));
#878 = PCURVE('',#593,#879);
#879 = DEFINITIONAL_REPRESENTATION('',(#880),#888);
#880 = ( BOUNDED_CURVE() B_SPLINE_CURVE(2,(#881,#882,#883,#884,#885,#886
,#887),.UNSPECIFIED.,.T.,.F.) B_SPLINE_CURVE_WITH_KNOTS((1,2,2,2,2,1),(
    -2.094395102393,0.,2.094395102393,4.188790204786,6.28318530718,
8.377580409573),.UNSPECIFIED.) CURVE() GEOMETRIC_REPRESENTATION_ITEM() 
RATIONAL_B_SPLINE_CURVE((1.,0.5,1.,0.5,1.,0.5,1.)) REPRESENTATION_ITEM(
  '') );
#881 = CARTESIAN_POINT('',(2.,-19.1));
#882 = CARTESIAN_POINT('',(9.474411167424E-02,-19.1));
#883 = CARTESIAN_POINT('',(1.047372055837,-17.45));
#884 = CARTESIAN_POINT('',(2.,-15.8));
#885 = CARTESIAN_POINT('',(2.952627944163,-17.45));
#886 = CARTESIAN_POINT('',(3.905255888326,-19.1));
#887 = CARTESIAN_POINT('',(2.,-19.1));
#888 = ( GEOMETRIC_REPRESENTATION_CONTEXT(2) 
PARAMETRIC_REPRESENTATION_CONTEXT() REPRESENTATION_CONTEXT('2D SPACE',''
  ) );
#889 = PCURVE('',#339,#890);
#890 = DEFINITIONAL_REPRESENTATION('',(#891),#895);
#891 = LINE('',#892,#893);
#892 = CARTESIAN_POINT('',(6.28318530718,13.));
#893 = VECTOR('',#894,1.);
#894 = DIRECTION('',(-1.,-0.));
#895 = ( GEOMETRIC_REPRESENTATION_CONTEXT(2) 
PARAMETRIC_REPRESENTATION_CONTEXT() REPRESENTATION_CONTEXT('2D SPACE',''
  ) );
#896 = ORIENTED_EDGE('',*,*,#897,.T.);
#897 = EDGE_CURVE('',#870,#898,#900,.T.);
#898 = VERTEX_POINT('',#899);
#899 = CARTESIAN_POINT('',(13.,8.,6.4));
#900 = SURFACE_CURVE('',#901,(#905,#912),.PCURVE_S1.);
#901 = LINE('',#902,#903);
#902 = CARTESIAN_POINT('',(13.,8.,-24.5));
#903 = VECTOR('',#904,1.);
#904 = DIRECTION('',(0.,0.,1.));
#905 = PCURVE('',#593,#906);
#906 = DEFINITIONAL_REPRESENTATION('',(#907),#911);
#907 = LINE('',#908,#909);
#908 = CARTESIAN_POINT('',(0.,-18.));
#909 = VECTOR('',#910,1.);
#910 = DIRECTION('',(1.,0.));
#911 = ( GEOMETRIC_REPRESENTATION_CONTEXT(2) 
PARAMETRIC_REPRESENTATION_CONTEXT() REPRESENTATION_CONTEXT('2D SPACE',''
  ) );
#912 = PCURVE('',#857,#913);
#913 = DEFINITIONAL_REPRESENTATION('',(#914),#918);
#914 = LINE('',#915,#916);
#915 = CARTESIAN_POINT('',(0.,0.));
#916 = VECTOR('',#917,1.);
#917 = DIRECTION('',(0.,1.));
#918 = ( GEOMETRIC_REPRESENTATION_CONTEXT(2) 
PARAMETRIC_REPRESENTATION_CONTEXT() REPRESENTATION_CONTEXT('2D SPACE',''
  ) );
#919 = ORIENTED_EDGE('',*,*,#920,.T.);
#920 = EDGE_CURVE('',#898,#921,#923,.T.);
#921 = VERTEX_POINT('',#922);
#922 = CARTESIAN_POINT('',(13.,8.,8.6));
#923 = SURFACE_CURVE('',#924,(#929,#940),.PCURVE_S1.);
#924 = CIRCLE('',#925,1.1);
#925 = AXIS2_PLACEMENT_3D('',#926,#927,#928);
#926 = CARTESIAN_POINT('',(13.,8.,7.5));
#927 = DIRECTION('',(-1.,0.,0.));
#928 = DIRECTION('',(0.,1.,0.));
#929 = PCURVE('',#593,#930);
#930 = DEFINITIONAL_REPRESENTATION('',(#931),#939);
#931 = ( BOUNDED_CURVE() B_SPLINE_CURVE(2,(#932,#933,#934,#935,#936,#937
,#938),.UNSPECIFIED.,.T.,.F.) B_SPLINE_CURVE_WITH_KNOTS((1,2,2,2,2,1),(
    -2.094395102393,0.,2.094395102393,4.188790204786,6.28318530718,
8.377580409573),.UNSPECIFIED.) CURVE() GEOMETRIC_REPRESENTATION_ITEM() 
RATIONAL_B_SPLINE_CURVE((1.,0.5,1.,0.5,1.,0.5,1.)) REPRESENTATION_ITEM(
  '') );
#932 = CARTESIAN_POINT('',(32.,-19.1));
#933 = CARTESIAN_POINT('',(30.094744111674,-19.1));
#934 = CARTESIAN_POINT('',(31.047372055837,-17.45));
#935 = CARTESIAN_POINT('',(32.,-15.8));
#936 = CARTESIAN_POINT('',(32.952627944163,-17.45));
#937 = CARTESIAN_POINT('',(33.905255888326,-19.1));
#938 = CARTESIAN_POINT('',(32.,-19.1));
#939 = ( GEOMETRIC_REPRESENTATION_CONTEXT(2) 
PARAMETRIC_REPRESENTATION_CONTEXT() REPRESENTATION_CONTEXT('2D SPACE',''
  ) );
#940 = PCURVE('',#391,#941);
#941 = DEFINITIONAL_REPRESENTATION('',(#942),#946);
#942 = LINE('',#943,#944);
#943 = CARTESIAN_POINT('',(6.28318530718,13.));
#944 = VECTOR('',#945,1.);
#945 = DIRECTION('',(-1.,-0.));
#946 = ( GEOMETRIC_REPRESENTATION_CONTEXT(2) 
PARAMETRIC_REPRESENTATION_CONTEXT() REPRESENTATION_CONTEXT('2D SPACE',''
  ) );
#947 = ORIENTED_EDGE('',*,*,#948,.T.);
#948 = EDGE_CURVE('',#921,#610,#949,.T.);
#949 = SURFACE_CURVE('',#950,(#954,#961),.PCURVE_S1.);
#950 = LINE('',#951,#952);
#951 = CARTESIAN_POINT('',(13.,8.,-24.5));
#952 = VECTOR('',#953,1.);
#953 = DIRECTION('',(0.,0.,1.));
#954 = PCURVE('',#593,#955);
#955 = DEFINITIONAL_REPRESENTATION('',(#956),#960);
#956 = LINE('',#957,#958);
#957 = CARTESIAN_POINT('',(0.,-18.));
#958 = VECTOR('',#959,1.);
#959 = DIRECTION('',(1.,0.));
#960 = ( GEOMETRIC_REPRESENTATION_CONTEXT(2) 
PARAMETRIC_REPRESENTATION_CONTEXT() REPRESENTATION_CONTEXT('2D SPACE',''
  ) );
#961 = PCURVE('',#857,#962);
#962 = DEFINITIONAL_REPRESENTATION('',(#963),#967);
#963 = LINE('',#964,#965);
#964 = CARTESIAN_POINT('',(0.,0.));
#965 = VECTOR('',#966,1.);
#966 = DIRECTION('',(0.,1.));
#967 = ( GEOMETRIC_REPRESENTATION_CONTEXT(2) 
PARAMETRIC_REPRESENTATION_CONTEXT() REPRESENTATION_CONTEXT('2D SPACE',''
  ) );
#968 = FACE_BOUND('',#969,.T.);
#969 = EDGE_LOOP('',(#970,#993,#1012,#1013));
#970 = ORIENTED_EDGE('',*,*,#971,.T.);
#971 = EDGE_CURVE('',#972,#974,#976,.T.);
#972 = VERTEX_POINT('',#973);
#973 = CARTESIAN_POINT('',(13.,6.25,-24.25));
#974 = VERTEX_POINT('',#975);
#975 = CARTESIAN_POINT('',(13.,-6.25,-24.25));
#976 = SURFACE_CURVE('',#977,(#981,#987),.PCURVE_S1.);
#977 = LINE('',#978,#979);
#978 = CARTESIAN_POINT('',(13.,-8.125,-24.25));
#979 = VECTOR('',#980,1.);
#980 = DIRECTION('',(0.,-1.,0.));
#981 = PCURVE('',#593,#982);
#982 = DEFINITIONAL_REPRESENTATION('',(#983),#986);
#983 = B_SPLINE_CURVE_WITH_KNOTS('',1,(#984,#985),.UNSPECIFIED.,.F.,.F.,
  (2,2),(-14.375,-1.875),.PIECEWISE_BEZIER_KNOTS.);
#984 = CARTESIAN_POINT('',(0.25,-16.25));
#985 = CARTESIAN_POINT('',(0.25,-3.75));
#986 = ( GEOMETRIC_REPRESENTATION_CONTEXT(2) 
PARAMETRIC_REPRESENTATION_CONTEXT() REPRESENTATION_CONTEXT('2D SPACE',''
  ) );
#987 = PCURVE('',#443,#988);
#988 = DEFINITIONAL_REPRESENTATION('',(#989),#992);
#989 = B_SPLINE_CURVE_WITH_KNOTS('',1,(#990,#991),.UNSPECIFIED.,.F.,.F.,
  (2,2),(-14.375,-1.875),.PIECEWISE_BEZIER_KNOTS.);
#990 = CARTESIAN_POINT('',(29.,12.5));
#991 = CARTESIAN_POINT('',(29.,0.));
#992 = ( GEOMETRIC_REPRESENTATION_CONTEXT(2) 
PARAMETRIC_REPRESENTATION_CONTEXT() REPRESENTATION_CONTEXT('2D SPACE',''
  ) );
#993 = ORIENTED_EDGE('',*,*,#994,.T.);
#994 = EDGE_CURVE('',#974,#558,#995,.T.);
#995 = SURFACE_CURVE('',#996,(#1000,#1006),.PCURVE_S1.);
#996 = LINE('',#997,#998);
#997 = CARTESIAN_POINT('',(13.,-6.25,-24.375));
#998 = VECTOR('',#999,1.);
#999 = DIRECTION('',(0.,0.,1.));
#1000 = PCURVE('',#593,#1001);
#1001 = DEFINITIONAL_REPRESENTATION('',(#1002),#1005);
#1002 = B_SPLINE_CURVE_WITH_KNOTS('',1,(#1003,#1004),.UNSPECIFIED.,.F.,
  .F.,(2,2),(0.125,32.625),.PIECEWISE_BEZIER_KNOTS.);
#1003 = CARTESIAN_POINT('',(0.25,-3.75));
#1004 = CARTESIAN_POINT('',(32.75,-3.75));
#1005 = ( GEOMETRIC_REPRESENTATION_CONTEXT(2) 
PARAMETRIC_REPRESENTATION_CONTEXT() REPRESENTATION_CONTEXT('2D SPACE',''
  ) );
#1006 = PCURVE('',#469,#1007);
#1007 = DEFINITIONAL_REPRESENTATION('',(#1008),#1011);
#1008 = B_SPLINE_CURVE_WITH_KNOTS('',1,(#1009,#1010),.UNSPECIFIED.,.F.,
  .F.,(2,2),(0.125,32.625),.PIECEWISE_BEZIER_KNOTS.);
#1009 = CARTESIAN_POINT('',(0.,29.));
#1010 = CARTESIAN_POINT('',(32.5,29.));
#1011 = ( GEOMETRIC_REPRESENTATION_CONTEXT(2) 
PARAMETRIC_REPRESENTATION_CONTEXT() REPRESENTATION_CONTEXT('2D SPACE',''
  ) );
#1012 = ORIENTED_EDGE('',*,*,#580,.F.);
#1013 = ORIENTED_EDGE('',*,*,#1014,.F.);
#1014 = EDGE_CURVE('',#972,#534,#1015,.T.);
#1015 = SURFACE_CURVE('',#1016,(#1020,#1026),.PCURVE_S1.);
#1016 = LINE('',#1017,#1018);
#1017 = CARTESIAN_POINT('',(13.,6.25,-24.375));
#1018 = VECTOR('',#1019,1.);
#1019 = DIRECTION('',(0.,0.,1.));
#1020 = PCURVE('',#593,#1021);
#1021 = DEFINITIONAL_REPRESENTATION('',(#1022),#1025);
#1022 = B_SPLINE_CURVE_WITH_KNOTS('',1,(#1023,#1024),.UNSPECIFIED.,.F.,
  .F.,(2,2),(0.125,32.625),.PIECEWISE_BEZIER_KNOTS.);
#1023 = CARTESIAN_POINT('',(0.25,-16.25));
#1024 = CARTESIAN_POINT('',(32.75,-16.25));
#1025 = ( GEOMETRIC_REPRESENTATION_CONTEXT(2) 
PARAMETRIC_REPRESENTATION_CONTEXT() REPRESENTATION_CONTEXT('2D SPACE',''
  ) );
#1026 = PCURVE('',#519,#1027);
#1027 = DEFINITIONAL_REPRESENTATION('',(#1028),#1031);
#1028 = B_SPLINE_CURVE_WITH_KNOTS('',1,(#1029,#1030),.UNSPECIFIED.,.F.,
  .F.,(2,2),(0.125,32.625),.PIECEWISE_BEZIER_KNOTS.);
#1029 = CARTESIAN_POINT('',(0.,29.));
#1030 = CARTESIAN_POINT('',(32.5,29.));
#1031 = ( GEOMETRIC_REPRESENTATION_CONTEXT(2) 
PARAMETRIC_REPRESENTATION_CONTEXT() REPRESENTATION_CONTEXT('2D SPACE',''
  ) );
#1032 = ADVANCED_FACE('',(#1033),#648,.T.);
#1033 = FACE_BOUND('',#1034,.F.);
#1034 = EDGE_LOOP('',(#1035,#1036,#1064,#1092,#1118,#1119,#1272,#1273));
#1035 = ORIENTED_EDGE('',*,*,#795,.F.);
#1036 = ORIENTED_EDGE('',*,*,#1037,.T.);
#1037 = EDGE_CURVE('',#796,#1038,#1040,.T.);
#1038 = VERTEX_POINT('',#1039);
#1039 = CARTESIAN_POINT('',(11.,-10.,-24.5));
#1040 = SURFACE_CURVE('',#1041,(#1046,#1053),.PCURVE_S1.);
#1041 = CIRCLE('',#1042,2.);
#1042 = AXIS2_PLACEMENT_3D('',#1043,#1044,#1045);
#1043 = CARTESIAN_POINT('',(11.,-8.,-24.5));
#1044 = DIRECTION('',(-0.,-0.,-1.));
#1045 = DIRECTION('',(0.,-1.,0.));
#1046 = PCURVE('',#648,#1047);
#1047 = DEFINITIONAL_REPRESENTATION('',(#1048),#1052);
#1048 = LINE('',#1049,#1050);
#1049 = CARTESIAN_POINT('',(4.712388980385,-0.));
#1050 = VECTOR('',#1051,1.);
#1051 = DIRECTION('',(-1.,0.));
#1052 = ( GEOMETRIC_REPRESENTATION_CONTEXT(2) 
PARAMETRIC_REPRESENTATION_CONTEXT() REPRESENTATION_CONTEXT('2D SPACE',''
  ) );
#1053 = PCURVE('',#282,#1054);
#1054 = DEFINITIONAL_REPRESENTATION('',(#1055),#1063);
#1055 = ( BOUNDED_CURVE() B_SPLINE_CURVE(2,(#1056,#1057,#1058,#1059,
#1060,#1061,#1062),.UNSPECIFIED.,.T.,.F.) B_SPLINE_CURVE_WITH_KNOTS((1,2
    ,2,2,2,1),(-2.094395102393,0.,2.094395102393,4.188790204786,
6.28318530718,8.377580409573),.UNSPECIFIED.) CURVE() 
GEOMETRIC_REPRESENTATION_ITEM() RATIONAL_B_SPLINE_CURVE((1.,0.5,1.,0.5,
1.,0.5,1.)) REPRESENTATION_ITEM('') );
#1056 = CARTESIAN_POINT('',(24.,0.));
#1057 = CARTESIAN_POINT('',(20.535898384862,0.));
#1058 = CARTESIAN_POINT('',(22.267949192431,3.));
#1059 = CARTESIAN_POINT('',(24.,6.));
#1060 = CARTESIAN_POINT('',(25.732050807569,3.));
#1061 = CARTESIAN_POINT('',(27.464101615138,3.10862446895E-15));
#1062 = CARTESIAN_POINT('',(24.,0.));
#1063 = ( GEOMETRIC_REPRESENTATION_CONTEXT(2) 
PARAMETRIC_REPRESENTATION_CONTEXT() REPRESENTATION_CONTEXT('2D SPACE',''
  ) );
#1064 = ORIENTED_EDGE('',*,*,#1065,.T.);
#1065 = EDGE_CURVE('',#1038,#1066,#1068,.T.);
#1066 = VERTEX_POINT('',#1067);
#1067 = CARTESIAN_POINT('',(11.,-10.,9.5));
#1068 = SURFACE_CURVE('',#1069,(#1073,#1080),.PCURVE_S1.);
#1069 = LINE('',#1070,#1071);
#1070 = CARTESIAN_POINT('',(11.,-10.,-24.5));
#1071 = VECTOR('',#1072,1.);
#1072 = DIRECTION('',(0.,0.,1.));
#1073 = PCURVE('',#648,#1074);
#1074 = DEFINITIONAL_REPRESENTATION('',(#1075),#1079);
#1075 = LINE('',#1076,#1077);
#1076 = CARTESIAN_POINT('',(-1.570796326795,0.));
#1077 = VECTOR('',#1078,1.);
#1078 = DIRECTION('',(-0.,1.));
#1079 = ( GEOMETRIC_REPRESENTATION_CONTEXT(2) 
PARAMETRIC_REPRESENTATION_CONTEXT() REPRESENTATION_CONTEXT('2D SPACE',''
  ) );
#1080 = PCURVE('',#1081,#1086);
#1081 = PLANE('',#1082);
#1082 = AXIS2_PLACEMENT_3D('',#1083,#1084,#1085);
#1083 = CARTESIAN_POINT('',(-13.,-10.,-24.5));
#1084 = DIRECTION('',(0.,1.,0.));
#1085 = DIRECTION('',(0.,0.,1.));
#1086 = DEFINITIONAL_REPRESENTATION('',(#1087),#1091);
#1087 = LINE('',#1088,#1089);
#1088 = CARTESIAN_POINT('',(0.,24.));
#1089 = VECTOR('',#1090,1.);
#1090 = DIRECTION('',(1.,0.));
#1091 = ( GEOMETRIC_REPRESENTATION_CONTEXT(2) 
PARAMETRIC_REPRESENTATION_CONTEXT() REPRESENTATION_CONTEXT('2D SPACE',''
  ) );
#1092 = ORIENTED_EDGE('',*,*,#1093,.F.);
#1093 = EDGE_CURVE('',#608,#1066,#1094,.T.);
#1094 = SURFACE_CURVE('',#1095,(#1100,#1107),.PCURVE_S1.);
#1095 = CIRCLE('',#1096,2.);
#1096 = AXIS2_PLACEMENT_3D('',#1097,#1098,#1099);
#1097 = CARTESIAN_POINT('',(11.,-8.,9.5));
#1098 = DIRECTION('',(-0.,-0.,-1.));
#1099 = DIRECTION('',(0.,-1.,0.));
#1100 = PCURVE('',#648,#1101);
#1101 = DEFINITIONAL_REPRESENTATION('',(#1102),#1106);
#1102 = LINE('',#1103,#1104);
#1103 = CARTESIAN_POINT('',(4.712388980385,34.));
#1104 = VECTOR('',#1105,1.);
#1105 = DIRECTION('',(-1.,0.));
#1106 = ( GEOMETRIC_REPRESENTATION_CONTEXT(2) 
PARAMETRIC_REPRESENTATION_CONTEXT() REPRESENTATION_CONTEXT('2D SPACE',''
  ) );
#1107 = PCURVE('',#74,#1108);
#1108 = DEFINITIONAL_REPRESENTATION('',(#1109),#1117);
#1109 = ( BOUNDED_CURVE() B_SPLINE_CURVE(2,(#1110,#1111,#1112,#1113,
#1114,#1115,#1116),.UNSPECIFIED.,.T.,.F.) B_SPLINE_CURVE_WITH_KNOTS((1,2
    ,2,2,2,1),(-2.094395102393,0.,2.094395102393,4.188790204786,
6.28318530718,8.377580409573),.UNSPECIFIED.) CURVE() 
GEOMETRIC_REPRESENTATION_ITEM() RATIONAL_B_SPLINE_CURVE((1.,0.5,1.,0.5,
1.,0.5,1.)) REPRESENTATION_ITEM('') );
#1110 = CARTESIAN_POINT('',(24.,0.));
#1111 = CARTESIAN_POINT('',(20.535898384862,0.));
#1112 = CARTESIAN_POINT('',(22.267949192431,3.));
#1113 = CARTESIAN_POINT('',(24.,6.));
#1114 = CARTESIAN_POINT('',(25.732050807569,3.));
#1115 = CARTESIAN_POINT('',(27.464101615138,3.10862446895E-15));
#1116 = CARTESIAN_POINT('',(24.,0.));
#1117 = ( GEOMETRIC_REPRESENTATION_CONTEXT(2) 
PARAMETRIC_REPRESENTATION_CONTEXT() REPRESENTATION_CONTEXT('2D SPACE',''
  ) );
#1118 = ORIENTED_EDGE('',*,*,#632,.F.);
#1119 = ORIENTED_EDGE('',*,*,#1120,.T.);
#1120 = EDGE_CURVE('',#633,#689,#1121,.T.);
#1121 = SURFACE_CURVE('',#1122,(#1170,#1221),.PCURVE_S1.);
#1122 = B_SPLINE_CURVE_WITH_KNOTS('',6,(#1123,#1124,#1125,#1126,#1127,
    #1128,#1129,#1130,#1131,#1132,#1133,#1134,#1135,#1136,#1137,#1138,
    #1139,#1140,#1141,#1142,#1143,#1144,#1145,#1146,#1147,#1148,#1149,
    #1150,#1151,#1152,#1153,#1154,#1155,#1156,#1157,#1158,#1159,#1160,
    #1161,#1162,#1163,#1164,#1165,#1166,#1167,#1168,#1169),
  .UNSPECIFIED.,.F.,.F.,(7,5,5,5,5,5,5,5,5,7),(0.,0.132411497622,
    0.184013177768,0.29898521119,0.398345776703,0.500143064122,
    0.600637002662,0.701234901409,0.867764953361,1.),.UNSPECIFIED.);
#1123 = CARTESIAN_POINT('',(13.,-8.,8.6));
#1124 = CARTESIAN_POINT('',(13.,-8.084704102299,8.6));
#1125 = CARTESIAN_POINT('',(12.995695017447,-8.169072579622,
    8.592172979375));
#1126 = CARTESIAN_POINT('',(12.987149770911,-8.251908815767,
    8.576635130387));
#1127 = CARTESIAN_POINT('',(12.97476122322,-8.33203901988,8.553821704243
    ));
#1128 = CARTESIAN_POINT('',(12.95925299796,-8.408378306849,
    8.524483113189));
#1129 = CARTESIAN_POINT('',(12.934640766302,-8.507929196546,
    8.476202114014));
#1130 = CARTESIAN_POINT('',(12.927390861428,-8.535185737342,
    8.461815902067));
#1131 = CARTESIAN_POINT('',(12.919835415095,-8.561761584457,
    8.446624247089));
#1132 = CARTESIAN_POINT('',(12.912017509485,-8.587637925013,
    8.430668461414));
#1133 = CARTESIAN_POINT('',(12.903980801824,-8.612797925928,
    8.413989543513));
#1134 = CARTESIAN_POINT('',(12.877474242881,-8.691655770344,
    8.357945881408));
#1135 = CARTESIAN_POINT('',(12.858314652529,-8.742447338477,
    8.315881503977));
#1136 = CARTESIAN_POINT('',(12.838743527521,-8.789538978267,
    8.270815144845));
#1137 = CARTESIAN_POINT('',(12.819203491181,-8.832885966283,
    8.223073588612));
#1138 = CARTESIAN_POINT('',(12.800122191129,-8.872450048019,
    8.17293609552));
#1139 = CARTESIAN_POINT('',(12.766166041529,-8.939073594502,
    8.075445282663));
#1140 = CARTESIAN_POINT('',(12.751061375758,-8.96712185327,
    8.028608282928));
#1141 = CARTESIAN_POINT('',(12.736870947245,-8.992272268197,
    7.980315579706));
#1142 = CARTESIAN_POINT('',(12.723858485699,-9.014476640809,
    7.930736998797));
#1143 = CARTESIAN_POINT('',(12.712263691987,-9.033689465384,
    7.88002700086));
#1144 = CARTESIAN_POINT('',(12.692075660059,-9.066423339478,
    7.77535683454));
#1145 = CARTESIAN_POINT('',(12.683560996522,-9.079795680354,
    7.721339309394));
#1146 = CARTESIAN_POINT('',(12.67699451312,-9.089880446718,
    7.666542036397));
#1147 = CARTESIAN_POINT('',(12.672552257964,-9.096623708272,
    7.611223615023));
#1148 = CARTESIAN_POINT('',(12.670329308849,-9.1,7.555631334804));
#1149 = CARTESIAN_POINT('',(12.670329308849,-9.1,7.445080934056));
#1150 = CARTESIAN_POINT('',(12.672495718872,-9.096709615283,
    7.390198661966));
#1151 = CARTESIAN_POINT('',(12.676825155331,-9.0901375149,7.335579942154
    ));
#1152 = CARTESIAN_POINT('',(12.68322728908,-9.080308064326,
    7.281463305185));
#1153 = CARTESIAN_POINT('',(12.691534567926,-9.067272789231,
    7.22809793879));
#1154 = CARTESIAN_POINT('',(12.71149963187,-9.034954181247,
    7.123333045757));
#1155 = CARTESIAN_POINT('',(12.723162264571,-9.015662915953,
    7.071930463947));
#1156 = CARTESIAN_POINT('',(12.736288182682,-8.993302775753,
    7.021680505478));
#1157 = CARTESIAN_POINT('',(12.750629182537,-8.967920998101,
    6.972743709949));
#1158 = CARTESIAN_POINT('',(12.765911528033,-8.939567804301,
    6.925296724634));
#1159 = CARTESIAN_POINT('',(12.808226539454,-8.856557451111,
    6.803777060129));
#1160 = CARTESIAN_POINT('',(12.836454275924,-8.796725428023,
    6.732467321719));
#1161 = CARTESIAN_POINT('',(12.865272311358,-8.7289621222,6.666415396798
    ));
#1162 = CARTESIAN_POINT('',(12.893323333442,-8.653418628834,
    6.606570542437));
#1163 = CARTESIAN_POINT('',(12.919209641138,-8.57032652531,
    6.554070051069));
#1164 = CARTESIAN_POINT('',(12.959236208383,-8.408460548845,
    6.475548681607));
#1165 = CARTESIAN_POINT('',(12.974750540056,-8.332108236396,
    6.446197951197));
#1166 = CARTESIAN_POINT('',(12.987144424085,-8.251961651893,
    6.423374582996));
#1167 = CARTESIAN_POINT('',(12.995693333427,-8.169107312243,
    6.407830086128));
#1168 = CARTESIAN_POINT('',(13.,-8.084720684606,6.4));
#1169 = CARTESIAN_POINT('',(13.,-8.,6.4));
#1170 = PCURVE('',#648,#1171);
#1171 = DEFINITIONAL_REPRESENTATION('',(#1172),#1220);
#1172 = B_SPLINE_CURVE_WITH_KNOTS('',6,(#1173,#1174,#1175,#1176,#1177,
    #1178,#1179,#1180,#1181,#1182,#1183,#1184,#1185,#1186,#1187,#1188,
    #1189,#1190,#1191,#1192,#1193,#1194,#1195,#1196,#1197,#1198,#1199,
    #1200,#1201,#1202,#1203,#1204,#1205,#1206,#1207,#1208,#1209,#1210,
    #1211,#1212,#1213,#1214,#1215,#1216,#1217,#1218,#1219),
  .UNSPECIFIED.,.F.,.F.,(7,5,5,5,5,5,5,5,5,7),(0.,0.132411497622,
    0.184013177768,0.29898521119,0.398345776703,0.500143064122,
    0.600637002662,0.701234901409,0.867764953361,1.),.UNSPECIFIED.);
#1173 = CARTESIAN_POINT('',(0.,33.1));
#1174 = CARTESIAN_POINT('',(-4.235205114974E-02,33.1));
#1175 = CARTESIAN_POINT('',(-8.453636175153E-02,33.092172979375));
#1176 = CARTESIAN_POINT('',(-0.126090872105,33.076635130387));
#1177 = CARTESIAN_POINT('',(-0.166561693236,33.053821704243));
#1178 = CARTESIAN_POINT('',(-0.205476785443,33.024483113189));
#1179 = CARTESIAN_POINT('',(-0.256750905588,32.976202114014));
#1180 = CARTESIAN_POINT('',(-0.270850855895,32.961815902067));
#1181 = CARTESIAN_POINT('',(-0.284662416463,32.946624247089));
#1182 = CARTESIAN_POINT('',(-0.298175602085,32.930668461414));
#1183 = CARTESIAN_POINT('',(-0.311380297228,32.913989543513));
#1184 = CARTESIAN_POINT('',(-0.352977043775,32.857945881408));
#1185 = CARTESIAN_POINT('',(-0.380101543908,32.815881503977));
#1186 = CARTESIAN_POINT('',(-0.405580747976,32.770815144845));
#1187 = CARTESIAN_POINT('',(-0.429341798126,32.723073588612));
#1188 = CARTESIAN_POINT('',(-0.451299053739,32.67293609552));
#1189 = CARTESIAN_POINT('',(-0.488687945945,32.575445282663));
#1190 = CARTESIAN_POINT('',(-0.504612248619,32.528608282928));
#1191 = CARTESIAN_POINT('',(-0.519047498128,32.480315579706));
#1192 = CARTESIAN_POINT('',(-0.531913903575,32.430736998797));
#1193 = CARTESIAN_POINT('',(-0.54313359668,32.38002700086));
#1194 = CARTESIAN_POINT('',(-0.56236289169,32.27535683454));
#1195 = CARTESIAN_POINT('',(-0.570288639744,32.221339309394));
#1196 = CARTESIAN_POINT('',(-0.576305463269,32.166542036397));
#1197 = CARTESIAN_POINT('',(-0.580343095426,32.111223615023));
#1198 = CARTESIAN_POINT('',(-0.582364237869,32.055631334804));
#1199 = CARTESIAN_POINT('',(-0.582364237869,31.945080934056));
#1200 = CARTESIAN_POINT('',(-0.580394513778,31.890198661966));
#1201 = CARTESIAN_POINT('',(-0.576459390389,31.835579942154));
#1202 = CARTESIAN_POINT('',(-0.570594365393,31.781463305185));
#1203 = CARTESIAN_POINT('',(-0.56286641474,31.72809793879));
#1204 = CARTESIAN_POINT('',(-0.543872361721,31.623333045757));
#1205 = CARTESIAN_POINT('',(-0.532601557609,31.571930463947));
#1206 = CARTESIAN_POINT('',(-0.519639296574,31.521680505478));
#1207 = CARTESIAN_POINT('',(-0.505066400752,31.472743709949));
#1208 = CARTESIAN_POINT('',(-0.488965891554,31.425296724634));
#1209 = CARTESIAN_POINT('',(-0.44237920105,31.303777060129));
#1210 = CARTESIAN_POINT('',(-0.409316467172,31.232467321719));
#1211 = CARTESIAN_POINT('',(-0.372542485906,31.166415396798));
#1212 = CARTESIAN_POINT('',(-0.332327745254,31.106570542437));
#1213 = CARTESIAN_POINT('',(-0.288889458196,31.054070051069));
#1214 = CARTESIAN_POINT('',(-0.205518719291,30.975548681607));
#1215 = CARTESIAN_POINT('',(-0.166596645734,30.946197951197));
#1216 = CARTESIAN_POINT('',(-0.126117372766,30.923374582996));
#1217 = CARTESIAN_POINT('',(-8.455372698288E-02,30.907830086128));
#1218 = CARTESIAN_POINT('',(-4.236034230322E-02,30.9));
#1219 = CARTESIAN_POINT('',(0.,30.9));
#1220 = ( GEOMETRIC_REPRESENTATION_CONTEXT(2) 
PARAMETRIC_REPRESENTATION_CONTEXT() REPRESENTATION_CONTEXT('2D SPACE',''
  ) );
#1221 = PCURVE('',#131,#1222);
#1222 = DEFINITIONAL_REPRESENTATION('',(#1223),#1271);
#1223 = B_SPLINE_CURVE_WITH_KNOTS('',6,(#1224,#1225,#1226,#1227,#1228,
    #1229,#1230,#1231,#1232,#1233,#1234,#1235,#1236,#1237,#1238,#1239,
    #1240,#1241,#1242,#1243,#1244,#1245,#1246,#1247,#1248,#1249,#1250,
    #1251,#1252,#1253,#1254,#1255,#1256,#1257,#1258,#1259,#1260,#1261,
    #1262,#1263,#1264,#1265,#1266,#1267,#1268,#1269,#1270),
  .UNSPECIFIED.,.F.,.F.,(7,5,5,5,5,5,5,5,5,7),(0.,0.132411497622,
    0.184013177768,0.29898521119,0.398345776703,0.500143064122,
    0.600637002662,0.701234901409,0.867764953361,1.),.UNSPECIFIED.);
#1224 = CARTESIAN_POINT('',(1.570796326795,13.));
#1225 = CARTESIAN_POINT('',(1.647800056158,13.));
#1226 = CARTESIAN_POINT('',(1.724498552688,12.995695017447));
#1227 = CARTESIAN_POINT('',(1.800626689049,12.987149770911));
#1228 = CARTESIAN_POINT('',(1.875903781192,12.97476122322));
#1229 = CARTESIAN_POINT('',(1.949985528262,12.95925299796));
#1230 = CARTESIAN_POINT('',(2.050568270488,12.934640766302));
#1231 = CARTESIAN_POINT('',(2.078570365437,12.927390861428));
#1232 = CARTESIAN_POINT('',(2.106375508739,12.919835415095));
#1233 = CARTESIAN_POINT('',(2.133989491383,12.912017509485));
#1234 = CARTESIAN_POINT('',(2.161417144099,12.903980801824));
#1235 = CARTESIAN_POINT('',(2.249366470644,12.877474242881));
#1236 = CARTESIAN_POINT('',(2.30915641151,12.858314652529));
#1237 = CARTESIAN_POINT('',(2.368187772187,12.838743527521));
#1238 = CARTESIAN_POINT('',(2.426598792638,12.819203491181));
#1239 = CARTESIAN_POINT('',(2.484523761318,12.800122191129));
#1240 = CARTESIAN_POINT('',(2.591870251896,12.766166041529));
#1241 = CARTESIAN_POINT('',(2.641411229331,12.751061375758));
#1242 = CARTESIAN_POINT('',(2.690780580342,12.736870947245));
#1243 = CARTESIAN_POINT('',(2.740037227452,12.723858485699));
#1244 = CARTESIAN_POINT('',(2.789249197515,12.712263691987));
#1245 = CARTESIAN_POINT('',(2.888948539881,12.692075660059));
#1246 = CARTESIAN_POINT('',(2.939445270961,12.683560996522));
#1247 = CARTESIAN_POINT('',(2.989958245398,12.67699451312));
#1248 = CARTESIAN_POINT('',(3.040480112717,12.672552257964));
#1249 = CARTESIAN_POINT('',(3.091018712859,12.670329308849));
#1250 = CARTESIAN_POINT('',(3.191519077175,12.670329308849));
#1251 = CARTESIAN_POINT('',(3.241412202102,12.672495718872));
#1252 = CARTESIAN_POINT('',(3.291289183883,12.676825155331));
#1253 = CARTESIAN_POINT('',(3.341157012102,12.68322728908));
#1254 = CARTESIAN_POINT('',(3.391008352457,12.691534567926));
#1255 = CARTESIAN_POINT('',(3.490677952232,12.71149963187));
#1256 = CARTESIAN_POINT('',(3.540500956181,12.723162264571));
#1257 = CARTESIAN_POINT('',(3.590367816151,12.736288182682));
#1258 = CARTESIAN_POINT('',(3.640348835409,12.750629182537));
#1259 = CARTESIAN_POINT('',(3.690504633937,12.765911528033));
#1260 = CARTESIAN_POINT('',(3.824291647347,12.808226539454));
#1261 = CARTESIAN_POINT('',(3.908502497353,12.836454275924));
#1262 = CARTESIAN_POINT('',(3.993876683463,12.865272311358));
#1263 = CARTESIAN_POINT('',(4.080773900819,12.893323333442));
#1264 = CARTESIAN_POINT('',(4.169568907432,12.919209641138));
#1265 = CARTESIAN_POINT('',(4.333119894754,12.959236208383));
#1266 = CARTESIAN_POINT('',(4.407216532663,12.974750540056));
#1267 = CARTESIAN_POINT('',(4.482510105695,12.987144424085));
#1268 = CARTESIAN_POINT('',(4.558655177723,12.995693333427));
#1269 = CARTESIAN_POINT('',(4.635370176197,13.));
#1270 = CARTESIAN_POINT('',(4.712388980385,13.));
#1271 = ( GEOMETRIC_REPRESENTATION_CONTEXT(2) 
PARAMETRIC_REPRESENTATION_CONTEXT() REPRESENTATION_CONTEXT('2D SPACE',''
  ) );
#1272 = ORIENTED_EDGE('',*,*,#716,.F.);
#1273 = ORIENTED_EDGE('',*,*,#1274,.T.);
#1274 = EDGE_CURVE('',#717,#768,#1275,.T.);
#1275 = SURFACE_CURVE('',#1276,(#1324,#1375),.PCURVE_S1.);
#1276 = B_SPLINE_CURVE_WITH_KNOTS('',6,(#1277,#1278,#1279,#1280,#1281,
    #1282,#1283,#1284,#1285,#1286,#1287,#1288,#1289,#1290,#1291,#1292,
    #1293,#1294,#1295,#1296,#1297,#1298,#1299,#1300,#1301,#1302,#1303,
    #1304,#1305,#1306,#1307,#1308,#1309,#1310,#1311,#1312,#1313,#1314,
    #1315,#1316,#1317,#1318,#1319,#1320,#1321,#1322,#1323),
  .UNSPECIFIED.,.F.,.F.,(7,5,5,5,5,5,5,5,5,7),(0.,0.132411497618,
    0.184013177764,0.298985211186,0.3983457767,0.50014306412,
    0.600637002659,0.701234901407,0.86776495336,1.),.UNSPECIFIED.);
#1277 = CARTESIAN_POINT('',(13.,-8.,-21.4));
#1278 = CARTESIAN_POINT('',(13.,-8.084704102299,-21.4));
#1279 = CARTESIAN_POINT('',(12.995695017447,-8.169072579621,
    -21.40782702062));
#1280 = CARTESIAN_POINT('',(12.987149770911,-8.251908815767,
    -21.42336486961));
#1281 = CARTESIAN_POINT('',(12.97476122322,-8.33203901988,
    -21.44617829575));
#1282 = CARTESIAN_POINT('',(12.95925299796,-8.408378306849,
    -21.47551688681));
#1283 = CARTESIAN_POINT('',(12.934640766302,-8.507929196546,
    -21.52379788598));
#1284 = CARTESIAN_POINT('',(12.927390861428,-8.535185737342,
    -21.53818409793));
#1285 = CARTESIAN_POINT('',(12.919835415095,-8.561761584456,
    -21.55337575291));
#1286 = CARTESIAN_POINT('',(12.912017509485,-8.587637925012,
    -21.56933153858));
#1287 = CARTESIAN_POINT('',(12.903980801824,-8.612797925928,
    -21.58601045648));
#1288 = CARTESIAN_POINT('',(12.877474242881,-8.691655770344,
    -21.64205411859));
#1289 = CARTESIAN_POINT('',(12.858314652529,-8.742447338477,
    -21.68411849602));
#1290 = CARTESIAN_POINT('',(12.838743527521,-8.789538978267,
    -21.72918485515));
#1291 = CARTESIAN_POINT('',(12.819203491181,-8.832885966283,
    -21.77692641138));
#1292 = CARTESIAN_POINT('',(12.800122191129,-8.872450048019,
    -21.82706390448));
#1293 = CARTESIAN_POINT('',(12.766166041529,-8.939073594502,
    -21.92455471733));
#1294 = CARTESIAN_POINT('',(12.751061375758,-8.96712185327,
    -21.97139171707));
#1295 = CARTESIAN_POINT('',(12.736870947245,-8.992272268197,
    -22.01968442029));
#1296 = CARTESIAN_POINT('',(12.723858485699,-9.014476640809,
    -22.0692630012));
#1297 = CARTESIAN_POINT('',(12.712263691987,-9.033689465384,
    -22.11997299914));
#1298 = CARTESIAN_POINT('',(12.692075660059,-9.066423339478,
    -22.22464316546));
#1299 = CARTESIAN_POINT('',(12.683560996522,-9.079795680354,
    -22.2786606906));
#1300 = CARTESIAN_POINT('',(12.67699451312,-9.089880446718,
    -22.3334579636));
#1301 = CARTESIAN_POINT('',(12.672552257964,-9.096623708272,
    -22.38877638497));
#1302 = CARTESIAN_POINT('',(12.670329308849,-9.1,-22.44436866519));
#1303 = CARTESIAN_POINT('',(12.670329308849,-9.1,-22.55491906594));
#1304 = CARTESIAN_POINT('',(12.672495718872,-9.096709615283,
    -22.60980133803));
#1305 = CARTESIAN_POINT('',(12.676825155331,-9.0901375149,
    -22.66442005784));
#1306 = CARTESIAN_POINT('',(12.68322728908,-9.080308064326,
    -22.71853669481));
#1307 = CARTESIAN_POINT('',(12.691534567926,-9.067272789231,
    -22.77190206121));
#1308 = CARTESIAN_POINT('',(12.71149963187,-9.034954181247,
    -22.87666695424));
#1309 = CARTESIAN_POINT('',(12.723162264571,-9.015662915953,
    -22.92806953605));
#1310 = CARTESIAN_POINT('',(12.736288182682,-8.993302775753,
    -22.97831949452));
#1311 = CARTESIAN_POINT('',(12.750629182537,-8.967920998101,
    -23.02725629005));
#1312 = CARTESIAN_POINT('',(12.765911528033,-8.939567804301,
    -23.07470327536));
#1313 = CARTESIAN_POINT('',(12.808226539454,-8.856557451111,
    -23.19622293987));
#1314 = CARTESIAN_POINT('',(12.836454275924,-8.796725428023,
    -23.26753267828));
#1315 = CARTESIAN_POINT('',(12.865272311358,-8.7289621222,-23.3335846032
    ));
#1316 = CARTESIAN_POINT('',(12.893323333442,-8.653418628833,
    -23.39342945756));
#1317 = CARTESIAN_POINT('',(12.919209641138,-8.57032652531,
    -23.44592994893));
#1318 = CARTESIAN_POINT('',(12.959236208383,-8.408460548845,
    -23.52445131839));
#1319 = CARTESIAN_POINT('',(12.974750540056,-8.332108236396,
    -23.5538020488));
#1320 = CARTESIAN_POINT('',(12.987144424085,-8.251961651893,
    -23.576625417));
#1321 = CARTESIAN_POINT('',(12.995693333427,-8.169107312243,
    -23.59216991387));
#1322 = CARTESIAN_POINT('',(13.,-8.084720684606,-23.6));
#1323 = CARTESIAN_POINT('',(13.,-8.,-23.6));
#1324 = PCURVE('',#648,#1325);
#1325 = DEFINITIONAL_REPRESENTATION('',(#1326),#1374);
#1326 = B_SPLINE_CURVE_WITH_KNOTS('',6,(#1327,#1328,#1329,#1330,#1331,
    #1332,#1333,#1334,#1335,#1336,#1337,#1338,#1339,#1340,#1341,#1342,
    #1343,#1344,#1345,#1346,#1347,#1348,#1349,#1350,#1351,#1352,#1353,
    #1354,#1355,#1356,#1357,#1358,#1359,#1360,#1361,#1362,#1363,#1364,
    #1365,#1366,#1367,#1368,#1369,#1370,#1371,#1372,#1373),
  .UNSPECIFIED.,.F.,.F.,(7,5,5,5,5,5,5,5,5,7),(0.,0.132411497618,
    0.184013177764,0.298985211186,0.3983457767,0.50014306412,
    0.600637002659,0.701234901407,0.86776495336,1.),.UNSPECIFIED.);
#1327 = CARTESIAN_POINT('',(0.,3.1));
#1328 = CARTESIAN_POINT('',(-4.235205114975E-02,3.1));
#1329 = CARTESIAN_POINT('',(-8.453636175148E-02,3.092172979375));
#1330 = CARTESIAN_POINT('',(-0.126090872105,3.076635130387));
#1331 = CARTESIAN_POINT('',(-0.166561693236,3.053821704243));
#1332 = CARTESIAN_POINT('',(-0.205476785443,3.024483113189));
#1333 = CARTESIAN_POINT('',(-0.256750905589,2.976202114013));
#1334 = CARTESIAN_POINT('',(-0.270850855895,2.961815902067));
#1335 = CARTESIAN_POINT('',(-0.284662416463,2.94662424709));
#1336 = CARTESIAN_POINT('',(-0.298175602085,2.930668461414));
#1337 = CARTESIAN_POINT('',(-0.311380297228,2.913989543513));
#1338 = CARTESIAN_POINT('',(-0.352977043775,2.857945881408));
#1339 = CARTESIAN_POINT('',(-0.380101543908,2.815881503977));
#1340 = CARTESIAN_POINT('',(-0.405580747976,2.770815144845));
#1341 = CARTESIAN_POINT('',(-0.429341798126,2.723073588612));
#1342 = CARTESIAN_POINT('',(-0.451299053739,2.67293609552));
#1343 = CARTESIAN_POINT('',(-0.488687945945,2.575445282662));
#1344 = CARTESIAN_POINT('',(-0.504612248619,2.528608282928));
#1345 = CARTESIAN_POINT('',(-0.519047498128,2.480315579706));
#1346 = CARTESIAN_POINT('',(-0.531913903575,2.430736998797));
#1347 = CARTESIAN_POINT('',(-0.54313359668,2.38002700086));
#1348 = CARTESIAN_POINT('',(-0.56236289169,2.27535683454));
#1349 = CARTESIAN_POINT('',(-0.570288639744,2.221339309394));
#1350 = CARTESIAN_POINT('',(-0.576305463269,2.166542036397));
#1351 = CARTESIAN_POINT('',(-0.580343095426,2.111223615023));
#1352 = CARTESIAN_POINT('',(-0.582364237869,2.055631334804));
#1353 = CARTESIAN_POINT('',(-0.582364237869,1.945080934056));
#1354 = CARTESIAN_POINT('',(-0.580394513778,1.890198661966));
#1355 = CARTESIAN_POINT('',(-0.576459390389,1.835579942154));
#1356 = CARTESIAN_POINT('',(-0.570594365393,1.781463305185));
#1357 = CARTESIAN_POINT('',(-0.56286641474,1.72809793879));
#1358 = CARTESIAN_POINT('',(-0.543872361721,1.623333045757));
#1359 = CARTESIAN_POINT('',(-0.532601557609,1.571930463947));
#1360 = CARTESIAN_POINT('',(-0.519639296574,1.521680505477));
#1361 = CARTESIAN_POINT('',(-0.505066400752,1.472743709949));
#1362 = CARTESIAN_POINT('',(-0.488965891554,1.425296724634));
#1363 = CARTESIAN_POINT('',(-0.44237920105,1.303777060129));
#1364 = CARTESIAN_POINT('',(-0.409316467172,1.232467321719));
#1365 = CARTESIAN_POINT('',(-0.372542485906,1.166415396799));
#1366 = CARTESIAN_POINT('',(-0.332327745254,1.106570542437));
#1367 = CARTESIAN_POINT('',(-0.288889458196,1.054070051069));
#1368 = CARTESIAN_POINT('',(-0.205518719291,0.975548681607));
#1369 = CARTESIAN_POINT('',(-0.166596645734,0.946197951197));
#1370 = CARTESIAN_POINT('',(-0.126117372766,0.923374582996));
#1371 = CARTESIAN_POINT('',(-8.455372698288E-02,0.907830086128));
#1372 = CARTESIAN_POINT('',(-4.236034230323E-02,0.9));
#1373 = CARTESIAN_POINT('',(0.,0.9));
#1374 = ( GEOMETRIC_REPRESENTATION_CONTEXT(2) 
PARAMETRIC_REPRESENTATION_CONTEXT() REPRESENTATION_CONTEXT('2D SPACE',''
  ) );
#1375 = PCURVE('',#207,#1376);
#1376 = DEFINITIONAL_REPRESENTATION('',(#1377),#1425);
#1377 = B_SPLINE_CURVE_WITH_KNOTS('',6,(#1378,#1379,#1380,#1381,#1382,
    #1383,#1384,#1385,#1386,#1387,#1388,#1389,#1390,#1391,#1392,#1393,
    #1394,#1395,#1396,#1397,#1398,#1399,#1400,#1401,#1402,#1403,#1404,
    #1405,#1406,#1407,#1408,#1409,#1410,#1411,#1412,#1413,#1414,#1415,
    #1416,#1417,#1418,#1419,#1420,#1421,#1422,#1423,#1424),
  .UNSPECIFIED.,.F.,.F.,(7,5,5,5,5,5,5,5,5,7),(0.,0.132411497618,
    0.184013177764,0.298985211186,0.3983457767,0.50014306412,
    0.600637002659,0.701234901407,0.86776495336,1.),.UNSPECIFIED.);
#1378 = CARTESIAN_POINT('',(1.570796326795,13.));
#1379 = CARTESIAN_POINT('',(1.647800056158,13.));
#1380 = CARTESIAN_POINT('',(1.724498552688,12.995695017447));
#1381 = CARTESIAN_POINT('',(1.800626689049,12.987149770911));
#1382 = CARTESIAN_POINT('',(1.875903781192,12.97476122322));
#1383 = CARTESIAN_POINT('',(1.949985528262,12.95925299796));
#1384 = CARTESIAN_POINT('',(2.050568270489,12.934640766302));
#1385 = CARTESIAN_POINT('',(2.078570365437,12.927390861428));
#1386 = CARTESIAN_POINT('',(2.106375508738,12.919835415095));
#1387 = CARTESIAN_POINT('',(2.133989491383,12.912017509485));
#1388 = CARTESIAN_POINT('',(2.161417144099,12.903980801824));
#1389 = CARTESIAN_POINT('',(2.249366470644,12.877474242881));
#1390 = CARTESIAN_POINT('',(2.30915641151,12.858314652529));
#1391 = CARTESIAN_POINT('',(2.368187772187,12.838743527521));
#1392 = CARTESIAN_POINT('',(2.426598792638,12.819203491181));
#1393 = CARTESIAN_POINT('',(2.484523761318,12.800122191129));
#1394 = CARTESIAN_POINT('',(2.591870251896,12.766166041529));
#1395 = CARTESIAN_POINT('',(2.641411229331,12.751061375758));
#1396 = CARTESIAN_POINT('',(2.690780580343,12.736870947245));
#1397 = CARTESIAN_POINT('',(2.740037227452,12.723858485699));
#1398 = CARTESIAN_POINT('',(2.789249197515,12.712263691987));
#1399 = CARTESIAN_POINT('',(2.888948539882,12.692075660059));
#1400 = CARTESIAN_POINT('',(2.939445270961,12.683560996522));
#1401 = CARTESIAN_POINT('',(2.989958245398,12.67699451312));
#1402 = CARTESIAN_POINT('',(3.040480112717,12.672552257964));
#1403 = CARTESIAN_POINT('',(3.091018712859,12.670329308849));
#1404 = CARTESIAN_POINT('',(3.191519077175,12.670329308849));
#1405 = CARTESIAN_POINT('',(3.241412202102,12.672495718872));
#1406 = CARTESIAN_POINT('',(3.291289183883,12.676825155331));
#1407 = CARTESIAN_POINT('',(3.341157012102,12.68322728908));
#1408 = CARTESIAN_POINT('',(3.391008352457,12.691534567926));
#1409 = CARTESIAN_POINT('',(3.490677952232,12.71149963187));
#1410 = CARTESIAN_POINT('',(3.540500956181,12.723162264571));
#1411 = CARTESIAN_POINT('',(3.590367816151,12.736288182682));
#1412 = CARTESIAN_POINT('',(3.640348835409,12.750629182537));
#1413 = CARTESIAN_POINT('',(3.690504633937,12.765911528033));
#1414 = CARTESIAN_POINT('',(3.824291647347,12.808226539454));
#1415 = CARTESIAN_POINT('',(3.908502497353,12.836454275924));
#1416 = CARTESIAN_POINT('',(3.993876683462,12.865272311358));
#1417 = CARTESIAN_POINT('',(4.080773900819,12.893323333442));
#1418 = CARTESIAN_POINT('',(4.169568907432,12.919209641138));
#1419 = CARTESIAN_POINT('',(4.333119894754,12.959236208383));
#1420 = CARTESIAN_POINT('',(4.407216532663,12.974750540056));
#1421 = CARTESIAN_POINT('',(4.482510105695,12.987144424085));
#1422 = CARTESIAN_POINT('',(4.558655177723,12.995693333427));
#1423 = CARTESIAN_POINT('',(4.635370176197,13.));
#1424 = CARTESIAN_POINT('',(4.712388980385,13.));
#1425 = ( GEOMETRIC_REPRESENTATION_CONTEXT(2) 
PARAMETRIC_REPRESENTATION_CONTEXT() REPRESENTATION_CONTEXT('2D SPACE',''
  ) );
#1426 = ADVANCED_FACE('',(#1427),#1081,.F.);
#1427 = FACE_BOUND('',#1428,.F.);
#1428 = EDGE_LOOP('',(#1429,#1452,#1475,#1496));
#1429 = ORIENTED_EDGE('',*,*,#1430,.F.);
#1430 = EDGE_CURVE('',#1431,#1038,#1433,.T.);
#1431 = VERTEX_POINT('',#1432);
#1432 = CARTESIAN_POINT('',(-11.,-10.,-24.5));
#1433 = SURFACE_CURVE('',#1434,(#1438,#1445),.PCURVE_S1.);
#1434 = LINE('',#1435,#1436);
#1435 = CARTESIAN_POINT('',(-13.,-10.,-24.5));
#1436 = VECTOR('',#1437,1.);
#1437 = DIRECTION('',(1.,0.,0.));
#1438 = PCURVE('',#1081,#1439);
#1439 = DEFINITIONAL_REPRESENTATION('',(#1440),#1444);
#1440 = LINE('',#1441,#1442);
#1441 = CARTESIAN_POINT('',(0.,0.));
#1442 = VECTOR('',#1443,1.);
#1443 = DIRECTION('',(0.,1.));
#1444 = ( GEOMETRIC_REPRESENTATION_CONTEXT(2) 
PARAMETRIC_REPRESENTATION_CONTEXT() REPRESENTATION_CONTEXT('2D SPACE',''
  ) );
#1445 = PCURVE('',#282,#1446);
#1446 = DEFINITIONAL_REPRESENTATION('',(#1447),#1451);
#1447 = LINE('',#1448,#1449);
#1448 = CARTESIAN_POINT('',(0.,0.));
#1449 = VECTOR('',#1450,1.);
#1450 = DIRECTION('',(1.,0.));
#1451 = ( GEOMETRIC_REPRESENTATION_CONTEXT(2) 
PARAMETRIC_REPRESENTATION_CONTEXT() REPRESENTATION_CONTEXT('2D SPACE',''
  ) );
#1452 = ORIENTED_EDGE('',*,*,#1453,.T.);
#1453 = EDGE_CURVE('',#1431,#1454,#1456,.T.);
#1454 = VERTEX_POINT('',#1455);
#1455 = CARTESIAN_POINT('',(-11.,-10.,9.5));
#1456 = SURFACE_CURVE('',#1457,(#1461,#1468),.PCURVE_S1.);
#1457 = LINE('',#1458,#1459);
#1458 = CARTESIAN_POINT('',(-11.,-10.,-24.5));
#1459 = VECTOR('',#1460,1.);
#1460 = DIRECTION('',(0.,0.,1.));
#1461 = PCURVE('',#1081,#1462);
#1462 = DEFINITIONAL_REPRESENTATION('',(#1463),#1467);
#1463 = LINE('',#1464,#1465);
#1464 = CARTESIAN_POINT('',(0.,2.));
#1465 = VECTOR('',#1466,1.);
#1466 = DIRECTION('',(1.,0.));
#1467 = ( GEOMETRIC_REPRESENTATION_CONTEXT(2) 
PARAMETRIC_REPRESENTATION_CONTEXT() REPRESENTATION_CONTEXT('2D SPACE',''
  ) );
#1468 = PCURVE('',#102,#1469);
#1469 = DEFINITIONAL_REPRESENTATION('',(#1470),#1474);
#1470 = LINE('',#1471,#1472);
#1471 = CARTESIAN_POINT('',(1.570796326795,0.));
#1472 = VECTOR('',#1473,1.);
#1473 = DIRECTION('',(0.,1.));
#1474 = ( GEOMETRIC_REPRESENTATION_CONTEXT(2) 
PARAMETRIC_REPRESENTATION_CONTEXT() REPRESENTATION_CONTEXT('2D SPACE',''
  ) );
#1475 = ORIENTED_EDGE('',*,*,#1476,.T.);
#1476 = EDGE_CURVE('',#1454,#1066,#1477,.T.);
#1477 = SURFACE_CURVE('',#1478,(#1482,#1489),.PCURVE_S1.);
#1478 = LINE('',#1479,#1480);
#1479 = CARTESIAN_POINT('',(-13.,-10.,9.5));
#1480 = VECTOR('',#1481,1.);
#1481 = DIRECTION('',(1.,0.,0.));
#1482 = PCURVE('',#1081,#1483);
#1483 = DEFINITIONAL_REPRESENTATION('',(#1484),#1488);
#1484 = LINE('',#1485,#1486);
#1485 = CARTESIAN_POINT('',(34.,0.));
#1486 = VECTOR('',#1487,1.);
#1487 = DIRECTION('',(0.,1.));
#1488 = ( GEOMETRIC_REPRESENTATION_CONTEXT(2) 
PARAMETRIC_REPRESENTATION_CONTEXT() REPRESENTATION_CONTEXT('2D SPACE',''
  ) );
#1489 = PCURVE('',#74,#1490);
#1490 = DEFINITIONAL_REPRESENTATION('',(#1491),#1495);
#1491 = LINE('',#1492,#1493);
#1492 = CARTESIAN_POINT('',(0.,0.));
#1493 = VECTOR('',#1494,1.);
#1494 = DIRECTION('',(1.,0.));
#1495 = ( GEOMETRIC_REPRESENTATION_CONTEXT(2) 
PARAMETRIC_REPRESENTATION_CONTEXT() REPRESENTATION_CONTEXT('2D SPACE',''
  ) );
#1496 = ORIENTED_EDGE('',*,*,#1065,.F.);
#1497 = ADVANCED_FACE('',(#1498),#857,.T.);
#1498 = FACE_BOUND('',#1499,.T.);
#1499 = EDGE_LOOP('',(#1500,#1501,#1525,#1553,#1575,#1576,#1671,#1764,
    #1765,#1860));
#1500 = ORIENTED_EDGE('',*,*,#841,.F.);
#1501 = ORIENTED_EDGE('',*,*,#1502,.T.);
#1502 = EDGE_CURVE('',#819,#1503,#1505,.T.);
#1503 = VERTEX_POINT('',#1504);
#1504 = CARTESIAN_POINT('',(11.,10.,-24.5));
#1505 = SURFACE_CURVE('',#1506,(#1511,#1518),.PCURVE_S1.);
#1506 = CIRCLE('',#1507,2.);
#1507 = AXIS2_PLACEMENT_3D('',#1508,#1509,#1510);
#1508 = CARTESIAN_POINT('',(11.,8.,-24.5));
#1509 = DIRECTION('',(0.,0.,1.));
#1510 = DIRECTION('',(0.,-1.,0.));
#1511 = PCURVE('',#857,#1512);
#1512 = DEFINITIONAL_REPRESENTATION('',(#1513),#1517);
#1513 = LINE('',#1514,#1515);
#1514 = CARTESIAN_POINT('',(-1.570796326795,0.));
#1515 = VECTOR('',#1516,1.);
#1516 = DIRECTION('',(1.,0.));
#1517 = ( GEOMETRIC_REPRESENTATION_CONTEXT(2) 
PARAMETRIC_REPRESENTATION_CONTEXT() REPRESENTATION_CONTEXT('2D SPACE',''
  ) );
#1518 = PCURVE('',#282,#1519);
#1519 = DEFINITIONAL_REPRESENTATION('',(#1520),#1524);
#1520 = CIRCLE('',#1521,2.);
#1521 = AXIS2_PLACEMENT_2D('',#1522,#1523);
#1522 = CARTESIAN_POINT('',(24.,18.));
#1523 = DIRECTION('',(0.,-1.));
#1524 = ( GEOMETRIC_REPRESENTATION_CONTEXT(2) 
PARAMETRIC_REPRESENTATION_CONTEXT() REPRESENTATION_CONTEXT('2D SPACE',''
  ) );
#1525 = ORIENTED_EDGE('',*,*,#1526,.T.);
#1526 = EDGE_CURVE('',#1503,#1527,#1529,.T.);
#1527 = VERTEX_POINT('',#1528);
#1528 = CARTESIAN_POINT('',(11.,10.,9.5));
#1529 = SURFACE_CURVE('',#1530,(#1534,#1541),.PCURVE_S1.);
#1530 = LINE('',#1531,#1532);
#1531 = CARTESIAN_POINT('',(11.,10.,-24.5));
#1532 = VECTOR('',#1533,1.);
#1533 = DIRECTION('',(0.,0.,1.));
#1534 = PCURVE('',#857,#1535);
#1535 = DEFINITIONAL_REPRESENTATION('',(#1536),#1540);
#1536 = LINE('',#1537,#1538);
#1537 = CARTESIAN_POINT('',(1.570796326795,0.));
#1538 = VECTOR('',#1539,1.);
#1539 = DIRECTION('',(0.,1.));
#1540 = ( GEOMETRIC_REPRESENTATION_CONTEXT(2) 
PARAMETRIC_REPRESENTATION_CONTEXT() REPRESENTATION_CONTEXT('2D SPACE',''
  ) );
#1541 = PCURVE('',#1542,#1547);
#1542 = PLANE('',#1543);
#1543 = AXIS2_PLACEMENT_3D('',#1544,#1545,#1546);
#1544 = CARTESIAN_POINT('',(-13.,10.,-24.5));
#1545 = DIRECTION('',(0.,1.,0.));
#1546 = DIRECTION('',(0.,0.,1.));
#1547 = DEFINITIONAL_REPRESENTATION('',(#1548),#1552);
#1548 = LINE('',#1549,#1550);
#1549 = CARTESIAN_POINT('',(0.,24.));
#1550 = VECTOR('',#1551,1.);
#1551 = DIRECTION('',(1.,0.));
#1552 = ( GEOMETRIC_REPRESENTATION_CONTEXT(2) 
PARAMETRIC_REPRESENTATION_CONTEXT() REPRESENTATION_CONTEXT('2D SPACE',''
  ) );
#1553 = ORIENTED_EDGE('',*,*,#1554,.F.);
#1554 = EDGE_CURVE('',#610,#1527,#1555,.T.);
#1555 = SURFACE_CURVE('',#1556,(#1561,#1568),.PCURVE_S1.);
#1556 = CIRCLE('',#1557,2.);
#1557 = AXIS2_PLACEMENT_3D('',#1558,#1559,#1560);
#1558 = CARTESIAN_POINT('',(11.,8.,9.5));
#1559 = DIRECTION('',(0.,0.,1.));
#1560 = DIRECTION('',(0.,-1.,0.));
#1561 = PCURVE('',#857,#1562);
#1562 = DEFINITIONAL_REPRESENTATION('',(#1563),#1567);
#1563 = LINE('',#1564,#1565);
#1564 = CARTESIAN_POINT('',(-1.570796326795,34.));
#1565 = VECTOR('',#1566,1.);
#1566 = DIRECTION('',(1.,0.));
#1567 = ( GEOMETRIC_REPRESENTATION_CONTEXT(2) 
PARAMETRIC_REPRESENTATION_CONTEXT() REPRESENTATION_CONTEXT('2D SPACE',''
  ) );
#1568 = PCURVE('',#74,#1569);
#1569 = DEFINITIONAL_REPRESENTATION('',(#1570),#1574);
#1570 = CIRCLE('',#1571,2.);
#1571 = AXIS2_PLACEMENT_2D('',#1572,#1573);
#1572 = CARTESIAN_POINT('',(24.,18.));
#1573 = DIRECTION('',(0.,-1.));
#1574 = ( GEOMETRIC_REPRESENTATION_CONTEXT(2) 
PARAMETRIC_REPRESENTATION_CONTEXT() REPRESENTATION_CONTEXT('2D SPACE',''
  ) );
#1575 = ORIENTED_EDGE('',*,*,#948,.F.);
#1576 = ORIENTED_EDGE('',*,*,#1577,.F.);
#1577 = EDGE_CURVE('',#1578,#921,#1580,.T.);
#1578 = VERTEX_POINT('',#1579);
#1579 = CARTESIAN_POINT('',(12.670329308849,9.1,7.5));
#1580 = SURFACE_CURVE('',#1581,(#1609,#1640),.PCURVE_S1.);
#1581 = B_SPLINE_CURVE_WITH_KNOTS('',6,(#1582,#1583,#1584,#1585,#1586,
    #1587,#1588,#1589,#1590,#1591,#1592,#1593,#1594,#1595,#1596,#1597,
    #1598,#1599,#1600,#1601,#1602,#1603,#1604,#1605,#1606,#1607,#1608),
  .UNSPECIFIED.,.F.,.F.,(7,5,5,5,5,7),(0.,0.200940196651,0.402088264393,
    0.568112421318,0.735230505845,1.),.UNSPECIFIED.);
#1582 = CARTESIAN_POINT('',(12.670329308849,9.1,7.5));
#1583 = CARTESIAN_POINT('',(12.670329308849,9.1,7.554919065944));
#1584 = CARTESIAN_POINT('',(12.672495718872,9.096709615283,
    7.609801338034));
#1585 = CARTESIAN_POINT('',(12.676825155331,9.0901375149,7.664420057846)
  );
#1586 = CARTESIAN_POINT('',(12.68322728908,9.080308064326,7.718536694815
    ));
#1587 = CARTESIAN_POINT('',(12.691534567926,9.067272789231,7.77190206121
    ));
#1588 = CARTESIAN_POINT('',(12.71149963187,9.034954181247,7.876666954243
    ));
#1589 = CARTESIAN_POINT('',(12.723162264571,9.015662915953,
    7.928069536053));
#1590 = CARTESIAN_POINT('',(12.736288182682,8.993302775753,
    7.978319494522));
#1591 = CARTESIAN_POINT('',(12.750629182537,8.967920998101,
    8.027256290051));
#1592 = CARTESIAN_POINT('',(12.765911528033,8.939567804301,
    8.074703275366));
#1593 = CARTESIAN_POINT('',(12.794999804902,8.882504647387,
    8.158238586533));
#1594 = CARTESIAN_POINT('',(12.808604205761,8.854708517756,
    8.194882728158));
#1595 = CARTESIAN_POINT('',(12.822506869774,8.824934660554,
    8.230310839834));
#1596 = CARTESIAN_POINT('',(12.836549291017,8.793197145384,
    8.264423501379));
#1597 = CARTESIAN_POINT('',(12.850568687939,8.75951010837,8.297108785841
    ));
#1598 = CARTESIAN_POINT('',(12.878320306168,8.688035031864,
    8.359578621049));
#1599 = CARTESIAN_POINT('',(12.892056142053,8.650205651455,
    8.389356393019));
#1600 = CARTESIAN_POINT('',(12.905426130026,8.610441974627,
    8.417420236731));
#1601 = CARTESIAN_POINT('',(12.91824749167,8.568793985459,8.443610620463
    ));
#1602 = CARTESIAN_POINT('',(12.930338205891,8.525323015781,
    8.467761202638));
#1603 = CARTESIAN_POINT('',(12.959236208383,8.408460548845,
    8.524451318393));
#1604 = CARTESIAN_POINT('',(12.974750540056,8.332108236396,
    8.553802048803));
#1605 = CARTESIAN_POINT('',(12.987144424085,8.251961651893,
    8.576625417004));
#1606 = CARTESIAN_POINT('',(12.995693333427,8.169107312243,
    8.592169913872));
#1607 = CARTESIAN_POINT('',(13.,8.084720684606,8.6));
#1608 = CARTESIAN_POINT('',(13.,8.,8.6));
#1609 = PCURVE('',#857,#1610);
#1610 = DEFINITIONAL_REPRESENTATION('',(#1611),#1639);
#1611 = B_SPLINE_CURVE_WITH_KNOTS('',6,(#1612,#1613,#1614,#1615,#1616,
    #1617,#1618,#1619,#1620,#1621,#1622,#1623,#1624,#1625,#1626,#1627,
    #1628,#1629,#1630,#1631,#1632,#1633,#1634,#1635,#1636,#1637,#1638),
  .UNSPECIFIED.,.F.,.F.,(7,5,5,5,5,7),(0.,0.200940196651,0.402088264393,
    0.568112421318,0.735230505845,1.),.UNSPECIFIED.);
#1612 = CARTESIAN_POINT('',(0.582364237869,32.));
#1613 = CARTESIAN_POINT('',(0.582364237869,32.054919065944));
#1614 = CARTESIAN_POINT('',(0.580394513778,32.109801338034));
#1615 = CARTESIAN_POINT('',(0.576459390389,32.164420057846));
#1616 = CARTESIAN_POINT('',(0.570594365393,32.218536694815));
#1617 = CARTESIAN_POINT('',(0.56286641474,32.27190206121));
#1618 = CARTESIAN_POINT('',(0.543872361721,32.376666954243));
#1619 = CARTESIAN_POINT('',(0.532601557609,32.428069536053));
#1620 = CARTESIAN_POINT('',(0.519639296574,32.478319494522));
#1621 = CARTESIAN_POINT('',(0.505066400752,32.527256290051));
#1622 = CARTESIAN_POINT('',(0.488965891554,32.574703275366));
#1623 = CARTESIAN_POINT('',(0.456941167792,32.658238586533));
#1624 = CARTESIAN_POINT('',(0.441469810229,32.694882728158));
#1625 = CARTESIAN_POINT('',(0.425044266569,32.730310839834));
#1626 = CARTESIAN_POINT('',(0.407697565772,32.764423501379));
#1627 = CARTESIAN_POINT('',(0.389458925115,32.797108785841));
#1628 = CARTESIAN_POINT('',(0.351122131835,32.859578621049));
#1629 = CARTESIAN_POINT('',(0.331004047863,32.889356393019));
#1630 = CARTESIAN_POINT('',(0.310037839599,32.917420236731));
#1631 = CARTESIAN_POINT('',(0.288261063792,32.943610620463));
#1632 = CARTESIAN_POINT('',(0.265709936936,32.967761202638));
#1633 = CARTESIAN_POINT('',(0.205518719291,33.024451318393));
#1634 = CARTESIAN_POINT('',(0.166596645734,33.053802048803));
#1635 = CARTESIAN_POINT('',(0.126117372766,33.076625417004));
#1636 = CARTESIAN_POINT('',(8.455372698286E-02,33.092169913872));
#1637 = CARTESIAN_POINT('',(4.236034230324E-02,33.1));
#1638 = CARTESIAN_POINT('',(0.,33.1));
#1639 = ( GEOMETRIC_REPRESENTATION_CONTEXT(2) 
PARAMETRIC_REPRESENTATION_CONTEXT() REPRESENTATION_CONTEXT('2D SPACE',''
  ) );
#1640 = PCURVE('',#391,#1641);
#1641 = DEFINITIONAL_REPRESENTATION('',(#1642),#1670);
#1642 = B_SPLINE_CURVE_WITH_KNOTS('',6,(#1643,#1644,#1645,#1646,#1647,
    #1648,#1649,#1650,#1651,#1652,#1653,#1654,#1655,#1656,#1657,#1658,
    #1659,#1660,#1661,#1662,#1663,#1664,#1665,#1666,#1667,#1668,#1669),
  .UNSPECIFIED.,.F.,.F.,(7,5,5,5,5,7),(0.,0.200940196651,0.402088264393,
    0.568112421318,0.735230505845,1.),.UNSPECIFIED.);
#1643 = CARTESIAN_POINT('',(0.,12.670329308849));
#1644 = CARTESIAN_POINT('',(4.992642358505E-02,12.670329308849));
#1645 = CARTESIAN_POINT('',(9.981954851207E-02,12.672495718872));
#1646 = CARTESIAN_POINT('',(0.149696530294,12.676825155331));
#1647 = CARTESIAN_POINT('',(0.199564358512,12.68322728908));
#1648 = CARTESIAN_POINT('',(0.249415698867,12.691534567926));
#1649 = CARTESIAN_POINT('',(0.349085298642,12.71149963187));
#1650 = CARTESIAN_POINT('',(0.398908302591,12.723162264571));
#1651 = CARTESIAN_POINT('',(0.448775162561,12.736288182682));
#1652 = CARTESIAN_POINT('',(0.498756181819,12.750629182537));
#1653 = CARTESIAN_POINT('',(0.548911980347,12.765911528033));
#1654 = CARTESIAN_POINT('',(0.640880139088,12.794999804902));
#1655 = CARTESIAN_POINT('',(0.682641030209,12.808604205761));
#1656 = CARTESIAN_POINT('',(0.724632714016,12.822506869774));
#1657 = CARTESIAN_POINT('',(0.766908197149,12.836549291017));
#1658 = CARTESIAN_POINT('',(0.809521049049,12.850568687939));
#1659 = CARTESIAN_POINT('',(0.895818472818,12.878320306168));
#1660 = CARTESIAN_POINT('',(0.939527262789,12.892056142053));
#1661 = CARTESIAN_POINT('',(0.983680868427,12.905426130026));
#1662 = CARTESIAN_POINT('',(1.028309464942,12.91824749167));
#1663 = CARTESIAN_POINT('',(1.073448246025,12.930338205891));
#1664 = CARTESIAN_POINT('',(1.191527241165,12.959236208383));
#1665 = CARTESIAN_POINT('',(1.265623879073,12.974750540056));
#1666 = CARTESIAN_POINT('',(1.340917452105,12.987144424085));
#1667 = CARTESIAN_POINT('',(1.417062524133,12.995693333427));
#1668 = CARTESIAN_POINT('',(1.493777522607,13.));
#1669 = CARTESIAN_POINT('',(1.570796326795,13.));
#1670 = ( GEOMETRIC_REPRESENTATION_CONTEXT(2) 
PARAMETRIC_REPRESENTATION_CONTEXT() REPRESENTATION_CONTEXT('2D SPACE',''
  ) );
#1671 = ORIENTED_EDGE('',*,*,#1672,.F.);
#1672 = EDGE_CURVE('',#898,#1578,#1673,.T.);
#1673 = SURFACE_CURVE('',#1674,(#1702,#1733),.PCURVE_S1.);
#1674 = B_SPLINE_CURVE_WITH_KNOTS('',6,(#1675,#1676,#1677,#1678,#1679,
    #1680,#1681,#1682,#1683,#1684,#1685,#1686,#1687,#1688,#1689,#1690,
    #1691,#1692,#1693,#1694,#1695,#1696,#1697,#1698,#1699,#1700,#1701),
  .UNSPECIFIED.,.F.,.F.,(7,5,5,5,5,7),(0.,0.264747243573,0.367921082914,
    0.597799375088,0.796463662653,1.),.UNSPECIFIED.);
#1675 = CARTESIAN_POINT('',(13.,8.,6.4));
#1676 = CARTESIAN_POINT('',(13.,8.084704102299,6.4));
#1677 = CARTESIAN_POINT('',(12.995695017447,8.169072579622,
    6.407827020625));
#1678 = CARTESIAN_POINT('',(12.987149770911,8.251908815767,
    6.423364869613));
#1679 = CARTESIAN_POINT('',(12.97476122322,8.33203901988,6.446178295757)
  );
#1680 = CARTESIAN_POINT('',(12.95925299796,8.408378306849,6.475516886811
    ));
#1681 = CARTESIAN_POINT('',(12.934640766302,8.507929196547,
    6.523797885987));
#1682 = CARTESIAN_POINT('',(12.927390861428,8.535185737342,
    6.538184097933));
#1683 = CARTESIAN_POINT('',(12.919835415095,8.561761584456,6.55337575291
    ));
#1684 = CARTESIAN_POINT('',(12.912017509485,8.587637925012,
    6.569331538586));
#1685 = CARTESIAN_POINT('',(12.903980801824,8.612797925928,
    6.586010456487));
#1686 = CARTESIAN_POINT('',(12.877474242881,8.691655770344,
    6.642054118592));
#1687 = CARTESIAN_POINT('',(12.858314652529,8.742447338477,
    6.684118496023));
#1688 = CARTESIAN_POINT('',(12.838743527521,8.789538978267,
    6.729184855155));
#1689 = CARTESIAN_POINT('',(12.819203491181,8.832885966283,
    6.776926411388));
#1690 = CARTESIAN_POINT('',(12.800122191129,8.872450048019,6.82706390448
    ));
#1691 = CARTESIAN_POINT('',(12.766166041529,8.939073594502,
    6.924554717337));
#1692 = CARTESIAN_POINT('',(12.751061375758,8.96712185327,6.971391717072
    ));
#1693 = CARTESIAN_POINT('',(12.736870947245,8.992272268197,
    7.019684420294));
#1694 = CARTESIAN_POINT('',(12.723858485699,9.014476640809,
    7.069263001203));
#1695 = CARTESIAN_POINT('',(12.712263691987,9.033689465384,7.11997299914
    ));
#1696 = CARTESIAN_POINT('',(12.692075660059,9.066423339478,7.22464316546
    ));
#1697 = CARTESIAN_POINT('',(12.683560996522,9.079795680354,
    7.278660690606));
#1698 = CARTESIAN_POINT('',(12.67699451312,9.089880446718,7.333457963603
    ));
#1699 = CARTESIAN_POINT('',(12.672552257964,9.096623708272,
    7.388776384977));
#1700 = CARTESIAN_POINT('',(12.670329308849,9.1,7.444368665196));
#1701 = CARTESIAN_POINT('',(12.670329308849,9.1,7.5));
#1702 = PCURVE('',#857,#1703);
#1703 = DEFINITIONAL_REPRESENTATION('',(#1704),#1732);
#1704 = B_SPLINE_CURVE_WITH_KNOTS('',6,(#1705,#1706,#1707,#1708,#1709,
    #1710,#1711,#1712,#1713,#1714,#1715,#1716,#1717,#1718,#1719,#1720,
    #1721,#1722,#1723,#1724,#1725,#1726,#1727,#1728,#1729,#1730,#1731),
  .UNSPECIFIED.,.F.,.F.,(7,5,5,5,5,7),(0.,0.264747243573,0.367921082914,
    0.597799375088,0.796463662653,1.),.UNSPECIFIED.);
#1705 = CARTESIAN_POINT('',(0.,30.9));
#1706 = CARTESIAN_POINT('',(4.235205114974E-02,30.9));
#1707 = CARTESIAN_POINT('',(8.453636175151E-02,30.907827020625));
#1708 = CARTESIAN_POINT('',(0.126090872105,30.923364869613));
#1709 = CARTESIAN_POINT('',(0.166561693236,30.946178295757));
#1710 = CARTESIAN_POINT('',(0.205476785443,30.975516886811));
#1711 = CARTESIAN_POINT('',(0.256750905589,31.023797885987));
#1712 = CARTESIAN_POINT('',(0.270850855895,31.038184097933));
#1713 = CARTESIAN_POINT('',(0.284662416462,31.05337575291));
#1714 = CARTESIAN_POINT('',(0.298175602085,31.069331538586));
#1715 = CARTESIAN_POINT('',(0.311380297228,31.086010456487));
#1716 = CARTESIAN_POINT('',(0.352977043775,31.142054118592));
#1717 = CARTESIAN_POINT('',(0.380101543908,31.184118496023));
#1718 = CARTESIAN_POINT('',(0.405580747976,31.229184855155));
#1719 = CARTESIAN_POINT('',(0.429341798126,31.276926411388));
#1720 = CARTESIAN_POINT('',(0.451299053739,31.32706390448));
#1721 = CARTESIAN_POINT('',(0.488687945945,31.424554717337));
#1722 = CARTESIAN_POINT('',(0.504612248619,31.471391717072));
#1723 = CARTESIAN_POINT('',(0.519047498128,31.519684420294));
#1724 = CARTESIAN_POINT('',(0.531913903575,31.569263001203));
#1725 = CARTESIAN_POINT('',(0.54313359668,31.61997299914));
#1726 = CARTESIAN_POINT('',(0.56236289169,31.72464316546));
#1727 = CARTESIAN_POINT('',(0.570288639744,31.778660690606));
#1728 = CARTESIAN_POINT('',(0.576305463269,31.833457963603));
#1729 = CARTESIAN_POINT('',(0.580343095426,31.888776384977));
#1730 = CARTESIAN_POINT('',(0.582364237869,31.944368665196));
#1731 = CARTESIAN_POINT('',(0.582364237869,32.));
#1732 = ( GEOMETRIC_REPRESENTATION_CONTEXT(2) 
PARAMETRIC_REPRESENTATION_CONTEXT() REPRESENTATION_CONTEXT('2D SPACE',''
  ) );
#1733 = PCURVE('',#391,#1734);
#1734 = DEFINITIONAL_REPRESENTATION('',(#1735),#1763);
#1735 = B_SPLINE_CURVE_WITH_KNOTS('',6,(#1736,#1737,#1738,#1739,#1740,
    #1741,#1742,#1743,#1744,#1745,#1746,#1747,#1748,#1749,#1750,#1751,
    #1752,#1753,#1754,#1755,#1756,#1757,#1758,#1759,#1760,#1761,#1762),
  .UNSPECIFIED.,.F.,.F.,(7,5,5,5,5,7),(0.,0.264747243573,0.367921082914,
    0.597799375088,0.796463662653,1.),.UNSPECIFIED.);
#1736 = CARTESIAN_POINT('',(4.712388980385,13.));
#1737 = CARTESIAN_POINT('',(4.789392709748,13.));
#1738 = CARTESIAN_POINT('',(4.866091206278,12.995695017447));
#1739 = CARTESIAN_POINT('',(4.942219342638,12.987149770911));
#1740 = CARTESIAN_POINT('',(5.017496434782,12.97476122322));
#1741 = CARTESIAN_POINT('',(5.091578181852,12.95925299796));
#1742 = CARTESIAN_POINT('',(5.192160924079,12.934640766302));
#1743 = CARTESIAN_POINT('',(5.220163019026,12.927390861428));
#1744 = CARTESIAN_POINT('',(5.247968162328,12.919835415095));
#1745 = CARTESIAN_POINT('',(5.275582144973,12.912017509485));
#1746 = CARTESIAN_POINT('',(5.303009797689,12.903980801824));
#1747 = CARTESIAN_POINT('',(5.390959124234,12.877474242881));
#1748 = CARTESIAN_POINT('',(5.4507490651,12.858314652529));
#1749 = CARTESIAN_POINT('',(5.509780425776,12.838743527521));
#1750 = CARTESIAN_POINT('',(5.568191446228,12.819203491181));
#1751 = CARTESIAN_POINT('',(5.626116414908,12.800122191129));
#1752 = CARTESIAN_POINT('',(5.733462905485,12.766166041529));
#1753 = CARTESIAN_POINT('',(5.783003882921,12.751061375758));
#1754 = CARTESIAN_POINT('',(5.832373233932,12.736870947245));
#1755 = CARTESIAN_POINT('',(5.881629881042,12.723858485699));
#1756 = CARTESIAN_POINT('',(5.930841851105,12.712263691987));
#1757 = CARTESIAN_POINT('',(6.030541193471,12.692075660059));
#1758 = CARTESIAN_POINT('',(6.081037924551,12.683560996522));
#1759 = CARTESIAN_POINT('',(6.131550898988,12.67699451312));
#1760 = CARTESIAN_POINT('',(6.182072766307,12.672552257964));
#1761 = CARTESIAN_POINT('',(6.232611366449,12.670329308849));
#1762 = CARTESIAN_POINT('',(6.28318530718,12.670329308849));
#1763 = ( GEOMETRIC_REPRESENTATION_CONTEXT(2) 
PARAMETRIC_REPRESENTATION_CONTEXT() REPRESENTATION_CONTEXT('2D SPACE',''
  ) );
#1764 = ORIENTED_EDGE('',*,*,#897,.F.);
#1765 = ORIENTED_EDGE('',*,*,#1766,.F.);
#1766 = EDGE_CURVE('',#1767,#870,#1769,.T.);
#1767 = VERTEX_POINT('',#1768);
#1768 = CARTESIAN_POINT('',(12.670329308849,9.1,-22.5));
#1769 = SURFACE_CURVE('',#1770,(#1798,#1829),.PCURVE_S1.);
#1770 = B_SPLINE_CURVE_WITH_KNOTS('',6,(#1771,#1772,#1773,#1774,#1775,
    #1776,#1777,#1778,#1779,#1780,#1781,#1782,#1783,#1784,#1785,#1786,
    #1787,#1788,#1789,#1790,#1791,#1792,#1793,#1794,#1795,#1796,#1797),
  .UNSPECIFIED.,.F.,.F.,(7,5,5,5,5,7),(0.,0.200940196706,0.402088264502,
    0.568112421472,0.735230505982,1.),.UNSPECIFIED.);
#1771 = CARTESIAN_POINT('',(12.670329308849,9.1,-22.5));
#1772 = CARTESIAN_POINT('',(12.670329308849,9.1,-22.44508093405));
#1773 = CARTESIAN_POINT('',(12.672495718872,9.096709615283,
    -22.39019866196));
#1774 = CARTESIAN_POINT('',(12.676825155331,9.0901375149,-22.33557994215
    ));
#1775 = CARTESIAN_POINT('',(12.68322728908,9.080308064326,
    -22.28146330518));
#1776 = CARTESIAN_POINT('',(12.691534567926,9.067272789231,
    -22.22809793879));
#1777 = CARTESIAN_POINT('',(12.71149963187,9.034954181247,
    -22.12333304575));
#1778 = CARTESIAN_POINT('',(12.723162264571,9.015662915953,
    -22.07193046394));
#1779 = CARTESIAN_POINT('',(12.736288182682,8.993302775753,
    -22.02168050547));
#1780 = CARTESIAN_POINT('',(12.750629182537,8.967920998101,
    -21.97274370994));
#1781 = CARTESIAN_POINT('',(12.765911528033,8.939567804301,
    -21.92529672463));
#1782 = CARTESIAN_POINT('',(12.794999804902,8.882504647387,
    -21.84176141346));
#1783 = CARTESIAN_POINT('',(12.808604205761,8.854708517756,
    -21.80511727184));
#1784 = CARTESIAN_POINT('',(12.822506869774,8.824934660554,
    -21.76968916016));
#1785 = CARTESIAN_POINT('',(12.836549291017,8.793197145384,
    -21.73557649862));
#1786 = CARTESIAN_POINT('',(12.850568687939,8.75951010837,
    -21.70289121415));
#1787 = CARTESIAN_POINT('',(12.878320306163,8.688035031877,
    -21.64042137896));
#1788 = CARTESIAN_POINT('',(12.892056142055,8.650205651452,
    -21.61064360697));
#1789 = CARTESIAN_POINT('',(12.905426130031,8.61044197461,
    -21.58257976325));
#1790 = CARTESIAN_POINT('',(12.918247491671,8.568793985453,
    -21.55638937953));
#1791 = CARTESIAN_POINT('',(12.930338205886,8.5253230158,-21.53223879737
    ));
#1792 = CARTESIAN_POINT('',(12.959236208383,8.408460548845,
    -21.4755486816));
#1793 = CARTESIAN_POINT('',(12.974750540056,8.332108236396,
    -21.44619795119));
#1794 = CARTESIAN_POINT('',(12.987144424085,8.251961651893,
    -21.42337458299));
#1795 = CARTESIAN_POINT('',(12.995693333427,8.169107312243,
    -21.40783008612));
#1796 = CARTESIAN_POINT('',(13.,8.084720684606,-21.4));
#1797 = CARTESIAN_POINT('',(13.,8.,-21.4));
#1798 = PCURVE('',#857,#1799);
#1799 = DEFINITIONAL_REPRESENTATION('',(#1800),#1828);
#1800 = B_SPLINE_CURVE_WITH_KNOTS('',6,(#1801,#1802,#1803,#1804,#1805,
    #1806,#1807,#1808,#1809,#1810,#1811,#1812,#1813,#1814,#1815,#1816,
    #1817,#1818,#1819,#1820,#1821,#1822,#1823,#1824,#1825,#1826,#1827),
  .UNSPECIFIED.,.F.,.F.,(7,5,5,5,5,7),(0.,0.200940196706,0.402088264502,
    0.568112421472,0.735230505982,1.),.UNSPECIFIED.);
#1801 = CARTESIAN_POINT('',(0.582364237869,2.));
#1802 = CARTESIAN_POINT('',(0.582364237869,2.054919065944));
#1803 = CARTESIAN_POINT('',(0.580394513778,2.109801338034));
#1804 = CARTESIAN_POINT('',(0.576459390389,2.164420057846));
#1805 = CARTESIAN_POINT('',(0.570594365393,2.218536694815));
#1806 = CARTESIAN_POINT('',(0.56286641474,2.27190206121));
#1807 = CARTESIAN_POINT('',(0.543872361721,2.376666954243));
#1808 = CARTESIAN_POINT('',(0.532601557609,2.428069536053));
#1809 = CARTESIAN_POINT('',(0.519639296574,2.478319494523));
#1810 = CARTESIAN_POINT('',(0.505066400752,2.527256290051));
#1811 = CARTESIAN_POINT('',(0.488965891554,2.574703275366));
#1812 = CARTESIAN_POINT('',(0.456941167792,2.658238586533));
#1813 = CARTESIAN_POINT('',(0.441469810229,2.694882728158));
#1814 = CARTESIAN_POINT('',(0.425044266569,2.730310839834));
#1815 = CARTESIAN_POINT('',(0.407697565772,2.764423501379));
#1816 = CARTESIAN_POINT('',(0.389458925115,2.797108785841));
#1817 = CARTESIAN_POINT('',(0.351122131842,2.859578621037));
#1818 = CARTESIAN_POINT('',(0.331004047861,2.889356393025));
#1819 = CARTESIAN_POINT('',(0.31003783959,2.917420236742));
#1820 = CARTESIAN_POINT('',(0.288261063789,2.943610620464));
#1821 = CARTESIAN_POINT('',(0.265709936946,2.967761202629));
#1822 = CARTESIAN_POINT('',(0.205518719291,3.024451318393));
#1823 = CARTESIAN_POINT('',(0.166596645734,3.053802048803));
#1824 = CARTESIAN_POINT('',(0.126117372766,3.076625417004));
#1825 = CARTESIAN_POINT('',(8.455372698287E-02,3.092169913872));
#1826 = CARTESIAN_POINT('',(4.236034230323E-02,3.1));
#1827 = CARTESIAN_POINT('',(0.,3.1));
#1828 = ( GEOMETRIC_REPRESENTATION_CONTEXT(2) 
PARAMETRIC_REPRESENTATION_CONTEXT() REPRESENTATION_CONTEXT('2D SPACE',''
  ) );
#1829 = PCURVE('',#339,#1830);
#1830 = DEFINITIONAL_REPRESENTATION('',(#1831),#1859);
#1831 = B_SPLINE_CURVE_WITH_KNOTS('',6,(#1832,#1833,#1834,#1835,#1836,
    #1837,#1838,#1839,#1840,#1841,#1842,#1843,#1844,#1845,#1846,#1847,
    #1848,#1849,#1850,#1851,#1852,#1853,#1854,#1855,#1856,#1857,#1858),
  .UNSPECIFIED.,.F.,.F.,(7,5,5,5,5,7),(0.,0.200940196706,0.402088264502,
    0.568112421472,0.735230505982,1.),.UNSPECIFIED.);
#1832 = CARTESIAN_POINT('',(0.,12.670329308849));
#1833 = CARTESIAN_POINT('',(4.992642358505E-02,12.670329308849));
#1834 = CARTESIAN_POINT('',(9.981954851208E-02,12.672495718872));
#1835 = CARTESIAN_POINT('',(0.149696530294,12.676825155331));
#1836 = CARTESIAN_POINT('',(0.199564358512,12.68322728908));
#1837 = CARTESIAN_POINT('',(0.249415698867,12.691534567926));
#1838 = CARTESIAN_POINT('',(0.349085298642,12.71149963187));
#1839 = CARTESIAN_POINT('',(0.398908302591,12.723162264571));
#1840 = CARTESIAN_POINT('',(0.448775162561,12.736288182682));
#1841 = CARTESIAN_POINT('',(0.498756181819,12.750629182537));
#1842 = CARTESIAN_POINT('',(0.548911980347,12.765911528033));
#1843 = CARTESIAN_POINT('',(0.640880139088,12.794999804902));
#1844 = CARTESIAN_POINT('',(0.682641030209,12.808604205761));
#1845 = CARTESIAN_POINT('',(0.724632714017,12.822506869774));
#1846 = CARTESIAN_POINT('',(0.766908197149,12.836549291017));
#1847 = CARTESIAN_POINT('',(0.809521049049,12.850568687939));
#1848 = CARTESIAN_POINT('',(0.895818472802,12.878320306163));
#1849 = CARTESIAN_POINT('',(0.939527262794,12.892056142055));
#1850 = CARTESIAN_POINT('',(0.983680868446,12.905426130031));
#1851 = CARTESIAN_POINT('',(1.028309464947,12.918247491671));
#1852 = CARTESIAN_POINT('',(1.073448246006,12.930338205886));
#1853 = CARTESIAN_POINT('',(1.191527241165,12.959236208383));
#1854 = CARTESIAN_POINT('',(1.265623879073,12.974750540056));
#1855 = CARTESIAN_POINT('',(1.340917452105,12.987144424085));
#1856 = CARTESIAN_POINT('',(1.417062524133,12.995693333427));
#1857 = CARTESIAN_POINT('',(1.493777522607,13.));
#1858 = CARTESIAN_POINT('',(1.570796326795,13.));
#1859 = ( GEOMETRIC_REPRESENTATION_CONTEXT(2) 
PARAMETRIC_REPRESENTATION_CONTEXT() REPRESENTATION_CONTEXT('2D SPACE',''
  ) );
#1860 = ORIENTED_EDGE('',*,*,#1861,.F.);
#1861 = EDGE_CURVE('',#842,#1767,#1862,.T.);
#1862 = SURFACE_CURVE('',#1863,(#1891,#1922),.PCURVE_S1.);
#1863 = B_SPLINE_CURVE_WITH_KNOTS('',6,(#1864,#1865,#1866,#1867,#1868,
    #1869,#1870,#1871,#1872,#1873,#1874,#1875,#1876,#1877,#1878,#1879,
    #1880,#1881,#1882,#1883,#1884,#1885,#1886,#1887,#1888,#1889,#1890),
  .UNSPECIFIED.,.F.,.F.,(7,5,5,5,5,7),(0.,0.264747243564,0.367921082905,
    0.597799375082,0.796463662651,1.),.UNSPECIFIED.);
#1864 = CARTESIAN_POINT('',(13.,8.,-23.6));
#1865 = CARTESIAN_POINT('',(13.,8.084704102299,-23.6));
#1866 = CARTESIAN_POINT('',(12.995695017447,8.169072579622,
    -23.59217297937));
#1867 = CARTESIAN_POINT('',(12.987149770911,8.251908815767,
    -23.57663513038));
#1868 = CARTESIAN_POINT('',(12.97476122322,8.33203901988,-23.55382170424
    ));
#1869 = CARTESIAN_POINT('',(12.95925299796,8.408378306849,
    -23.52448311318));
#1870 = CARTESIAN_POINT('',(12.934640766302,8.507929196547,
    -23.47620211401));
#1871 = CARTESIAN_POINT('',(12.927390861428,8.535185737342,
    -23.46181590206));
#1872 = CARTESIAN_POINT('',(12.919835415095,8.561761584456,
    -23.44662424709));
#1873 = CARTESIAN_POINT('',(12.912017509485,8.587637925012,
    -23.43066846141));
#1874 = CARTESIAN_POINT('',(12.903980801824,8.612797925929,
    -23.41398954351));
#1875 = CARTESIAN_POINT('',(12.877474242881,8.691655770344,
    -23.3579458814));
#1876 = CARTESIAN_POINT('',(12.858314652529,8.742447338477,
    -23.31588150397));
#1877 = CARTESIAN_POINT('',(12.838743527521,8.789538978267,
    -23.27081514484));
#1878 = CARTESIAN_POINT('',(12.819203491181,8.832885966283,
    -23.22307358861));
#1879 = CARTESIAN_POINT('',(12.800122191129,8.872450048019,
    -23.17293609552));
#1880 = CARTESIAN_POINT('',(12.766166041529,8.939073594502,
    -23.07544528266));
#1881 = CARTESIAN_POINT('',(12.751061375758,8.96712185327,
    -23.02860828292));
#1882 = CARTESIAN_POINT('',(12.736870947245,8.992272268197,
    -22.9803155797));
#1883 = CARTESIAN_POINT('',(12.723858485699,9.014476640809,
    -22.93073699879));
#1884 = CARTESIAN_POINT('',(12.712263691987,9.033689465384,
    -22.88002700086));
#1885 = CARTESIAN_POINT('',(12.692075660059,9.066423339478,
    -22.77535683454));
#1886 = CARTESIAN_POINT('',(12.683560996522,9.079795680354,
    -22.72133930939));
#1887 = CARTESIAN_POINT('',(12.67699451312,9.089880446718,
    -22.66654203639));
#1888 = CARTESIAN_POINT('',(12.672552257964,9.096623708272,
    -22.61122361502));
#1889 = CARTESIAN_POINT('',(12.670329308849,9.1,-22.5556313348));
#1890 = CARTESIAN_POINT('',(12.670329308849,9.1,-22.5));
#1891 = PCURVE('',#857,#1892);
#1892 = DEFINITIONAL_REPRESENTATION('',(#1893),#1921);
#1893 = B_SPLINE_CURVE_WITH_KNOTS('',6,(#1894,#1895,#1896,#1897,#1898,
    #1899,#1900,#1901,#1902,#1903,#1904,#1905,#1906,#1907,#1908,#1909,
    #1910,#1911,#1912,#1913,#1914,#1915,#1916,#1917,#1918,#1919,#1920),
  .UNSPECIFIED.,.F.,.F.,(7,5,5,5,5,7),(0.,0.264747243564,0.367921082905,
    0.597799375082,0.796463662651,1.),.UNSPECIFIED.);
#1894 = CARTESIAN_POINT('',(0.,0.9));
#1895 = CARTESIAN_POINT('',(4.235205114974E-02,0.9));
#1896 = CARTESIAN_POINT('',(8.453636175151E-02,0.907827020625));
#1897 = CARTESIAN_POINT('',(0.126090872105,0.923364869613));
#1898 = CARTESIAN_POINT('',(0.166561693236,0.946178295757));
#1899 = CARTESIAN_POINT('',(0.205476785443,0.975516886811));
#1900 = CARTESIAN_POINT('',(0.256750905589,1.023797885987));
#1901 = CARTESIAN_POINT('',(0.270850855895,1.038184097933));
#1902 = CARTESIAN_POINT('',(0.284662416462,1.05337575291));
#1903 = CARTESIAN_POINT('',(0.298175602085,1.069331538586));
#1904 = CARTESIAN_POINT('',(0.311380297229,1.086010456488));
#1905 = CARTESIAN_POINT('',(0.352977043775,1.142054118592));
#1906 = CARTESIAN_POINT('',(0.380101543908,1.184118496023));
#1907 = CARTESIAN_POINT('',(0.405580747976,1.229184855155));
#1908 = CARTESIAN_POINT('',(0.429341798126,1.276926411388));
#1909 = CARTESIAN_POINT('',(0.451299053739,1.32706390448));
#1910 = CARTESIAN_POINT('',(0.488687945945,1.424554717338));
#1911 = CARTESIAN_POINT('',(0.504612248619,1.471391717072));
#1912 = CARTESIAN_POINT('',(0.519047498128,1.519684420294));
#1913 = CARTESIAN_POINT('',(0.531913903575,1.569263001203));
#1914 = CARTESIAN_POINT('',(0.54313359668,1.61997299914));
#1915 = CARTESIAN_POINT('',(0.56236289169,1.72464316546));
#1916 = CARTESIAN_POINT('',(0.570288639744,1.778660690606));
#1917 = CARTESIAN_POINT('',(0.576305463269,1.833457963603));
#1918 = CARTESIAN_POINT('',(0.580343095426,1.888776384977));
#1919 = CARTESIAN_POINT('',(0.582364237869,1.944368665196));
#1920 = CARTESIAN_POINT('',(0.582364237869,2.));
#1921 = ( GEOMETRIC_REPRESENTATION_CONTEXT(2) 
PARAMETRIC_REPRESENTATION_CONTEXT() REPRESENTATION_CONTEXT('2D SPACE',''
  ) );
#1922 = PCURVE('',#339,#1923);
#1923 = DEFINITIONAL_REPRESENTATION('',(#1924),#1952);
#1924 = B_SPLINE_CURVE_WITH_KNOTS('',6,(#1925,#1926,#1927,#1928,#1929,
    #1930,#1931,#1932,#1933,#1934,#1935,#1936,#1937,#1938,#1939,#1940,
    #1941,#1942,#1943,#1944,#1945,#1946,#1947,#1948,#1949,#1950,#1951),
  .UNSPECIFIED.,.F.,.F.,(7,5,5,5,5,7),(0.,0.264747243564,0.367921082905,
    0.597799375082,0.796463662651,1.),.UNSPECIFIED.);
#1925 = CARTESIAN_POINT('',(4.712388980385,13.));
#1926 = CARTESIAN_POINT('',(4.789392709748,13.));
#1927 = CARTESIAN_POINT('',(4.866091206278,12.995695017447));
#1928 = CARTESIAN_POINT('',(4.942219342638,12.987149770911));
#1929 = CARTESIAN_POINT('',(5.017496434782,12.97476122322));
#1930 = CARTESIAN_POINT('',(5.091578181852,12.95925299796));
#1931 = CARTESIAN_POINT('',(5.192160924079,12.934640766302));
#1932 = CARTESIAN_POINT('',(5.220163019026,12.927390861428));
#1933 = CARTESIAN_POINT('',(5.247968162328,12.919835415095));
#1934 = CARTESIAN_POINT('',(5.275582144973,12.912017509485));
#1935 = CARTESIAN_POINT('',(5.30300979769,12.903980801824));
#1936 = CARTESIAN_POINT('',(5.390959124234,12.877474242881));
#1937 = CARTESIAN_POINT('',(5.4507490651,12.858314652529));
#1938 = CARTESIAN_POINT('',(5.509780425777,12.838743527521));
#1939 = CARTESIAN_POINT('',(5.568191446228,12.819203491181));
#1940 = CARTESIAN_POINT('',(5.626116414908,12.800122191129));
#1941 = CARTESIAN_POINT('',(5.733462905485,12.766166041529));
#1942 = CARTESIAN_POINT('',(5.783003882921,12.751061375758));
#1943 = CARTESIAN_POINT('',(5.832373233932,12.736870947245));
#1944 = CARTESIAN_POINT('',(5.881629881042,12.723858485699));
#1945 = CARTESIAN_POINT('',(5.930841851105,12.712263691987));
#1946 = CARTESIAN_POINT('',(6.030541193471,12.692075660059));
#1947 = CARTESIAN_POINT('',(6.081037924551,12.683560996522));
#1948 = CARTESIAN_POINT('',(6.131550898988,12.67699451312));
#1949 = CARTESIAN_POINT('',(6.182072766307,12.672552257964));
#1950 = CARTESIAN_POINT('',(6.232611366449,12.670329308849));
#1951 = CARTESIAN_POINT('',(6.28318530718,12.670329308849));
#1952 = ( GEOMETRIC_REPRESENTATION_CONTEXT(2) 
PARAMETRIC_REPRESENTATION_CONTEXT() REPRESENTATION_CONTEXT('2D SPACE',''
  ) );
#1953 = ADVANCED_FACE('',(#1954),#1542,.T.);
#1954 = FACE_BOUND('',#1955,.T.);
#1955 = EDGE_LOOP('',(#1956,#1979,#2002,#2023));
#1956 = ORIENTED_EDGE('',*,*,#1957,.F.);
#1957 = EDGE_CURVE('',#1958,#1503,#1960,.T.);
#1958 = VERTEX_POINT('',#1959);
#1959 = CARTESIAN_POINT('',(-11.,10.,-24.5));
#1960 = SURFACE_CURVE('',#1961,(#1965,#1972),.PCURVE_S1.);
#1961 = LINE('',#1962,#1963);
#1962 = CARTESIAN_POINT('',(-13.,10.,-24.5));
#1963 = VECTOR('',#1964,1.);
#1964 = DIRECTION('',(1.,0.,0.));
#1965 = PCURVE('',#1542,#1966);
#1966 = DEFINITIONAL_REPRESENTATION('',(#1967),#1971);
#1967 = LINE('',#1968,#1969);
#1968 = CARTESIAN_POINT('',(0.,0.));
#1969 = VECTOR('',#1970,1.);
#1970 = DIRECTION('',(0.,1.));
#1971 = ( GEOMETRIC_REPRESENTATION_CONTEXT(2) 
PARAMETRIC_REPRESENTATION_CONTEXT() REPRESENTATION_CONTEXT('2D SPACE',''
  ) );
#1972 = PCURVE('',#282,#1973);
#1973 = DEFINITIONAL_REPRESENTATION('',(#1974),#1978);
#1974 = LINE('',#1975,#1976);
#1975 = CARTESIAN_POINT('',(0.,20.));
#1976 = VECTOR('',#1977,1.);
#1977 = DIRECTION('',(1.,0.));
#1978 = ( GEOMETRIC_REPRESENTATION_CONTEXT(2) 
PARAMETRIC_REPRESENTATION_CONTEXT() REPRESENTATION_CONTEXT('2D SPACE',''
  ) );
#1979 = ORIENTED_EDGE('',*,*,#1980,.T.);
#1980 = EDGE_CURVE('',#1958,#1981,#1983,.T.);
#1981 = VERTEX_POINT('',#1982);
#1982 = CARTESIAN_POINT('',(-11.,10.,9.5));
#1983 = SURFACE_CURVE('',#1984,(#1988,#1995),.PCURVE_S1.);
#1984 = LINE('',#1985,#1986);
#1985 = CARTESIAN_POINT('',(-11.,10.,-24.5));
#1986 = VECTOR('',#1987,1.);
#1987 = DIRECTION('',(0.,0.,1.));
#1988 = PCURVE('',#1542,#1989);
#1989 = DEFINITIONAL_REPRESENTATION('',(#1990),#1994);
#1990 = LINE('',#1991,#1992);
#1991 = CARTESIAN_POINT('',(0.,2.));
#1992 = VECTOR('',#1993,1.);
#1993 = DIRECTION('',(1.,0.));
#1994 = ( GEOMETRIC_REPRESENTATION_CONTEXT(2) 
PARAMETRIC_REPRESENTATION_CONTEXT() REPRESENTATION_CONTEXT('2D SPACE',''
  ) );
#1995 = PCURVE('',#310,#1996);
#1996 = DEFINITIONAL_REPRESENTATION('',(#1997),#2001);
#1997 = LINE('',#1998,#1999);
#1998 = CARTESIAN_POINT('',(-1.570796326795,0.));
#1999 = VECTOR('',#2000,1.);
#2000 = DIRECTION('',(-0.,1.));
#2001 = ( GEOMETRIC_REPRESENTATION_CONTEXT(2) 
PARAMETRIC_REPRESENTATION_CONTEXT() REPRESENTATION_CONTEXT('2D SPACE',''
  ) );
#2002 = ORIENTED_EDGE('',*,*,#2003,.T.);
#2003 = EDGE_CURVE('',#1981,#1527,#2004,.T.);
#2004 = SURFACE_CURVE('',#2005,(#2009,#2016),.PCURVE_S1.);
#2005 = LINE('',#2006,#2007);
#2006 = CARTESIAN_POINT('',(-13.,10.,9.5));
#2007 = VECTOR('',#2008,1.);
#2008 = DIRECTION('',(1.,0.,0.));
#2009 = PCURVE('',#1542,#2010);
#2010 = DEFINITIONAL_REPRESENTATION('',(#2011),#2015);
#2011 = LINE('',#2012,#2013);
#2012 = CARTESIAN_POINT('',(34.,0.));
#2013 = VECTOR('',#2014,1.);
#2014 = DIRECTION('',(0.,1.));
#2015 = ( GEOMETRIC_REPRESENTATION_CONTEXT(2) 
PARAMETRIC_REPRESENTATION_CONTEXT() REPRESENTATION_CONTEXT('2D SPACE',''
  ) );
#2016 = PCURVE('',#74,#2017);
#2017 = DEFINITIONAL_REPRESENTATION('',(#2018),#2022);
#2018 = LINE('',#2019,#2020);
#2019 = CARTESIAN_POINT('',(0.,20.));
#2020 = VECTOR('',#2021,1.);
#2021 = DIRECTION('',(1.,0.));
#2022 = ( GEOMETRIC_REPRESENTATION_CONTEXT(2) 
PARAMETRIC_REPRESENTATION_CONTEXT() REPRESENTATION_CONTEXT('2D SPACE',''
  ) );
#2023 = ORIENTED_EDGE('',*,*,#1526,.F.);
#2024 = ADVANCED_FACE('',(#2025),#469,.T.);
#2025 = FACE_BOUND('',#2026,.T.);
#2026 = EDGE_LOOP('',(#2027,#2048,#2049,#2050));
#2027 = ORIENTED_EDGE('',*,*,#2028,.F.);
#2028 = EDGE_CURVE('',#429,#974,#2029,.T.);
#2029 = SURFACE_CURVE('',#2030,(#2034,#2041),.PCURVE_S1.);
#2030 = LINE('',#2031,#2032);
#2031 = CARTESIAN_POINT('',(-16.,-6.25,-24.25));
#2032 = VECTOR('',#2033,1.);
#2033 = DIRECTION('',(1.,0.,0.));
#2034 = PCURVE('',#469,#2035);
#2035 = DEFINITIONAL_REPRESENTATION('',(#2036),#2040);
#2036 = LINE('',#2037,#2038);
#2037 = CARTESIAN_POINT('',(0.,0.));
#2038 = VECTOR('',#2039,1.);
#2039 = DIRECTION('',(0.,1.));
#2040 = ( GEOMETRIC_REPRESENTATION_CONTEXT(2) 
PARAMETRIC_REPRESENTATION_CONTEXT() REPRESENTATION_CONTEXT('2D SPACE',''
  ) );
#2041 = PCURVE('',#443,#2042);
#2042 = DEFINITIONAL_REPRESENTATION('',(#2043),#2047);
#2043 = LINE('',#2044,#2045);
#2044 = CARTESIAN_POINT('',(0.,0.));
#2045 = VECTOR('',#2046,1.);
#2046 = DIRECTION('',(1.,0.));
#2047 = ( GEOMETRIC_REPRESENTATION_CONTEXT(2) 
PARAMETRIC_REPRESENTATION_CONTEXT() REPRESENTATION_CONTEXT('2D SPACE',''
  ) );
#2048 = ORIENTED_EDGE('',*,*,#454,.T.);
#2049 = ORIENTED_EDGE('',*,*,#557,.T.);
#2050 = ORIENTED_EDGE('',*,*,#994,.F.);
#2051 = ADVANCED_FACE('',(#2052),#519,.F.);
#2052 = FACE_BOUND('',#2053,.F.);
#2053 = EDGE_LOOP('',(#2054,#2075,#2076,#2077));
#2054 = ORIENTED_EDGE('',*,*,#2055,.F.);
#2055 = EDGE_CURVE('',#427,#972,#2056,.T.);
#2056 = SURFACE_CURVE('',#2057,(#2061,#2068),.PCURVE_S1.);
#2057 = LINE('',#2058,#2059);
#2058 = CARTESIAN_POINT('',(-16.,6.25,-24.25));
#2059 = VECTOR('',#2060,1.);
#2060 = DIRECTION('',(1.,0.,0.));
#2061 = PCURVE('',#519,#2062);
#2062 = DEFINITIONAL_REPRESENTATION('',(#2063),#2067);
#2063 = LINE('',#2064,#2065);
#2064 = CARTESIAN_POINT('',(0.,0.));
#2065 = VECTOR('',#2066,1.);
#2066 = DIRECTION('',(0.,1.));
#2067 = ( GEOMETRIC_REPRESENTATION_CONTEXT(2) 
PARAMETRIC_REPRESENTATION_CONTEXT() REPRESENTATION_CONTEXT('2D SPACE',''
  ) );
#2068 = PCURVE('',#443,#2069);
#2069 = DEFINITIONAL_REPRESENTATION('',(#2070),#2074);
#2070 = LINE('',#2071,#2072);
#2071 = CARTESIAN_POINT('',(0.,12.5));
#2072 = VECTOR('',#2073,1.);
#2073 = DIRECTION('',(1.,0.));
#2074 = ( GEOMETRIC_REPRESENTATION_CONTEXT(2) 
PARAMETRIC_REPRESENTATION_CONTEXT() REPRESENTATION_CONTEXT('2D SPACE',''
  ) );
#2075 = ORIENTED_EDGE('',*,*,#506,.T.);
#2076 = ORIENTED_EDGE('',*,*,#533,.T.);
#2077 = ORIENTED_EDGE('',*,*,#1014,.F.);
#2078 = ADVANCED_FACE('',(#2079),#443,.T.);
#2079 = FACE_BOUND('',#2080,.T.);
#2080 = EDGE_LOOP('',(#2081,#2082,#2083,#2084));
#2081 = ORIENTED_EDGE('',*,*,#2055,.F.);
#2082 = ORIENTED_EDGE('',*,*,#426,.T.);
#2083 = ORIENTED_EDGE('',*,*,#2028,.T.);
#2084 = ORIENTED_EDGE('',*,*,#971,.F.);
#2085 = ADVANCED_FACE('',(#2086),#131,.F.);
#2086 = FACE_BOUND('',#2087,.F.);
#2087 = EDGE_LOOP('',(#2088,#2089,#2242,#2243,#2264,#2265,#2266,#2267));
#2088 = ORIENTED_EDGE('',*,*,#114,.T.);
#2089 = ORIENTED_EDGE('',*,*,#2090,.T.);
#2090 = EDGE_CURVE('',#87,#144,#2091,.T.);
#2091 = SURFACE_CURVE('',#2092,(#2140,#2191),.PCURVE_S1.);
#2092 = B_SPLINE_CURVE_WITH_KNOTS('',6,(#2093,#2094,#2095,#2096,#2097,
    #2098,#2099,#2100,#2101,#2102,#2103,#2104,#2105,#2106,#2107,#2108,
    #2109,#2110,#2111,#2112,#2113,#2114,#2115,#2116,#2117,#2118,#2119,
    #2120,#2121,#2122,#2123,#2124,#2125,#2126,#2127,#2128,#2129,#2130,
    #2131,#2132,#2133,#2134,#2135,#2136,#2137,#2138,#2139),
  .UNSPECIFIED.,.F.,.F.,(7,5,5,5,5,5,5,5,5,7),(0.,0.132411497622,
    0.184013177768,0.298985211189,0.398345776703,0.500143064122,
    0.600637002661,0.701234901409,0.867764953361,1.),.UNSPECIFIED.);
#2093 = CARTESIAN_POINT('',(-13.,-8.,8.6));
#2094 = CARTESIAN_POINT('',(-13.,-8.084704102299,8.6));
#2095 = CARTESIAN_POINT('',(-12.99569501744,-8.169072579622,
    8.592172979375));
#2096 = CARTESIAN_POINT('',(-12.98714977091,-8.251908815767,
    8.576635130387));
#2097 = CARTESIAN_POINT('',(-12.97476122322,-8.33203901988,
    8.553821704243));
#2098 = CARTESIAN_POINT('',(-12.95925299796,-8.408378306849,
    8.524483113189));
#2099 = CARTESIAN_POINT('',(-12.9346407663,-8.507929196546,
    8.476202114014));
#2100 = CARTESIAN_POINT('',(-12.92739086142,-8.535185737342,
    8.461815902067));
#2101 = CARTESIAN_POINT('',(-12.91983541509,-8.561761584457,
    8.446624247089));
#2102 = CARTESIAN_POINT('',(-12.91201750948,-8.587637925013,
    8.430668461414));
#2103 = CARTESIAN_POINT('',(-12.90398080182,-8.612797925928,
    8.413989543513));
#2104 = CARTESIAN_POINT('',(-12.87747424288,-8.691655770344,
    8.357945881408));
#2105 = CARTESIAN_POINT('',(-12.85831465252,-8.742447338477,
    8.315881503977));
#2106 = CARTESIAN_POINT('',(-12.83874352752,-8.789538978267,
    8.270815144845));
#2107 = CARTESIAN_POINT('',(-12.81920349118,-8.832885966283,
    8.223073588612));
#2108 = CARTESIAN_POINT('',(-12.80012219112,-8.872450048019,
    8.17293609552));
#2109 = CARTESIAN_POINT('',(-12.76616604152,-8.939073594502,
    8.075445282663));
#2110 = CARTESIAN_POINT('',(-12.75106137575,-8.96712185327,
    8.028608282928));
#2111 = CARTESIAN_POINT('',(-12.73687094724,-8.992272268197,
    7.980315579706));
#2112 = CARTESIAN_POINT('',(-12.72385848569,-9.014476640809,
    7.930736998797));
#2113 = CARTESIAN_POINT('',(-12.71226369198,-9.033689465384,
    7.88002700086));
#2114 = CARTESIAN_POINT('',(-12.69207566005,-9.066423339478,
    7.77535683454));
#2115 = CARTESIAN_POINT('',(-12.68356099652,-9.079795680354,
    7.721339309394));
#2116 = CARTESIAN_POINT('',(-12.67699451312,-9.089880446718,
    7.666542036397));
#2117 = CARTESIAN_POINT('',(-12.67255225796,-9.096623708272,
    7.611223615023));
#2118 = CARTESIAN_POINT('',(-12.67032930884,-9.1,7.555631334804));
#2119 = CARTESIAN_POINT('',(-12.67032930884,-9.1,7.445080934056));
#2120 = CARTESIAN_POINT('',(-12.67249571887,-9.096709615283,
    7.390198661966));
#2121 = CARTESIAN_POINT('',(-12.67682515533,-9.0901375149,7.335579942154
    ));
#2122 = CARTESIAN_POINT('',(-12.68322728908,-9.080308064326,
    7.281463305185));
#2123 = CARTESIAN_POINT('',(-12.69153456792,-9.067272789231,
    7.22809793879));
#2124 = CARTESIAN_POINT('',(-12.71149963187,-9.034954181247,
    7.123333045757));
#2125 = CARTESIAN_POINT('',(-12.72316226457,-9.015662915953,
    7.071930463947));
#2126 = CARTESIAN_POINT('',(-12.73628818268,-8.993302775753,
    7.021680505477));
#2127 = CARTESIAN_POINT('',(-12.75062918253,-8.967920998101,
    6.972743709949));
#2128 = CARTESIAN_POINT('',(-12.76591152803,-8.939567804301,
    6.925296724634));
#2129 = CARTESIAN_POINT('',(-12.80822653945,-8.856557451111,
    6.803777060129));
#2130 = CARTESIAN_POINT('',(-12.83645427592,-8.796725428023,
    6.732467321719));
#2131 = CARTESIAN_POINT('',(-12.86527231135,-8.7289621222,6.666415396798
    ));
#2132 = CARTESIAN_POINT('',(-12.89332333344,-8.653418628833,
    6.606570542437));
#2133 = CARTESIAN_POINT('',(-12.91920964113,-8.57032652531,
    6.554070051069));
#2134 = CARTESIAN_POINT('',(-12.95923620838,-8.408460548845,
    6.475548681607));
#2135 = CARTESIAN_POINT('',(-12.97475054005,-8.332108236396,
    6.446197951197));
#2136 = CARTESIAN_POINT('',(-12.98714442408,-8.251961651894,
    6.423374582997));
#2137 = CARTESIAN_POINT('',(-12.99569333342,-8.169107312243,
    6.407830086128));
#2138 = CARTESIAN_POINT('',(-13.,-8.084720684607,6.4));
#2139 = CARTESIAN_POINT('',(-13.,-8.,6.4));
#2140 = PCURVE('',#131,#2141);
#2141 = DEFINITIONAL_REPRESENTATION('',(#2142),#2190);
#2142 = B_SPLINE_CURVE_WITH_KNOTS('',6,(#2143,#2144,#2145,#2146,#2147,
    #2148,#2149,#2150,#2151,#2152,#2153,#2154,#2155,#2156,#2157,#2158,
    #2159,#2160,#2161,#2162,#2163,#2164,#2165,#2166,#2167,#2168,#2169,
    #2170,#2171,#2172,#2173,#2174,#2175,#2176,#2177,#2178,#2179,#2180,
    #2181,#2182,#2183,#2184,#2185,#2186,#2187,#2188,#2189),
  .UNSPECIFIED.,.F.,.F.,(7,5,5,5,5,5,5,5,5,7),(0.,0.132411497622,
    0.184013177768,0.298985211189,0.398345776703,0.500143064122,
    0.600637002661,0.701234901409,0.867764953361,1.),.UNSPECIFIED.);
#2143 = CARTESIAN_POINT('',(1.570796326795,-13.));
#2144 = CARTESIAN_POINT('',(1.647800056158,-13.));
#2145 = CARTESIAN_POINT('',(1.724498552688,-12.99569501744));
#2146 = CARTESIAN_POINT('',(1.800626689049,-12.98714977091));
#2147 = CARTESIAN_POINT('',(1.875903781192,-12.97476122322));
#2148 = CARTESIAN_POINT('',(1.949985528262,-12.95925299796));
#2149 = CARTESIAN_POINT('',(2.050568270488,-12.9346407663));
#2150 = CARTESIAN_POINT('',(2.078570365437,-12.92739086142));
#2151 = CARTESIAN_POINT('',(2.106375508739,-12.91983541509));
#2152 = CARTESIAN_POINT('',(2.133989491383,-12.91201750948));
#2153 = CARTESIAN_POINT('',(2.161417144099,-12.90398080182));
#2154 = CARTESIAN_POINT('',(2.249366470644,-12.87747424288));
#2155 = CARTESIAN_POINT('',(2.30915641151,-12.85831465252));
#2156 = CARTESIAN_POINT('',(2.368187772187,-12.83874352752));
#2157 = CARTESIAN_POINT('',(2.426598792638,-12.81920349118));
#2158 = CARTESIAN_POINT('',(2.484523761318,-12.80012219112));
#2159 = CARTESIAN_POINT('',(2.591870251896,-12.76616604152));
#2160 = CARTESIAN_POINT('',(2.641411229331,-12.75106137575));
#2161 = CARTESIAN_POINT('',(2.690780580342,-12.73687094724));
#2162 = CARTESIAN_POINT('',(2.740037227452,-12.72385848569));
#2163 = CARTESIAN_POINT('',(2.789249197515,-12.71226369198));
#2164 = CARTESIAN_POINT('',(2.888948539882,-12.69207566005));
#2165 = CARTESIAN_POINT('',(2.939445270961,-12.68356099652));
#2166 = CARTESIAN_POINT('',(2.989958245398,-12.67699451312));
#2167 = CARTESIAN_POINT('',(3.040480112717,-12.67255225796));
#2168 = CARTESIAN_POINT('',(3.091018712859,-12.67032930884));
#2169 = CARTESIAN_POINT('',(3.191519077175,-12.67032930884));
#2170 = CARTESIAN_POINT('',(3.241412202102,-12.67249571887));
#2171 = CARTESIAN_POINT('',(3.291289183883,-12.67682515533));
#2172 = CARTESIAN_POINT('',(3.341157012102,-12.68322728908));
#2173 = CARTESIAN_POINT('',(3.391008352457,-12.69153456792));
#2174 = CARTESIAN_POINT('',(3.490677952232,-12.71149963187));
#2175 = CARTESIAN_POINT('',(3.540500956181,-12.72316226457));
#2176 = CARTESIAN_POINT('',(3.590367816151,-12.73628818268));
#2177 = CARTESIAN_POINT('',(3.640348835409,-12.75062918253));
#2178 = CARTESIAN_POINT('',(3.690504633937,-12.76591152803));
#2179 = CARTESIAN_POINT('',(3.824291647347,-12.80822653945));
#2180 = CARTESIAN_POINT('',(3.908502497353,-12.83645427592));
#2181 = CARTESIAN_POINT('',(3.993876683463,-12.86527231135));
#2182 = CARTESIAN_POINT('',(4.080773900819,-12.89332333344));
#2183 = CARTESIAN_POINT('',(4.169568907432,-12.91920964113));
#2184 = CARTESIAN_POINT('',(4.333119894754,-12.95923620838));
#2185 = CARTESIAN_POINT('',(4.407216532663,-12.97475054005));
#2186 = CARTESIAN_POINT('',(4.482510105695,-12.98714442408));
#2187 = CARTESIAN_POINT('',(4.558655177723,-12.99569333342));
#2188 = CARTESIAN_POINT('',(4.635370176197,-13.));
#2189 = CARTESIAN_POINT('',(4.712388980385,-13.));
#2190 = ( GEOMETRIC_REPRESENTATION_CONTEXT(2) 
PARAMETRIC_REPRESENTATION_CONTEXT() REPRESENTATION_CONTEXT('2D SPACE',''
  ) );
#2191 = PCURVE('',#102,#2192);
#2192 = DEFINITIONAL_REPRESENTATION('',(#2193),#2241);
#2193 = B_SPLINE_CURVE_WITH_KNOTS('',6,(#2194,#2195,#2196,#2197,#2198,
    #2199,#2200,#2201,#2202,#2203,#2204,#2205,#2206,#2207,#2208,#2209,
    #2210,#2211,#2212,#2213,#2214,#2215,#2216,#2217,#2218,#2219,#2220,
    #2221,#2222,#2223,#2224,#2225,#2226,#2227,#2228,#2229,#2230,#2231,
    #2232,#2233,#2234,#2235,#2236,#2237,#2238,#2239,#2240),
  .UNSPECIFIED.,.F.,.F.,(7,5,5,5,5,5,5,5,5,7),(0.,0.132411497622,
    0.184013177768,0.298985211189,0.398345776703,0.500143064122,
    0.600637002661,0.701234901409,0.867764953361,1.),.UNSPECIFIED.);
#2194 = CARTESIAN_POINT('',(0.,33.1));
#2195 = CARTESIAN_POINT('',(4.235205114975E-02,33.1));
#2196 = CARTESIAN_POINT('',(8.453636175151E-02,33.092172979375));
#2197 = CARTESIAN_POINT('',(0.126090872105,33.076635130387));
#2198 = CARTESIAN_POINT('',(0.166561693236,33.053821704243));
#2199 = CARTESIAN_POINT('',(0.205476785443,33.024483113189));
#2200 = CARTESIAN_POINT('',(0.256750905588,32.976202114014));
#2201 = CARTESIAN_POINT('',(0.270850855895,32.961815902067));
#2202 = CARTESIAN_POINT('',(0.284662416463,32.946624247089));
#2203 = CARTESIAN_POINT('',(0.298175602085,32.930668461414));
#2204 = CARTESIAN_POINT('',(0.311380297228,32.913989543513));
#2205 = CARTESIAN_POINT('',(0.352977043775,32.857945881408));
#2206 = CARTESIAN_POINT('',(0.380101543908,32.815881503977));
#2207 = CARTESIAN_POINT('',(0.405580747976,32.770815144845));
#2208 = CARTESIAN_POINT('',(0.429341798126,32.723073588612));
#2209 = CARTESIAN_POINT('',(0.451299053739,32.67293609552));
#2210 = CARTESIAN_POINT('',(0.488687945945,32.575445282663));
#2211 = CARTESIAN_POINT('',(0.504612248619,32.528608282928));
#2212 = CARTESIAN_POINT('',(0.519047498128,32.480315579706));
#2213 = CARTESIAN_POINT('',(0.531913903575,32.430736998797));
#2214 = CARTESIAN_POINT('',(0.54313359668,32.38002700086));
#2215 = CARTESIAN_POINT('',(0.56236289169,32.27535683454));
#2216 = CARTESIAN_POINT('',(0.570288639744,32.221339309394));
#2217 = CARTESIAN_POINT('',(0.576305463269,32.166542036397));
#2218 = CARTESIAN_POINT('',(0.580343095426,32.111223615023));
#2219 = CARTESIAN_POINT('',(0.582364237869,32.055631334804));
#2220 = CARTESIAN_POINT('',(0.582364237869,31.945080934056));
#2221 = CARTESIAN_POINT('',(0.580394513778,31.890198661966));
#2222 = CARTESIAN_POINT('',(0.576459390389,31.835579942154));
#2223 = CARTESIAN_POINT('',(0.570594365393,31.781463305185));
#2224 = CARTESIAN_POINT('',(0.56286641474,31.72809793879));
#2225 = CARTESIAN_POINT('',(0.543872361721,31.623333045757));
#2226 = CARTESIAN_POINT('',(0.532601557609,31.571930463947));
#2227 = CARTESIAN_POINT('',(0.519639296574,31.521680505478));
#2228 = CARTESIAN_POINT('',(0.505066400752,31.472743709949));
#2229 = CARTESIAN_POINT('',(0.488965891554,31.425296724634));
#2230 = CARTESIAN_POINT('',(0.44237920105,31.303777060129));
#2231 = CARTESIAN_POINT('',(0.409316467172,31.232467321719));
#2232 = CARTESIAN_POINT('',(0.372542485906,31.166415396798));
#2233 = CARTESIAN_POINT('',(0.332327745254,31.106570542437));
#2234 = CARTESIAN_POINT('',(0.288889458196,31.054070051069));
#2235 = CARTESIAN_POINT('',(0.205518719291,30.975548681607));
#2236 = CARTESIAN_POINT('',(0.166596645734,30.946197951197));
#2237 = CARTESIAN_POINT('',(0.126117372766,30.923374582997));
#2238 = CARTESIAN_POINT('',(8.455372698283E-02,30.907830086128));
#2239 = CARTESIAN_POINT('',(4.236034230326E-02,30.9));
#2240 = CARTESIAN_POINT('',(0.,30.9));
#2241 = ( GEOMETRIC_REPRESENTATION_CONTEXT(2) 
PARAMETRIC_REPRESENTATION_CONTEXT() REPRESENTATION_CONTEXT('2D SPACE',''
  ) );
#2242 = ORIENTED_EDGE('',*,*,#143,.T.);
#2243 = ORIENTED_EDGE('',*,*,#2244,.F.);
#2244 = EDGE_CURVE('',#661,#115,#2245,.T.);
#2245 = SEAM_CURVE('',#2246,(#2250,#2257),.PCURVE_S1.);
#2246 = LINE('',#2247,#2248);
#2247 = CARTESIAN_POINT('',(13.,-6.9,7.5));
#2248 = VECTOR('',#2249,1.);
#2249 = DIRECTION('',(-1.,0.,0.));
#2250 = PCURVE('',#131,#2251);
#2251 = DEFINITIONAL_REPRESENTATION('',(#2252),#2256);
#2252 = LINE('',#2253,#2254);
#2253 = CARTESIAN_POINT('',(6.28318530718,13.));
#2254 = VECTOR('',#2255,1.);
#2255 = DIRECTION('',(0.,-1.));
#2256 = ( GEOMETRIC_REPRESENTATION_CONTEXT(2) 
PARAMETRIC_REPRESENTATION_CONTEXT() REPRESENTATION_CONTEXT('2D SPACE',''
  ) );
#2257 = PCURVE('',#131,#2258);
#2258 = DEFINITIONAL_REPRESENTATION('',(#2259),#2263);
#2259 = LINE('',#2260,#2261);
#2260 = CARTESIAN_POINT('',(0.,13.));
#2261 = VECTOR('',#2262,1.);
#2262 = DIRECTION('',(0.,-1.));
#2263 = ( GEOMETRIC_REPRESENTATION_CONTEXT(2) 
PARAMETRIC_REPRESENTATION_CONTEXT() REPRESENTATION_CONTEXT('2D SPACE',''
  ) );
#2264 = ORIENTED_EDGE('',*,*,#688,.T.);
#2265 = ORIENTED_EDGE('',*,*,#1120,.F.);
#2266 = ORIENTED_EDGE('',*,*,#660,.T.);
#2267 = ORIENTED_EDGE('',*,*,#2244,.T.);
#2268 = ADVANCED_FACE('',(#2269),#207,.F.);
#2269 = FACE_BOUND('',#2270,.F.);
#2270 = EDGE_LOOP('',(#2271,#2272,#2425,#2426,#2447,#2448,#2449,#2450));
#2271 = ORIENTED_EDGE('',*,*,#190,.T.);
#2272 = ORIENTED_EDGE('',*,*,#2273,.T.);
#2273 = EDGE_CURVE('',#168,#220,#2274,.T.);
#2274 = SURFACE_CURVE('',#2275,(#2323,#2374),.PCURVE_S1.);
#2275 = B_SPLINE_CURVE_WITH_KNOTS('',6,(#2276,#2277,#2278,#2279,#2280,
    #2281,#2282,#2283,#2284,#2285,#2286,#2287,#2288,#2289,#2290,#2291,
    #2292,#2293,#2294,#2295,#2296,#2297,#2298,#2299,#2300,#2301,#2302,
    #2303,#2304,#2305,#2306,#2307,#2308,#2309,#2310,#2311,#2312,#2313,
    #2314,#2315,#2316,#2317,#2318,#2319,#2320,#2321,#2322),
  .UNSPECIFIED.,.F.,.F.,(7,5,5,5,5,5,5,5,5,7),(0.,0.132411497606,
    0.184013177749,0.298985211173,0.398345776689,0.500143064111,
    0.600637002652,0.701234901402,0.867764953358,1.),.UNSPECIFIED.);
#2276 = CARTESIAN_POINT('',(-13.,-8.,-21.4));
#2277 = CARTESIAN_POINT('',(-13.,-8.084704102299,-21.4));
#2278 = CARTESIAN_POINT('',(-12.99569501744,-8.169072579622,
    -21.40782702062));
#2279 = CARTESIAN_POINT('',(-12.98714977091,-8.251908815767,
    -21.42336486961));
#2280 = CARTESIAN_POINT('',(-12.97476122322,-8.33203901988,
    -21.44617829575));
#2281 = CARTESIAN_POINT('',(-12.95925299796,-8.408378306849,
    -21.47551688681));
#2282 = CARTESIAN_POINT('',(-12.9346407663,-8.507929196548,
    -21.52379788598));
#2283 = CARTESIAN_POINT('',(-12.92739086142,-8.535185737342,
    -21.53818409793));
#2284 = CARTESIAN_POINT('',(-12.91983541509,-8.561761584455,
    -21.55337575291));
#2285 = CARTESIAN_POINT('',(-12.91201750948,-8.587637925012,
    -21.56933153858));
#2286 = CARTESIAN_POINT('',(-12.90398080182,-8.612797925929,
    -21.58601045648));
#2287 = CARTESIAN_POINT('',(-12.87747424288,-8.691655770344,
    -21.64205411859));
#2288 = CARTESIAN_POINT('',(-12.85831465252,-8.742447338477,
    -21.68411849602));
#2289 = CARTESIAN_POINT('',(-12.83874352752,-8.789538978267,
    -21.72918485515));
#2290 = CARTESIAN_POINT('',(-12.81920349118,-8.832885966283,
    -21.77692641138));
#2291 = CARTESIAN_POINT('',(-12.80012219112,-8.872450048019,
    -21.82706390448));
#2292 = CARTESIAN_POINT('',(-12.76616604152,-8.939073594502,
    -21.92455471733));
#2293 = CARTESIAN_POINT('',(-12.75106137575,-8.96712185327,
    -21.97139171707));
#2294 = CARTESIAN_POINT('',(-12.73687094724,-8.992272268197,
    -22.01968442029));
#2295 = CARTESIAN_POINT('',(-12.72385848569,-9.014476640809,
    -22.0692630012));
#2296 = CARTESIAN_POINT('',(-12.71226369198,-9.033689465384,
    -22.11997299914));
#2297 = CARTESIAN_POINT('',(-12.69207566005,-9.066423339478,
    -22.22464316546));
#2298 = CARTESIAN_POINT('',(-12.68356099652,-9.079795680354,
    -22.2786606906));
#2299 = CARTESIAN_POINT('',(-12.67699451312,-9.089880446718,
    -22.3334579636));
#2300 = CARTESIAN_POINT('',(-12.67255225796,-9.096623708272,
    -22.38877638497));
#2301 = CARTESIAN_POINT('',(-12.67032930884,-9.1,-22.44436866519));
#2302 = CARTESIAN_POINT('',(-12.67032930884,-9.1,-22.55491906594));
#2303 = CARTESIAN_POINT('',(-12.67249571887,-9.096709615283,
    -22.60980133803));
#2304 = CARTESIAN_POINT('',(-12.67682515533,-9.0901375149,
    -22.66442005784));
#2305 = CARTESIAN_POINT('',(-12.68322728908,-9.080308064326,
    -22.71853669481));
#2306 = CARTESIAN_POINT('',(-12.69153456792,-9.067272789231,
    -22.77190206121));
#2307 = CARTESIAN_POINT('',(-12.71149963187,-9.034954181247,
    -22.87666695424));
#2308 = CARTESIAN_POINT('',(-12.72316226457,-9.015662915953,
    -22.92806953605));
#2309 = CARTESIAN_POINT('',(-12.73628818268,-8.993302775753,
    -22.97831949452));
#2310 = CARTESIAN_POINT('',(-12.75062918253,-8.967920998101,
    -23.02725629005));
#2311 = CARTESIAN_POINT('',(-12.76591152803,-8.939567804301,
    -23.07470327536));
#2312 = CARTESIAN_POINT('',(-12.80822653945,-8.856557451111,
    -23.19622293987));
#2313 = CARTESIAN_POINT('',(-12.83645427592,-8.796725428023,
    -23.26753267828));
#2314 = CARTESIAN_POINT('',(-12.86527231135,-8.7289621222,-23.3335846032
    ));
#2315 = CARTESIAN_POINT('',(-12.89332333344,-8.653418628833,
    -23.39342945756));
#2316 = CARTESIAN_POINT('',(-12.91920964113,-8.57032652531,
    -23.44592994893));
#2317 = CARTESIAN_POINT('',(-12.95923620838,-8.408460548845,
    -23.52445131839));
#2318 = CARTESIAN_POINT('',(-12.97475054005,-8.332108236396,
    -23.5538020488));
#2319 = CARTESIAN_POINT('',(-12.98714442408,-8.251961651893,
    -23.576625417));
#2320 = CARTESIAN_POINT('',(-12.99569333342,-8.169107312243,
    -23.59216991387));
#2321 = CARTESIAN_POINT('',(-13.,-8.084720684606,-23.6));
#2322 = CARTESIAN_POINT('',(-13.,-8.,-23.6));
#2323 = PCURVE('',#207,#2324);
#2324 = DEFINITIONAL_REPRESENTATION('',(#2325),#2373);
#2325 = B_SPLINE_CURVE_WITH_KNOTS('',6,(#2326,#2327,#2328,#2329,#2330,
    #2331,#2332,#2333,#2334,#2335,#2336,#2337,#2338,#2339,#2340,#2341,
    #2342,#2343,#2344,#2345,#2346,#2347,#2348,#2349,#2350,#2351,#2352,
    #2353,#2354,#2355,#2356,#2357,#2358,#2359,#2360,#2361,#2362,#2363,
    #2364,#2365,#2366,#2367,#2368,#2369,#2370,#2371,#2372),
  .UNSPECIFIED.,.F.,.F.,(7,5,5,5,5,5,5,5,5,7),(0.,0.132411497606,
    0.184013177749,0.298985211173,0.398345776689,0.500143064111,
    0.600637002652,0.701234901402,0.867764953358,1.),.UNSPECIFIED.);
#2326 = CARTESIAN_POINT('',(1.570796326795,-13.));
#2327 = CARTESIAN_POINT('',(1.647800056158,-13.));
#2328 = CARTESIAN_POINT('',(1.724498552688,-12.99569501744));
#2329 = CARTESIAN_POINT('',(1.800626689049,-12.98714977091));
#2330 = CARTESIAN_POINT('',(1.875903781192,-12.97476122322));
#2331 = CARTESIAN_POINT('',(1.949985528262,-12.95925299796));
#2332 = CARTESIAN_POINT('',(2.05056827049,-12.9346407663));
#2333 = CARTESIAN_POINT('',(2.078570365436,-12.92739086142));
#2334 = CARTESIAN_POINT('',(2.106375508737,-12.91983541509));
#2335 = CARTESIAN_POINT('',(2.133989491383,-12.91201750948));
#2336 = CARTESIAN_POINT('',(2.161417144101,-12.90398080182));
#2337 = CARTESIAN_POINT('',(2.249366470644,-12.87747424288));
#2338 = CARTESIAN_POINT('',(2.30915641151,-12.85831465252));
#2339 = CARTESIAN_POINT('',(2.368187772187,-12.83874352752));
#2340 = CARTESIAN_POINT('',(2.426598792638,-12.81920349118));
#2341 = CARTESIAN_POINT('',(2.484523761318,-12.80012219112));
#2342 = CARTESIAN_POINT('',(2.591870251896,-12.76616604152));
#2343 = CARTESIAN_POINT('',(2.641411229331,-12.75106137575));
#2344 = CARTESIAN_POINT('',(2.690780580343,-12.73687094724));
#2345 = CARTESIAN_POINT('',(2.740037227452,-12.72385848569));
#2346 = CARTESIAN_POINT('',(2.789249197515,-12.71226369198));
#2347 = CARTESIAN_POINT('',(2.888948539882,-12.69207566005));
#2348 = CARTESIAN_POINT('',(2.939445270961,-12.68356099652));
#2349 = CARTESIAN_POINT('',(2.989958245398,-12.67699451312));
#2350 = CARTESIAN_POINT('',(3.040480112717,-12.67255225796));
#2351 = CARTESIAN_POINT('',(3.091018712859,-12.67032930884));
#2352 = CARTESIAN_POINT('',(3.191519077175,-12.67032930884));
#2353 = CARTESIAN_POINT('',(3.241412202102,-12.67249571887));
#2354 = CARTESIAN_POINT('',(3.291289183883,-12.67682515533));
#2355 = CARTESIAN_POINT('',(3.341157012102,-12.68322728908));
#2356 = CARTESIAN_POINT('',(3.391008352457,-12.69153456792));
#2357 = CARTESIAN_POINT('',(3.490677952232,-12.71149963187));
#2358 = CARTESIAN_POINT('',(3.540500956181,-12.72316226457));
#2359 = CARTESIAN_POINT('',(3.590367816151,-12.73628818268));
#2360 = CARTESIAN_POINT('',(3.640348835409,-12.75062918253));
#2361 = CARTESIAN_POINT('',(3.690504633937,-12.76591152803));
#2362 = CARTESIAN_POINT('',(3.824291647347,-12.80822653945));
#2363 = CARTESIAN_POINT('',(3.908502497353,-12.83645427592));
#2364 = CARTESIAN_POINT('',(3.993876683463,-12.86527231135));
#2365 = CARTESIAN_POINT('',(4.080773900819,-12.89332333344));
#2366 = CARTESIAN_POINT('',(4.169568907432,-12.91920964113));
#2367 = CARTESIAN_POINT('',(4.333119894754,-12.95923620838));
#2368 = CARTESIAN_POINT('',(4.407216532663,-12.97475054005));
#2369 = CARTESIAN_POINT('',(4.482510105695,-12.98714442408));
#2370 = CARTESIAN_POINT('',(4.558655177723,-12.99569333342));
#2371 = CARTESIAN_POINT('',(4.635370176197,-13.));
#2372 = CARTESIAN_POINT('',(4.712388980385,-13.));
#2373 = ( GEOMETRIC_REPRESENTATION_CONTEXT(2) 
PARAMETRIC_REPRESENTATION_CONTEXT() REPRESENTATION_CONTEXT('2D SPACE',''
  ) );
#2374 = PCURVE('',#102,#2375);
#2375 = DEFINITIONAL_REPRESENTATION('',(#2376),#2424);
#2376 = B_SPLINE_CURVE_WITH_KNOTS('',6,(#2377,#2378,#2379,#2380,#2381,
    #2382,#2383,#2384,#2385,#2386,#2387,#2388,#2389,#2390,#2391,#2392,
    #2393,#2394,#2395,#2396,#2397,#2398,#2399,#2400,#2401,#2402,#2403,
    #2404,#2405,#2406,#2407,#2408,#2409,#2410,#2411,#2412,#2413,#2414,
    #2415,#2416,#2417,#2418,#2419,#2420,#2421,#2422,#2423),
  .UNSPECIFIED.,.F.,.F.,(7,5,5,5,5,5,5,5,5,7),(0.,0.132411497606,
    0.184013177749,0.298985211173,0.398345776689,0.500143064111,
    0.600637002652,0.701234901402,0.867764953358,1.),.UNSPECIFIED.);
#2377 = CARTESIAN_POINT('',(0.,3.1));
#2378 = CARTESIAN_POINT('',(4.235205114974E-02,3.1));
#2379 = CARTESIAN_POINT('',(8.453636175154E-02,3.092172979375));
#2380 = CARTESIAN_POINT('',(0.126090872105,3.076635130387));
#2381 = CARTESIAN_POINT('',(0.166561693236,3.053821704243));
#2382 = CARTESIAN_POINT('',(0.205476785443,3.024483113189));
#2383 = CARTESIAN_POINT('',(0.256750905589,2.976202114013));
#2384 = CARTESIAN_POINT('',(0.270850855895,2.961815902067));
#2385 = CARTESIAN_POINT('',(0.284662416462,2.94662424709));
#2386 = CARTESIAN_POINT('',(0.298175602085,2.930668461414));
#2387 = CARTESIAN_POINT('',(0.311380297229,2.913989543512));
#2388 = CARTESIAN_POINT('',(0.352977043775,2.857945881408));
#2389 = CARTESIAN_POINT('',(0.380101543908,2.815881503977));
#2390 = CARTESIAN_POINT('',(0.405580747976,2.770815144845));
#2391 = CARTESIAN_POINT('',(0.429341798126,2.723073588612));
#2392 = CARTESIAN_POINT('',(0.451299053739,2.67293609552));
#2393 = CARTESIAN_POINT('',(0.488687945945,2.575445282662));
#2394 = CARTESIAN_POINT('',(0.504612248619,2.528608282928));
#2395 = CARTESIAN_POINT('',(0.519047498128,2.480315579706));
#2396 = CARTESIAN_POINT('',(0.531913903575,2.430736998797));
#2397 = CARTESIAN_POINT('',(0.54313359668,2.38002700086));
#2398 = CARTESIAN_POINT('',(0.56236289169,2.27535683454));
#2399 = CARTESIAN_POINT('',(0.570288639744,2.221339309394));
#2400 = CARTESIAN_POINT('',(0.576305463269,2.166542036397));
#2401 = CARTESIAN_POINT('',(0.580343095426,2.111223615023));
#2402 = CARTESIAN_POINT('',(0.582364237869,2.055631334804));
#2403 = CARTESIAN_POINT('',(0.582364237869,1.945080934056));
#2404 = CARTESIAN_POINT('',(0.580394513778,1.890198661966));
#2405 = CARTESIAN_POINT('',(0.576459390389,1.835579942154));
#2406 = CARTESIAN_POINT('',(0.570594365393,1.781463305185));
#2407 = CARTESIAN_POINT('',(0.56286641474,1.72809793879));
#2408 = CARTESIAN_POINT('',(0.543872361721,1.623333045757));
#2409 = CARTESIAN_POINT('',(0.532601557609,1.571930463947));
#2410 = CARTESIAN_POINT('',(0.519639296574,1.521680505477));
#2411 = CARTESIAN_POINT('',(0.505066400752,1.472743709949));
#2412 = CARTESIAN_POINT('',(0.488965891554,1.425296724634));
#2413 = CARTESIAN_POINT('',(0.44237920105,1.303777060129));
#2414 = CARTESIAN_POINT('',(0.409316467172,1.232467321719));
#2415 = CARTESIAN_POINT('',(0.372542485906,1.166415396798));
#2416 = CARTESIAN_POINT('',(0.332327745254,1.106570542437));
#2417 = CARTESIAN_POINT('',(0.288889458196,1.054070051069));
#2418 = CARTESIAN_POINT('',(0.205518719291,0.975548681607));
#2419 = CARTESIAN_POINT('',(0.166596645734,0.946197951197));
#2420 = CARTESIAN_POINT('',(0.126117372766,0.923374582997));
#2421 = CARTESIAN_POINT('',(8.455372698283E-02,0.907830086128));
#2422 = CARTESIAN_POINT('',(4.236034230324E-02,0.9));
#2423 = CARTESIAN_POINT('',(0.,0.9));
#2424 = ( GEOMETRIC_REPRESENTATION_CONTEXT(2) 
PARAMETRIC_REPRESENTATION_CONTEXT() REPRESENTATION_CONTEXT('2D SPACE',''
  ) );
#2425 = ORIENTED_EDGE('',*,*,#219,.T.);
#2426 = ORIENTED_EDGE('',*,*,#2427,.F.);
#2427 = EDGE_CURVE('',#740,#191,#2428,.T.);
#2428 = SEAM_CURVE('',#2429,(#2433,#2440),.PCURVE_S1.);
#2429 = LINE('',#2430,#2431);
#2430 = CARTESIAN_POINT('',(13.,-6.9,-22.5));
#2431 = VECTOR('',#2432,1.);
#2432 = DIRECTION('',(-1.,0.,0.));
#2433 = PCURVE('',#207,#2434);
#2434 = DEFINITIONAL_REPRESENTATION('',(#2435),#2439);
#2435 = LINE('',#2436,#2437);
#2436 = CARTESIAN_POINT('',(6.28318530718,13.));
#2437 = VECTOR('',#2438,1.);
#2438 = DIRECTION('',(0.,-1.));
#2439 = ( GEOMETRIC_REPRESENTATION_CONTEXT(2) 
PARAMETRIC_REPRESENTATION_CONTEXT() REPRESENTATION_CONTEXT('2D SPACE',''
  ) );
#2440 = PCURVE('',#207,#2441);
#2441 = DEFINITIONAL_REPRESENTATION('',(#2442),#2446);
#2442 = LINE('',#2443,#2444);
#2443 = CARTESIAN_POINT('',(0.,13.));
#2444 = VECTOR('',#2445,1.);
#2445 = DIRECTION('',(0.,-1.));
#2446 = ( GEOMETRIC_REPRESENTATION_CONTEXT(2) 
PARAMETRIC_REPRESENTATION_CONTEXT() REPRESENTATION_CONTEXT('2D SPACE',''
  ) );
#2447 = ORIENTED_EDGE('',*,*,#767,.T.);
#2448 = ORIENTED_EDGE('',*,*,#1274,.F.);
#2449 = ORIENTED_EDGE('',*,*,#739,.T.);
#2450 = ORIENTED_EDGE('',*,*,#2427,.T.);
#2451 = ADVANCED_FACE('',(#2452),#102,.T.);
#2452 = FACE_BOUND('',#2453,.T.);
#2453 = EDGE_LOOP('',(#2454,#2455,#2477,#2478,#2500,#2501,#2502,#2503));
#2454 = ORIENTED_EDGE('',*,*,#243,.F.);
#2455 = ORIENTED_EDGE('',*,*,#2456,.T.);
#2456 = EDGE_CURVE('',#244,#1431,#2457,.T.);
#2457 = SURFACE_CURVE('',#2458,(#2463,#2470),.PCURVE_S1.);
#2458 = CIRCLE('',#2459,2.);
#2459 = AXIS2_PLACEMENT_3D('',#2460,#2461,#2462);
#2460 = CARTESIAN_POINT('',(-11.,-8.,-24.5));
#2461 = DIRECTION('',(0.,0.,1.));
#2462 = DIRECTION('',(0.,-1.,0.));
#2463 = PCURVE('',#102,#2464);
#2464 = DEFINITIONAL_REPRESENTATION('',(#2465),#2469);
#2465 = LINE('',#2466,#2467);
#2466 = CARTESIAN_POINT('',(-4.712388980385,0.));
#2467 = VECTOR('',#2468,1.);
#2468 = DIRECTION('',(1.,0.));
#2469 = ( GEOMETRIC_REPRESENTATION_CONTEXT(2) 
PARAMETRIC_REPRESENTATION_CONTEXT() REPRESENTATION_CONTEXT('2D SPACE',''
  ) );
#2470 = PCURVE('',#282,#2471);
#2471 = DEFINITIONAL_REPRESENTATION('',(#2472),#2476);
#2472 = CIRCLE('',#2473,2.);
#2473 = AXIS2_PLACEMENT_2D('',#2474,#2475);
#2474 = CARTESIAN_POINT('',(2.,2.));
#2475 = DIRECTION('',(0.,-1.));
#2476 = ( GEOMETRIC_REPRESENTATION_CONTEXT(2) 
PARAMETRIC_REPRESENTATION_CONTEXT() REPRESENTATION_CONTEXT('2D SPACE',''
  ) );
#2477 = ORIENTED_EDGE('',*,*,#1453,.T.);
#2478 = ORIENTED_EDGE('',*,*,#2479,.F.);
#2479 = EDGE_CURVE('',#52,#1454,#2480,.T.);
#2480 = SURFACE_CURVE('',#2481,(#2486,#2493),.PCURVE_S1.);
#2481 = CIRCLE('',#2482,2.);
#2482 = AXIS2_PLACEMENT_3D('',#2483,#2484,#2485);
#2483 = CARTESIAN_POINT('',(-11.,-8.,9.5));
#2484 = DIRECTION('',(0.,0.,1.));
#2485 = DIRECTION('',(0.,-1.,0.));
#2486 = PCURVE('',#102,#2487);
#2487 = DEFINITIONAL_REPRESENTATION('',(#2488),#2492);
#2488 = LINE('',#2489,#2490);
#2489 = CARTESIAN_POINT('',(-4.712388980385,34.));
#2490 = VECTOR('',#2491,1.);
#2491 = DIRECTION('',(1.,0.));
#2492 = ( GEOMETRIC_REPRESENTATION_CONTEXT(2) 
PARAMETRIC_REPRESENTATION_CONTEXT() REPRESENTATION_CONTEXT('2D SPACE',''
  ) );
#2493 = PCURVE('',#74,#2494);
#2494 = DEFINITIONAL_REPRESENTATION('',(#2495),#2499);
#2495 = CIRCLE('',#2496,2.);
#2496 = AXIS2_PLACEMENT_2D('',#2497,#2498);
#2497 = CARTESIAN_POINT('',(2.,2.));
#2498 = DIRECTION('',(0.,-1.));
#2499 = ( GEOMETRIC_REPRESENTATION_CONTEXT(2) 
PARAMETRIC_REPRESENTATION_CONTEXT() REPRESENTATION_CONTEXT('2D SPACE',''
  ) );
#2500 = ORIENTED_EDGE('',*,*,#86,.F.);
#2501 = ORIENTED_EDGE('',*,*,#2090,.T.);
#2502 = ORIENTED_EDGE('',*,*,#167,.F.);
#2503 = ORIENTED_EDGE('',*,*,#2273,.T.);
#2504 = ADVANCED_FACE('',(#2505),#282,.F.);
#2505 = FACE_BOUND('',#2506,.F.);
#2506 = EDGE_LOOP('',(#2507,#2508,#2509,#2510,#2511,#2512,#2513,#2514));
#2507 = ORIENTED_EDGE('',*,*,#266,.F.);
#2508 = ORIENTED_EDGE('',*,*,#2456,.T.);
#2509 = ORIENTED_EDGE('',*,*,#1430,.T.);
#2510 = ORIENTED_EDGE('',*,*,#1037,.F.);
#2511 = ORIENTED_EDGE('',*,*,#818,.T.);
#2512 = ORIENTED_EDGE('',*,*,#1502,.T.);
#2513 = ORIENTED_EDGE('',*,*,#1957,.F.);
#2514 = ORIENTED_EDGE('',*,*,#2515,.F.);
#2515 = EDGE_CURVE('',#267,#1958,#2516,.T.);
#2516 = SURFACE_CURVE('',#2517,(#2522,#2533),.PCURVE_S1.);
#2517 = CIRCLE('',#2518,2.);
#2518 = AXIS2_PLACEMENT_3D('',#2519,#2520,#2521);
#2519 = CARTESIAN_POINT('',(-11.,8.,-24.5));
#2520 = DIRECTION('',(-0.,-0.,-1.));
#2521 = DIRECTION('',(0.,-1.,0.));
#2522 = PCURVE('',#282,#2523);
#2523 = DEFINITIONAL_REPRESENTATION('',(#2524),#2532);
#2524 = ( BOUNDED_CURVE() B_SPLINE_CURVE(2,(#2525,#2526,#2527,#2528,
#2529,#2530,#2531),.UNSPECIFIED.,.T.,.F.) B_SPLINE_CURVE_WITH_KNOTS((1,2
    ,2,2,2,1),(-2.094395102393,0.,2.094395102393,4.188790204786,
6.28318530718,8.377580409573),.UNSPECIFIED.) CURVE() 
GEOMETRIC_REPRESENTATION_ITEM() RATIONAL_B_SPLINE_CURVE((1.,0.5,1.,0.5,
1.,0.5,1.)) REPRESENTATION_ITEM('') );
#2525 = CARTESIAN_POINT('',(2.,16.));
#2526 = CARTESIAN_POINT('',(-1.464101615138,16.));
#2527 = CARTESIAN_POINT('',(0.267949192431,19.));
#2528 = CARTESIAN_POINT('',(2.,22.));
#2529 = CARTESIAN_POINT('',(3.732050807569,19.));
#2530 = CARTESIAN_POINT('',(5.464101615138,16.));
#2531 = CARTESIAN_POINT('',(2.,16.));
#2532 = ( GEOMETRIC_REPRESENTATION_CONTEXT(2) 
PARAMETRIC_REPRESENTATION_CONTEXT() REPRESENTATION_CONTEXT('2D SPACE',''
  ) );
#2533 = PCURVE('',#310,#2534);
#2534 = DEFINITIONAL_REPRESENTATION('',(#2535),#2539);
#2535 = LINE('',#2536,#2537);
#2536 = CARTESIAN_POINT('',(1.570796326795,-0.));
#2537 = VECTOR('',#2538,1.);
#2538 = DIRECTION('',(-1.,0.));
#2539 = ( GEOMETRIC_REPRESENTATION_CONTEXT(2) 
PARAMETRIC_REPRESENTATION_CONTEXT() REPRESENTATION_CONTEXT('2D SPACE',''
  ) );
#2540 = ADVANCED_FACE('',(#2541),#339,.F.);
#2541 = FACE_BOUND('',#2542,.F.);
#2542 = EDGE_LOOP('',(#2543,#2638,#2639,#2732,#2753,#2754,#2755,#2756));
#2543 = ORIENTED_EDGE('',*,*,#2544,.T.);
#2544 = EDGE_CURVE('',#2545,#323,#2547,.T.);
#2545 = VERTEX_POINT('',#2546);
#2546 = CARTESIAN_POINT('',(-12.67032930884,9.1,-22.5));
#2547 = SURFACE_CURVE('',#2548,(#2576,#2607),.PCURVE_S1.);
#2548 = B_SPLINE_CURVE_WITH_KNOTS('',6,(#2549,#2550,#2551,#2552,#2553,
    #2554,#2555,#2556,#2557,#2558,#2559,#2560,#2561,#2562,#2563,#2564,
    #2565,#2566,#2567,#2568,#2569,#2570,#2571,#2572,#2573,#2574,#2575),
  .UNSPECIFIED.,.F.,.F.,(7,5,5,5,5,7),(0.,0.200940196651,0.402088264393,
    0.568112421318,0.735230505845,1.),.UNSPECIFIED.);
#2549 = CARTESIAN_POINT('',(-12.67032930884,9.1,-22.5));
#2550 = CARTESIAN_POINT('',(-12.67032930884,9.1,-22.44508093405));
#2551 = CARTESIAN_POINT('',(-12.67249571887,9.096709615283,
    -22.39019866196));
#2552 = CARTESIAN_POINT('',(-12.67682515533,9.0901375149,-22.33557994215
    ));
#2553 = CARTESIAN_POINT('',(-12.68322728908,9.080308064326,
    -22.28146330518));
#2554 = CARTESIAN_POINT('',(-12.69153456792,9.067272789231,
    -22.22809793879));
#2555 = CARTESIAN_POINT('',(-12.71149963187,9.034954181247,
    -22.12333304575));
#2556 = CARTESIAN_POINT('',(-12.72316226457,9.015662915953,
    -22.07193046394));
#2557 = CARTESIAN_POINT('',(-12.73628818268,8.993302775753,
    -22.02168050547));
#2558 = CARTESIAN_POINT('',(-12.75062918253,8.967920998101,
    -21.97274370994));
#2559 = CARTESIAN_POINT('',(-12.76591152803,8.939567804301,
    -21.92529672463));
#2560 = CARTESIAN_POINT('',(-12.7949998049,8.882504647387,
    -21.84176141346));
#2561 = CARTESIAN_POINT('',(-12.80860420576,8.854708517756,
    -21.80511727184));
#2562 = CARTESIAN_POINT('',(-12.82250686977,8.824934660554,
    -21.76968916016));
#2563 = CARTESIAN_POINT('',(-12.83654929101,8.793197145384,
    -21.73557649862));
#2564 = CARTESIAN_POINT('',(-12.85056868793,8.75951010837,
    -21.70289121415));
#2565 = CARTESIAN_POINT('',(-12.87832030616,8.688035031864,
    -21.64042137895));
#2566 = CARTESIAN_POINT('',(-12.89205614205,8.650205651455,
    -21.61064360698));
#2567 = CARTESIAN_POINT('',(-12.90542613002,8.610441974627,
    -21.58257976326));
#2568 = CARTESIAN_POINT('',(-12.91824749167,8.568793985459,
    -21.55638937953));
#2569 = CARTESIAN_POINT('',(-12.93033820589,8.525323015781,
    -21.53223879736));
#2570 = CARTESIAN_POINT('',(-12.95923620838,8.408460548845,
    -21.4755486816));
#2571 = CARTESIAN_POINT('',(-12.97475054005,8.332108236396,
    -21.44619795119));
#2572 = CARTESIAN_POINT('',(-12.98714442408,8.251961651893,
    -21.42337458299));
#2573 = CARTESIAN_POINT('',(-12.99569333342,8.169107312243,
    -21.40783008612));
#2574 = CARTESIAN_POINT('',(-13.,8.084720684606,-21.4));
#2575 = CARTESIAN_POINT('',(-13.,8.,-21.4));
#2576 = PCURVE('',#339,#2577);
#2577 = DEFINITIONAL_REPRESENTATION('',(#2578),#2606);
#2578 = B_SPLINE_CURVE_WITH_KNOTS('',6,(#2579,#2580,#2581,#2582,#2583,
    #2584,#2585,#2586,#2587,#2588,#2589,#2590,#2591,#2592,#2593,#2594,
    #2595,#2596,#2597,#2598,#2599,#2600,#2601,#2602,#2603,#2604,#2605),
  .UNSPECIFIED.,.F.,.F.,(7,5,5,5,5,7),(0.,0.200940196651,0.402088264393,
    0.568112421318,0.735230505845,1.),.UNSPECIFIED.);
#2579 = CARTESIAN_POINT('',(0.,-12.67032930884));
#2580 = CARTESIAN_POINT('',(4.992642358505E-02,-12.67032930884));
#2581 = CARTESIAN_POINT('',(9.981954851208E-02,-12.67249571887));
#2582 = CARTESIAN_POINT('',(0.149696530294,-12.67682515533));
#2583 = CARTESIAN_POINT('',(0.199564358512,-12.68322728908));
#2584 = CARTESIAN_POINT('',(0.249415698867,-12.69153456792));
#2585 = CARTESIAN_POINT('',(0.349085298642,-12.71149963187));
#2586 = CARTESIAN_POINT('',(0.398908302591,-12.72316226457));
#2587 = CARTESIAN_POINT('',(0.448775162561,-12.73628818268));
#2588 = CARTESIAN_POINT('',(0.498756181819,-12.75062918253));
#2589 = CARTESIAN_POINT('',(0.548911980347,-12.76591152803));
#2590 = CARTESIAN_POINT('',(0.640880139088,-12.7949998049));
#2591 = CARTESIAN_POINT('',(0.682641030209,-12.80860420576));
#2592 = CARTESIAN_POINT('',(0.724632714017,-12.82250686977));
#2593 = CARTESIAN_POINT('',(0.766908197149,-12.83654929101));
#2594 = CARTESIAN_POINT('',(0.809521049049,-12.85056868793));
#2595 = CARTESIAN_POINT('',(0.895818472818,-12.87832030616));
#2596 = CARTESIAN_POINT('',(0.939527262789,-12.89205614205));
#2597 = CARTESIAN_POINT('',(0.983680868428,-12.90542613002));
#2598 = CARTESIAN_POINT('',(1.028309464942,-12.91824749167));
#2599 = CARTESIAN_POINT('',(1.073448246025,-12.93033820589));
#2600 = CARTESIAN_POINT('',(1.191527241165,-12.95923620838));
#2601 = CARTESIAN_POINT('',(1.265623879073,-12.97475054005));
#2602 = CARTESIAN_POINT('',(1.340917452105,-12.98714442408));
#2603 = CARTESIAN_POINT('',(1.417062524133,-12.99569333342));
#2604 = CARTESIAN_POINT('',(1.493777522607,-13.));
#2605 = CARTESIAN_POINT('',(1.570796326795,-13.));
#2606 = ( GEOMETRIC_REPRESENTATION_CONTEXT(2) 
PARAMETRIC_REPRESENTATION_CONTEXT() REPRESENTATION_CONTEXT('2D SPACE',''
  ) );
#2607 = PCURVE('',#310,#2608);
#2608 = DEFINITIONAL_REPRESENTATION('',(#2609),#2637);
#2609 = B_SPLINE_CURVE_WITH_KNOTS('',6,(#2610,#2611,#2612,#2613,#2614,
    #2615,#2616,#2617,#2618,#2619,#2620,#2621,#2622,#2623,#2624,#2625,
    #2626,#2627,#2628,#2629,#2630,#2631,#2632,#2633,#2634,#2635,#2636),
  .UNSPECIFIED.,.F.,.F.,(7,5,5,5,5,7),(0.,0.200940196651,0.402088264393,
    0.568112421318,0.735230505845,1.),.UNSPECIFIED.);
#2610 = CARTESIAN_POINT('',(-0.582364237869,2.));
#2611 = CARTESIAN_POINT('',(-0.582364237869,2.054919065944));
#2612 = CARTESIAN_POINT('',(-0.580394513778,2.109801338034));
#2613 = CARTESIAN_POINT('',(-0.576459390389,2.164420057846));
#2614 = CARTESIAN_POINT('',(-0.570594365393,2.218536694815));
#2615 = CARTESIAN_POINT('',(-0.56286641474,2.27190206121));
#2616 = CARTESIAN_POINT('',(-0.543872361721,2.376666954243));
#2617 = CARTESIAN_POINT('',(-0.532601557609,2.428069536053));
#2618 = CARTESIAN_POINT('',(-0.519639296574,2.478319494523));
#2619 = CARTESIAN_POINT('',(-0.505066400752,2.527256290051));
#2620 = CARTESIAN_POINT('',(-0.488965891554,2.574703275366));
#2621 = CARTESIAN_POINT('',(-0.456941167792,2.658238586533));
#2622 = CARTESIAN_POINT('',(-0.441469810229,2.694882728158));
#2623 = CARTESIAN_POINT('',(-0.425044266569,2.730310839834));
#2624 = CARTESIAN_POINT('',(-0.407697565772,2.764423501379));
#2625 = CARTESIAN_POINT('',(-0.389458925115,2.797108785841));
#2626 = CARTESIAN_POINT('',(-0.351122131835,2.859578621049));
#2627 = CARTESIAN_POINT('',(-0.331004047863,2.889356393019));
#2628 = CARTESIAN_POINT('',(-0.310037839599,2.917420236731));
#2629 = CARTESIAN_POINT('',(-0.288261063792,2.943610620463));
#2630 = CARTESIAN_POINT('',(-0.265709936936,2.967761202638));
#2631 = CARTESIAN_POINT('',(-0.205518719291,3.024451318393));
#2632 = CARTESIAN_POINT('',(-0.166596645734,3.053802048803));
#2633 = CARTESIAN_POINT('',(-0.126117372766,3.076625417003));
#2634 = CARTESIAN_POINT('',(-8.455372698287E-02,3.092169913872));
#2635 = CARTESIAN_POINT('',(-4.236034230323E-02,3.1));
#2636 = CARTESIAN_POINT('',(0.,3.1));
#2637 = ( GEOMETRIC_REPRESENTATION_CONTEXT(2) 
PARAMETRIC_REPRESENTATION_CONTEXT() REPRESENTATION_CONTEXT('2D SPACE',''
  ) );
#2638 = ORIENTED_EDGE('',*,*,#322,.T.);
#2639 = ORIENTED_EDGE('',*,*,#2640,.T.);
#2640 = EDGE_CURVE('',#295,#2545,#2641,.T.);
#2641 = SURFACE_CURVE('',#2642,(#2670,#2701),.PCURVE_S1.);
#2642 = B_SPLINE_CURVE_WITH_KNOTS('',6,(#2643,#2644,#2645,#2646,#2647,
    #2648,#2649,#2650,#2651,#2652,#2653,#2654,#2655,#2656,#2657,#2658,
    #2659,#2660,#2661,#2662,#2663,#2664,#2665,#2666,#2667,#2668,#2669),
  .UNSPECIFIED.,.F.,.F.,(7,5,5,5,5,7),(0.,0.26474730039,0.367921145118,
    0.59779941467,0.796463682684,1.),.UNSPECIFIED.);
#2643 = CARTESIAN_POINT('',(-13.,8.,-23.6));
#2644 = CARTESIAN_POINT('',(-13.,8.084704102299,-23.6));
#2645 = CARTESIAN_POINT('',(-12.99569501744,8.169072579622,
    -23.59217297937));
#2646 = CARTESIAN_POINT('',(-12.98714977091,8.251908815767,
    -23.57663513038));
#2647 = CARTESIAN_POINT('',(-12.97476122322,8.33203901988,
    -23.55382170424));
#2648 = CARTESIAN_POINT('',(-12.95925299796,8.408378306849,
    -23.52448311318));
#2649 = CARTESIAN_POINT('',(-12.93464076742,8.507929192013,
    -23.47620211621));
#2650 = CARTESIAN_POINT('',(-12.92739086105,8.535185738104,
    -23.46181590122));
#2651 = CARTESIAN_POINT('',(-12.91983541389,8.561761588575,
    -23.44662424463));
#2652 = CARTESIAN_POINT('',(-12.9120175092,8.587637926457,-23.4306684609
    ));
#2653 = CARTESIAN_POINT('',(-12.90398080306,8.612797922248,
    -23.41398954612));
#2654 = CARTESIAN_POINT('',(-12.87747424288,8.691655770344,
    -23.3579458814));
#2655 = CARTESIAN_POINT('',(-12.85831465252,8.742447338477,
    -23.31588150397));
#2656 = CARTESIAN_POINT('',(-12.83874352752,8.789538978267,
    -23.27081514484));
#2657 = CARTESIAN_POINT('',(-12.81920349118,8.832885966283,
    -23.22307358861));
#2658 = CARTESIAN_POINT('',(-12.80012219112,8.872450048019,
    -23.17293609552));
#2659 = CARTESIAN_POINT('',(-12.76616604152,8.939073594502,
    -23.07544528266));
#2660 = CARTESIAN_POINT('',(-12.75106137575,8.96712185327,
    -23.02860828292));
#2661 = CARTESIAN_POINT('',(-12.73687094724,8.992272268197,
    -22.9803155797));
#2662 = CARTESIAN_POINT('',(-12.72385848569,9.014476640809,
    -22.93073699879));
#2663 = CARTESIAN_POINT('',(-12.71226369198,9.033689465384,
    -22.88002700086));
#2664 = CARTESIAN_POINT('',(-12.69207566005,9.066423339478,
    -22.77535683454));
#2665 = CARTESIAN_POINT('',(-12.68356099652,9.079795680354,
    -22.72133930939));
#2666 = CARTESIAN_POINT('',(-12.67699451312,9.089880446718,
    -22.66654203639));
#2667 = CARTESIAN_POINT('',(-12.67255225796,9.096623708272,
    -22.61122361502));
#2668 = CARTESIAN_POINT('',(-12.67032930884,9.1,-22.5556313348));
#2669 = CARTESIAN_POINT('',(-12.67032930884,9.1,-22.5));
#2670 = PCURVE('',#339,#2671);
#2671 = DEFINITIONAL_REPRESENTATION('',(#2672),#2700);
#2672 = B_SPLINE_CURVE_WITH_KNOTS('',6,(#2673,#2674,#2675,#2676,#2677,
    #2678,#2679,#2680,#2681,#2682,#2683,#2684,#2685,#2686,#2687,#2688,
    #2689,#2690,#2691,#2692,#2693,#2694,#2695,#2696,#2697,#2698,#2699),
  .UNSPECIFIED.,.F.,.F.,(7,5,5,5,5,7),(0.,0.26474730039,0.367921145118,
    0.59779941467,0.796463682684,1.),.UNSPECIFIED.);
#2673 = CARTESIAN_POINT('',(4.712388980385,-13.));
#2674 = CARTESIAN_POINT('',(4.789392709748,-13.));
#2675 = CARTESIAN_POINT('',(4.866091206278,-12.99569501744));
#2676 = CARTESIAN_POINT('',(4.942219342638,-12.98714977091));
#2677 = CARTESIAN_POINT('',(5.017496434782,-12.97476122322));
#2678 = CARTESIAN_POINT('',(5.091578181852,-12.95925299796));
#2679 = CARTESIAN_POINT('',(5.192160919498,-12.93464076742));
#2680 = CARTESIAN_POINT('',(5.220163020015,-12.92739086105));
#2681 = CARTESIAN_POINT('',(5.247968166702,-12.91983541389));
#2682 = CARTESIAN_POINT('',(5.275582146343,-12.9120175092));
#2683 = CARTESIAN_POINT('',(5.303009793585,-12.90398080306));
#2684 = CARTESIAN_POINT('',(5.390959124234,-12.87747424288));
#2685 = CARTESIAN_POINT('',(5.4507490651,-12.85831465252));
#2686 = CARTESIAN_POINT('',(5.509780425777,-12.83874352752));
#2687 = CARTESIAN_POINT('',(5.568191446228,-12.81920349118));
#2688 = CARTESIAN_POINT('',(5.626116414908,-12.80012219112));
#2689 = CARTESIAN_POINT('',(5.733462905485,-12.76616604152));
#2690 = CARTESIAN_POINT('',(5.783003882921,-12.75106137575));
#2691 = CARTESIAN_POINT('',(5.832373233932,-12.73687094724));
#2692 = CARTESIAN_POINT('',(5.881629881042,-12.72385848569));
#2693 = CARTESIAN_POINT('',(5.930841851105,-12.71226369198));
#2694 = CARTESIAN_POINT('',(6.030541193471,-12.69207566005));
#2695 = CARTESIAN_POINT('',(6.081037924551,-12.68356099652));
#2696 = CARTESIAN_POINT('',(6.131550898988,-12.67699451312));
#2697 = CARTESIAN_POINT('',(6.182072766307,-12.67255225796));
#2698 = CARTESIAN_POINT('',(6.232611366449,-12.67032930884));
#2699 = CARTESIAN_POINT('',(6.28318530718,-12.67032930884));
#2700 = ( GEOMETRIC_REPRESENTATION_CONTEXT(2) 
PARAMETRIC_REPRESENTATION_CONTEXT() REPRESENTATION_CONTEXT('2D SPACE',''
  ) );
#2701 = PCURVE('',#310,#2702);
#2702 = DEFINITIONAL_REPRESENTATION('',(#2703),#2731);
#2703 = B_SPLINE_CURVE_WITH_KNOTS('',6,(#2704,#2705,#2706,#2707,#2708,
    #2709,#2710,#2711,#2712,#2713,#2714,#2715,#2716,#2717,#2718,#2719,
    #2720,#2721,#2722,#2723,#2724,#2725,#2726,#2727,#2728,#2729,#2730),
  .UNSPECIFIED.,.F.,.F.,(7,5,5,5,5,7),(0.,0.26474730039,0.367921145118,
    0.59779941467,0.796463682684,1.),.UNSPECIFIED.);
#2704 = CARTESIAN_POINT('',(0.,0.9));
#2705 = CARTESIAN_POINT('',(-4.235205114974E-02,0.9));
#2706 = CARTESIAN_POINT('',(-8.453636175151E-02,0.907827020625));
#2707 = CARTESIAN_POINT('',(-0.126090872105,0.923364869613));
#2708 = CARTESIAN_POINT('',(-0.166561693236,0.946178295757));
#2709 = CARTESIAN_POINT('',(-0.205476785443,0.975516886811));
#2710 = CARTESIAN_POINT('',(-0.256750903254,1.023797883788));
#2711 = CARTESIAN_POINT('',(-0.270850856314,1.038184098776));
#2712 = CARTESIAN_POINT('',(-0.284662418609,1.05337575537));
#2713 = CARTESIAN_POINT('',(-0.298175602819,1.069331539096));
#2714 = CARTESIAN_POINT('',(-0.311380295287,1.086010453872));
#2715 = CARTESIAN_POINT('',(-0.352977043775,1.142054118592));
#2716 = CARTESIAN_POINT('',(-0.380101543908,1.184118496023));
#2717 = CARTESIAN_POINT('',(-0.405580747976,1.229184855155));
#2718 = CARTESIAN_POINT('',(-0.429341798126,1.276926411388));
#2719 = CARTESIAN_POINT('',(-0.451299053739,1.32706390448));
#2720 = CARTESIAN_POINT('',(-0.488687945945,1.424554717338));
#2721 = CARTESIAN_POINT('',(-0.504612248619,1.471391717072));
#2722 = CARTESIAN_POINT('',(-0.519047498128,1.519684420294));
#2723 = CARTESIAN_POINT('',(-0.531913903575,1.569263001203));
#2724 = CARTESIAN_POINT('',(-0.54313359668,1.61997299914));
#2725 = CARTESIAN_POINT('',(-0.56236289169,1.72464316546));
#2726 = CARTESIAN_POINT('',(-0.570288639744,1.778660690606));
#2727 = CARTESIAN_POINT('',(-0.576305463269,1.833457963603));
#2728 = CARTESIAN_POINT('',(-0.580343095426,1.888776384977));
#2729 = CARTESIAN_POINT('',(-0.582364237869,1.944368665196));
#2730 = CARTESIAN_POINT('',(-0.582364237869,2.));
#2731 = ( GEOMETRIC_REPRESENTATION_CONTEXT(2) 
PARAMETRIC_REPRESENTATION_CONTEXT() REPRESENTATION_CONTEXT('2D SPACE',''
  ) );
#2732 = ORIENTED_EDGE('',*,*,#2733,.F.);
#2733 = EDGE_CURVE('',#1767,#2545,#2734,.T.);
#2734 = SEAM_CURVE('',#2735,(#2739,#2746),.PCURVE_S1.);
#2735 = LINE('',#2736,#2737);
#2736 = CARTESIAN_POINT('',(12.670329308849,9.1,-22.5));
#2737 = VECTOR('',#2738,1.);
#2738 = DIRECTION('',(-1.,0.,0.));
#2739 = PCURVE('',#339,#2740);
#2740 = DEFINITIONAL_REPRESENTATION('',(#2741),#2745);
#2741 = LINE('',#2742,#2743);
#2742 = CARTESIAN_POINT('',(6.28318530718,12.670329308849));
#2743 = VECTOR('',#2744,1.);
#2744 = DIRECTION('',(0.,-1.));
#2745 = ( GEOMETRIC_REPRESENTATION_CONTEXT(2) 
PARAMETRIC_REPRESENTATION_CONTEXT() REPRESENTATION_CONTEXT('2D SPACE',''
  ) );
#2746 = PCURVE('',#339,#2747);
#2747 = DEFINITIONAL_REPRESENTATION('',(#2748),#2752);
#2748 = LINE('',#2749,#2750);
#2749 = CARTESIAN_POINT('',(0.,12.670329308849));
#2750 = VECTOR('',#2751,1.);
#2751 = DIRECTION('',(0.,-1.));
#2752 = ( GEOMETRIC_REPRESENTATION_CONTEXT(2) 
PARAMETRIC_REPRESENTATION_CONTEXT() REPRESENTATION_CONTEXT('2D SPACE',''
  ) );
#2753 = ORIENTED_EDGE('',*,*,#1861,.F.);
#2754 = ORIENTED_EDGE('',*,*,#869,.T.);
#2755 = ORIENTED_EDGE('',*,*,#1766,.F.);
#2756 = ORIENTED_EDGE('',*,*,#2733,.T.);
#2757 = ADVANCED_FACE('',(#2758),#391,.F.);
#2758 = FACE_BOUND('',#2759,.F.);
#2759 = EDGE_LOOP('',(#2760,#2855,#2856,#2949,#2970,#2971,#2972,#2973));
#2760 = ORIENTED_EDGE('',*,*,#2761,.T.);
#2761 = EDGE_CURVE('',#2762,#375,#2764,.T.);
#2762 = VERTEX_POINT('',#2763);
#2763 = CARTESIAN_POINT('',(-12.67032930884,9.1,7.5));
#2764 = SURFACE_CURVE('',#2765,(#2793,#2824),.PCURVE_S1.);
#2765 = B_SPLINE_CURVE_WITH_KNOTS('',6,(#2766,#2767,#2768,#2769,#2770,
    #2771,#2772,#2773,#2774,#2775,#2776,#2777,#2778,#2779,#2780,#2781,
    #2782,#2783,#2784,#2785,#2786,#2787,#2788,#2789,#2790,#2791,#2792),
  .UNSPECIFIED.,.F.,.F.,(7,5,5,5,5,7),(0.,0.200940196651,0.402088264393,
    0.568112421317,0.735230505845,1.),.UNSPECIFIED.);
#2766 = CARTESIAN_POINT('',(-12.67032930884,9.1,7.5));
#2767 = CARTESIAN_POINT('',(-12.67032930884,9.1,7.554919065944));
#2768 = CARTESIAN_POINT('',(-12.67249571887,9.096709615283,
    7.609801338034));
#2769 = CARTESIAN_POINT('',(-12.67682515533,9.0901375149,7.664420057846)
  );
#2770 = CARTESIAN_POINT('',(-12.68322728908,9.080308064326,
    7.718536694815));
#2771 = CARTESIAN_POINT('',(-12.69153456792,9.067272789231,7.77190206121
    ));
#2772 = CARTESIAN_POINT('',(-12.71149963187,9.034954181247,
    7.876666954243));
#2773 = CARTESIAN_POINT('',(-12.72316226457,9.015662915953,
    7.928069536053));
#2774 = CARTESIAN_POINT('',(-12.73628818268,8.993302775753,
    7.978319494522));
#2775 = CARTESIAN_POINT('',(-12.75062918253,8.967920998101,
    8.027256290051));
#2776 = CARTESIAN_POINT('',(-12.76591152803,8.939567804301,
    8.074703275366));
#2777 = CARTESIAN_POINT('',(-12.7949998049,8.882504647387,8.158238586533
    ));
#2778 = CARTESIAN_POINT('',(-12.80860420576,8.854708517756,
    8.194882728158));
#2779 = CARTESIAN_POINT('',(-12.82250686977,8.824934660554,
    8.230310839834));
#2780 = CARTESIAN_POINT('',(-12.83654929101,8.793197145384,
    8.264423501379));
#2781 = CARTESIAN_POINT('',(-12.85056868793,8.75951010837,8.297108785841
    ));
#2782 = CARTESIAN_POINT('',(-12.87832030616,8.688035031864,
    8.359578621049));
#2783 = CARTESIAN_POINT('',(-12.89205614205,8.650205651455,
    8.389356393019));
#2784 = CARTESIAN_POINT('',(-12.90542613002,8.610441974627,
    8.417420236731));
#2785 = CARTESIAN_POINT('',(-12.91824749167,8.568793985459,
    8.443610620463));
#2786 = CARTESIAN_POINT('',(-12.93033820589,8.525323015781,
    8.467761202638));
#2787 = CARTESIAN_POINT('',(-12.95923620838,8.408460548845,
    8.524451318393));
#2788 = CARTESIAN_POINT('',(-12.97475054005,8.332108236396,
    8.553802048803));
#2789 = CARTESIAN_POINT('',(-12.98714442408,8.251961651893,
    8.576625417004));
#2790 = CARTESIAN_POINT('',(-12.99569333342,8.169107312243,
    8.592169913872));
#2791 = CARTESIAN_POINT('',(-13.,8.084720684606,8.6));
#2792 = CARTESIAN_POINT('',(-13.,8.,8.6));
#2793 = PCURVE('',#391,#2794);
#2794 = DEFINITIONAL_REPRESENTATION('',(#2795),#2823);
#2795 = B_SPLINE_CURVE_WITH_KNOTS('',6,(#2796,#2797,#2798,#2799,#2800,
    #2801,#2802,#2803,#2804,#2805,#2806,#2807,#2808,#2809,#2810,#2811,
    #2812,#2813,#2814,#2815,#2816,#2817,#2818,#2819,#2820,#2821,#2822),
  .UNSPECIFIED.,.F.,.F.,(7,5,5,5,5,7),(0.,0.200940196651,0.402088264393,
    0.568112421317,0.735230505845,1.),.UNSPECIFIED.);
#2796 = CARTESIAN_POINT('',(0.,-12.67032930884));
#2797 = CARTESIAN_POINT('',(4.992642358505E-02,-12.67032930884));
#2798 = CARTESIAN_POINT('',(9.981954851207E-02,-12.67249571887));
#2799 = CARTESIAN_POINT('',(0.149696530294,-12.67682515533));
#2800 = CARTESIAN_POINT('',(0.199564358512,-12.68322728908));
#2801 = CARTESIAN_POINT('',(0.249415698867,-12.69153456792));
#2802 = CARTESIAN_POINT('',(0.349085298642,-12.71149963187));
#2803 = CARTESIAN_POINT('',(0.398908302591,-12.72316226457));
#2804 = CARTESIAN_POINT('',(0.448775162561,-12.73628818268));
#2805 = CARTESIAN_POINT('',(0.498756181819,-12.75062918253));
#2806 = CARTESIAN_POINT('',(0.548911980347,-12.76591152803));
#2807 = CARTESIAN_POINT('',(0.640880139088,-12.7949998049));
#2808 = CARTESIAN_POINT('',(0.682641030209,-12.80860420576));
#2809 = CARTESIAN_POINT('',(0.724632714017,-12.82250686977));
#2810 = CARTESIAN_POINT('',(0.766908197149,-12.83654929101));
#2811 = CARTESIAN_POINT('',(0.809521049049,-12.85056868793));
#2812 = CARTESIAN_POINT('',(0.895818472818,-12.87832030616));
#2813 = CARTESIAN_POINT('',(0.939527262789,-12.89205614205));
#2814 = CARTESIAN_POINT('',(0.983680868427,-12.90542613002));
#2815 = CARTESIAN_POINT('',(1.028309464942,-12.91824749167));
#2816 = CARTESIAN_POINT('',(1.073448246025,-12.93033820589));
#2817 = CARTESIAN_POINT('',(1.191527241165,-12.95923620838));
#2818 = CARTESIAN_POINT('',(1.265623879073,-12.97475054005));
#2819 = CARTESIAN_POINT('',(1.340917452105,-12.98714442408));
#2820 = CARTESIAN_POINT('',(1.417062524133,-12.99569333342));
#2821 = CARTESIAN_POINT('',(1.493777522607,-13.));
#2822 = CARTESIAN_POINT('',(1.570796326795,-13.));
#2823 = ( GEOMETRIC_REPRESENTATION_CONTEXT(2) 
PARAMETRIC_REPRESENTATION_CONTEXT() REPRESENTATION_CONTEXT('2D SPACE',''
  ) );
#2824 = PCURVE('',#310,#2825);
#2825 = DEFINITIONAL_REPRESENTATION('',(#2826),#2854);
#2826 = B_SPLINE_CURVE_WITH_KNOTS('',6,(#2827,#2828,#2829,#2830,#2831,
    #2832,#2833,#2834,#2835,#2836,#2837,#2838,#2839,#2840,#2841,#2842,
    #2843,#2844,#2845,#2846,#2847,#2848,#2849,#2850,#2851,#2852,#2853),
  .UNSPECIFIED.,.F.,.F.,(7,5,5,5,5,7),(0.,0.200940196651,0.402088264393,
    0.568112421317,0.735230505845,1.),.UNSPECIFIED.);
#2827 = CARTESIAN_POINT('',(-0.582364237869,32.));
#2828 = CARTESIAN_POINT('',(-0.582364237869,32.054919065944));
#2829 = CARTESIAN_POINT('',(-0.580394513778,32.109801338034));
#2830 = CARTESIAN_POINT('',(-0.576459390389,32.164420057846));
#2831 = CARTESIAN_POINT('',(-0.570594365393,32.218536694815));
#2832 = CARTESIAN_POINT('',(-0.56286641474,32.27190206121));
#2833 = CARTESIAN_POINT('',(-0.543872361721,32.376666954243));
#2834 = CARTESIAN_POINT('',(-0.532601557609,32.428069536053));
#2835 = CARTESIAN_POINT('',(-0.519639296574,32.478319494522));
#2836 = CARTESIAN_POINT('',(-0.505066400752,32.527256290051));
#2837 = CARTESIAN_POINT('',(-0.488965891554,32.574703275366));
#2838 = CARTESIAN_POINT('',(-0.456941167792,32.658238586533));
#2839 = CARTESIAN_POINT('',(-0.441469810229,32.694882728158));
#2840 = CARTESIAN_POINT('',(-0.425044266569,32.730310839834));
#2841 = CARTESIAN_POINT('',(-0.407697565772,32.764423501379));
#2842 = CARTESIAN_POINT('',(-0.389458925115,32.797108785841));
#2843 = CARTESIAN_POINT('',(-0.351122131835,32.859578621049));
#2844 = CARTESIAN_POINT('',(-0.331004047863,32.889356393019));
#2845 = CARTESIAN_POINT('',(-0.310037839599,32.917420236731));
#2846 = CARTESIAN_POINT('',(-0.288261063792,32.943610620463));
#2847 = CARTESIAN_POINT('',(-0.265709936936,32.967761202638));
#2848 = CARTESIAN_POINT('',(-0.205518719291,33.024451318393));
#2849 = CARTESIAN_POINT('',(-0.166596645734,33.053802048803));
#2850 = CARTESIAN_POINT('',(-0.126117372766,33.076625417004));
#2851 = CARTESIAN_POINT('',(-8.455372698286E-02,33.092169913872));
#2852 = CARTESIAN_POINT('',(-4.236034230324E-02,33.1));
#2853 = CARTESIAN_POINT('',(0.,33.1));
#2854 = ( GEOMETRIC_REPRESENTATION_CONTEXT(2) 
PARAMETRIC_REPRESENTATION_CONTEXT() REPRESENTATION_CONTEXT('2D SPACE',''
  ) );
#2855 = ORIENTED_EDGE('',*,*,#374,.T.);
#2856 = ORIENTED_EDGE('',*,*,#2857,.T.);
#2857 = EDGE_CURVE('',#352,#2762,#2858,.T.);
#2858 = SURFACE_CURVE('',#2859,(#2887,#2918),.PCURVE_S1.);
#2859 = B_SPLINE_CURVE_WITH_KNOTS('',6,(#2860,#2861,#2862,#2863,#2864,
    #2865,#2866,#2867,#2868,#2869,#2870,#2871,#2872,#2873,#2874,#2875,
    #2876,#2877,#2878,#2879,#2880,#2881,#2882,#2883,#2884,#2885,#2886),
  .UNSPECIFIED.,.F.,.F.,(7,5,5,5,5,7),(0.,0.264747244667,0.367921084112,
    0.59779937585,0.796463663039,1.),.UNSPECIFIED.);
#2860 = CARTESIAN_POINT('',(-13.,8.,6.4));
#2861 = CARTESIAN_POINT('',(-13.,8.084704102299,6.4));
#2862 = CARTESIAN_POINT('',(-12.99569501744,8.169072579622,
    6.407827020625));
#2863 = CARTESIAN_POINT('',(-12.98714977091,8.251908815767,
    6.423364869613));
#2864 = CARTESIAN_POINT('',(-12.97476122322,8.33203901988,6.446178295757
    ));
#2865 = CARTESIAN_POINT('',(-12.95925299796,8.408378306849,
    6.475516886811));
#2866 = CARTESIAN_POINT('',(-12.93464076632,8.507929196459,
    6.523797885944));
#2867 = CARTESIAN_POINT('',(-12.92739086142,8.535185737357,
    6.538184097949));
#2868 = CARTESIAN_POINT('',(-12.91983541507,8.561761584536,
    6.553375752958));
#2869 = CARTESIAN_POINT('',(-12.91201750947,8.58763792504,6.569331538596
    ));
#2870 = CARTESIAN_POINT('',(-12.90398080184,8.612797925857,
    6.586010456437));
#2871 = CARTESIAN_POINT('',(-12.87747424288,8.691655770344,
    6.642054118592));
#2872 = CARTESIAN_POINT('',(-12.85831465252,8.742447338477,
    6.684118496023));
#2873 = CARTESIAN_POINT('',(-12.83874352752,8.789538978267,
    6.729184855155));
#2874 = CARTESIAN_POINT('',(-12.81920349118,8.832885966283,
    6.776926411388));
#2875 = CARTESIAN_POINT('',(-12.80012219112,8.872450048019,6.82706390448
    ));
#2876 = CARTESIAN_POINT('',(-12.76616604152,8.939073594502,
    6.924554717337));
#2877 = CARTESIAN_POINT('',(-12.75106137575,8.96712185327,6.971391717072
    ));
#2878 = CARTESIAN_POINT('',(-12.73687094724,8.992272268197,
    7.019684420294));
#2879 = CARTESIAN_POINT('',(-12.72385848569,9.014476640809,
    7.069263001203));
#2880 = CARTESIAN_POINT('',(-12.71226369198,9.033689465384,7.11997299914
    ));
#2881 = CARTESIAN_POINT('',(-12.69207566005,9.066423339478,7.22464316546
    ));
#2882 = CARTESIAN_POINT('',(-12.68356099652,9.079795680354,
    7.278660690606));
#2883 = CARTESIAN_POINT('',(-12.67699451312,9.089880446718,
    7.333457963603));
#2884 = CARTESIAN_POINT('',(-12.67255225796,9.096623708272,
    7.388776384977));
#2885 = CARTESIAN_POINT('',(-12.67032930884,9.1,7.444368665196));
#2886 = CARTESIAN_POINT('',(-12.67032930884,9.1,7.5));
#2887 = PCURVE('',#391,#2888);
#2888 = DEFINITIONAL_REPRESENTATION('',(#2889),#2917);
#2889 = B_SPLINE_CURVE_WITH_KNOTS('',6,(#2890,#2891,#2892,#2893,#2894,
    #2895,#2896,#2897,#2898,#2899,#2900,#2901,#2902,#2903,#2904,#2905,
    #2906,#2907,#2908,#2909,#2910,#2911,#2912,#2913,#2914,#2915,#2916),
  .UNSPECIFIED.,.F.,.F.,(7,5,5,5,5,7),(0.,0.264747244667,0.367921084112,
    0.59779937585,0.796463663039,1.),.UNSPECIFIED.);
#2890 = CARTESIAN_POINT('',(4.712388980385,-13.));
#2891 = CARTESIAN_POINT('',(4.789392709748,-13.));
#2892 = CARTESIAN_POINT('',(4.866091206278,-12.99569501744));
#2893 = CARTESIAN_POINT('',(4.942219342638,-12.98714977091));
#2894 = CARTESIAN_POINT('',(5.017496434782,-12.97476122322));
#2895 = CARTESIAN_POINT('',(5.091578181852,-12.95925299796));
#2896 = CARTESIAN_POINT('',(5.192160923991,-12.93464076632));
#2897 = CARTESIAN_POINT('',(5.220163019046,-12.92739086142));
#2898 = CARTESIAN_POINT('',(5.247968162412,-12.91983541507));
#2899 = CARTESIAN_POINT('',(5.275582144999,-12.91201750947));
#2900 = CARTESIAN_POINT('',(5.30300979761,-12.90398080184));
#2901 = CARTESIAN_POINT('',(5.390959124234,-12.87747424288));
#2902 = CARTESIAN_POINT('',(5.4507490651,-12.85831465252));
#2903 = CARTESIAN_POINT('',(5.509780425777,-12.83874352752));
#2904 = CARTESIAN_POINT('',(5.568191446228,-12.81920349118));
#2905 = CARTESIAN_POINT('',(5.626116414908,-12.80012219112));
#2906 = CARTESIAN_POINT('',(5.733462905485,-12.76616604152));
#2907 = CARTESIAN_POINT('',(5.783003882921,-12.75106137575));
#2908 = CARTESIAN_POINT('',(5.832373233932,-12.73687094724));
#2909 = CARTESIAN_POINT('',(5.881629881042,-12.72385848569));
#2910 = CARTESIAN_POINT('',(5.930841851105,-12.71226369198));
#2911 = CARTESIAN_POINT('',(6.030541193471,-12.69207566005));
#2912 = CARTESIAN_POINT('',(6.081037924551,-12.68356099652));
#2913 = CARTESIAN_POINT('',(6.131550898988,-12.67699451312));
#2914 = CARTESIAN_POINT('',(6.182072766307,-12.67255225796));
#2915 = CARTESIAN_POINT('',(6.232611366449,-12.67032930884));
#2916 = CARTESIAN_POINT('',(6.28318530718,-12.67032930884));
#2917 = ( GEOMETRIC_REPRESENTATION_CONTEXT(2) 
PARAMETRIC_REPRESENTATION_CONTEXT() REPRESENTATION_CONTEXT('2D SPACE',''
  ) );
#2918 = PCURVE('',#310,#2919);
#2919 = DEFINITIONAL_REPRESENTATION('',(#2920),#2948);
#2920 = B_SPLINE_CURVE_WITH_KNOTS('',6,(#2921,#2922,#2923,#2924,#2925,
    #2926,#2927,#2928,#2929,#2930,#2931,#2932,#2933,#2934,#2935,#2936,
    #2937,#2938,#2939,#2940,#2941,#2942,#2943,#2944,#2945,#2946,#2947),
  .UNSPECIFIED.,.F.,.F.,(7,5,5,5,5,7),(0.,0.264747244667,0.367921084112,
    0.59779937585,0.796463663039,1.),.UNSPECIFIED.);
#2921 = CARTESIAN_POINT('',(0.,30.9));
#2922 = CARTESIAN_POINT('',(-4.235205114974E-02,30.9));
#2923 = CARTESIAN_POINT('',(-8.45363617515E-02,30.907827020625));
#2924 = CARTESIAN_POINT('',(-0.126090872105,30.923364869613));
#2925 = CARTESIAN_POINT('',(-0.166561693236,30.946178295757));
#2926 = CARTESIAN_POINT('',(-0.205476785443,30.975516886811));
#2927 = CARTESIAN_POINT('',(-0.256750905544,31.023797885944));
#2928 = CARTESIAN_POINT('',(-0.270850855903,31.038184097949));
#2929 = CARTESIAN_POINT('',(-0.284662416504,31.053375752958));
#2930 = CARTESIAN_POINT('',(-0.298175602099,31.069331538596));
#2931 = CARTESIAN_POINT('',(-0.311380297191,31.086010456437));
#2932 = CARTESIAN_POINT('',(-0.352977043775,31.142054118592));
#2933 = CARTESIAN_POINT('',(-0.380101543908,31.184118496023));
#2934 = CARTESIAN_POINT('',(-0.405580747976,31.229184855155));
#2935 = CARTESIAN_POINT('',(-0.429341798126,31.276926411388));
#2936 = CARTESIAN_POINT('',(-0.451299053739,31.32706390448));
#2937 = CARTESIAN_POINT('',(-0.488687945945,31.424554717337));
#2938 = CARTESIAN_POINT('',(-0.504612248619,31.471391717072));
#2939 = CARTESIAN_POINT('',(-0.519047498128,31.519684420294));
#2940 = CARTESIAN_POINT('',(-0.531913903575,31.569263001203));
#2941 = CARTESIAN_POINT('',(-0.54313359668,31.61997299914));
#2942 = CARTESIAN_POINT('',(-0.56236289169,31.72464316546));
#2943 = CARTESIAN_POINT('',(-0.570288639744,31.778660690606));
#2944 = CARTESIAN_POINT('',(-0.576305463269,31.833457963603));
#2945 = CARTESIAN_POINT('',(-0.580343095426,31.888776384977));
#2946 = CARTESIAN_POINT('',(-0.582364237869,31.944368665196));
#2947 = CARTESIAN_POINT('',(-0.582364237869,32.));
#2948 = ( GEOMETRIC_REPRESENTATION_CONTEXT(2) 
PARAMETRIC_REPRESENTATION_CONTEXT() REPRESENTATION_CONTEXT('2D SPACE',''
  ) );
#2949 = ORIENTED_EDGE('',*,*,#2950,.F.);
#2950 = EDGE_CURVE('',#1578,#2762,#2951,.T.);
#2951 = SEAM_CURVE('',#2952,(#2956,#2963),.PCURVE_S1.);
#2952 = LINE('',#2953,#2954);
#2953 = CARTESIAN_POINT('',(12.670329308849,9.1,7.5));
#2954 = VECTOR('',#2955,1.);
#2955 = DIRECTION('',(-1.,0.,0.));
#2956 = PCURVE('',#391,#2957);
#2957 = DEFINITIONAL_REPRESENTATION('',(#2958),#2962);
#2958 = LINE('',#2959,#2960);
#2959 = CARTESIAN_POINT('',(6.28318530718,12.670329308849));
#2960 = VECTOR('',#2961,1.);
#2961 = DIRECTION('',(0.,-1.));
#2962 = ( GEOMETRIC_REPRESENTATION_CONTEXT(2) 
PARAMETRIC_REPRESENTATION_CONTEXT() REPRESENTATION_CONTEXT('2D SPACE',''
  ) );
#2963 = PCURVE('',#391,#2964);
#2964 = DEFINITIONAL_REPRESENTATION('',(#2965),#2969);
#2965 = LINE('',#2966,#2967);
#2966 = CARTESIAN_POINT('',(0.,12.670329308849));
#2967 = VECTOR('',#2968,1.);
#2968 = DIRECTION('',(0.,-1.));
#2969 = ( GEOMETRIC_REPRESENTATION_CONTEXT(2) 
PARAMETRIC_REPRESENTATION_CONTEXT() REPRESENTATION_CONTEXT('2D SPACE',''
  ) );
#2970 = ORIENTED_EDGE('',*,*,#1672,.F.);
#2971 = ORIENTED_EDGE('',*,*,#920,.T.);
#2972 = ORIENTED_EDGE('',*,*,#1577,.F.);
#2973 = ORIENTED_EDGE('',*,*,#2950,.T.);
#2974 = ADVANCED_FACE('',(#2975),#310,.T.);
#2975 = FACE_BOUND('',#2976,.F.);
#2976 = EDGE_LOOP('',(#2977,#2978,#2979,#2980,#3006,#3007,#3008,#3009,
    #3010,#3011));
#2977 = ORIENTED_EDGE('',*,*,#294,.F.);
#2978 = ORIENTED_EDGE('',*,*,#2515,.T.);
#2979 = ORIENTED_EDGE('',*,*,#1980,.T.);
#2980 = ORIENTED_EDGE('',*,*,#2981,.F.);
#2981 = EDGE_CURVE('',#54,#1981,#2982,.T.);
#2982 = SURFACE_CURVE('',#2983,(#2988,#2995),.PCURVE_S1.);
#2983 = CIRCLE('',#2984,2.);
#2984 = AXIS2_PLACEMENT_3D('',#2985,#2986,#2987);
#2985 = CARTESIAN_POINT('',(-11.,8.,9.5));
#2986 = DIRECTION('',(-0.,-0.,-1.));
#2987 = DIRECTION('',(0.,-1.,0.));
#2988 = PCURVE('',#310,#2989);
#2989 = DEFINITIONAL_REPRESENTATION('',(#2990),#2994);
#2990 = LINE('',#2991,#2992);
#2991 = CARTESIAN_POINT('',(1.570796326795,34.));
#2992 = VECTOR('',#2993,1.);
#2993 = DIRECTION('',(-1.,0.));
#2994 = ( GEOMETRIC_REPRESENTATION_CONTEXT(2) 
PARAMETRIC_REPRESENTATION_CONTEXT() REPRESENTATION_CONTEXT('2D SPACE',''
  ) );
#2995 = PCURVE('',#74,#2996);
#2996 = DEFINITIONAL_REPRESENTATION('',(#2997),#3005);
#2997 = ( BOUNDED_CURVE() B_SPLINE_CURVE(2,(#2998,#2999,#3000,#3001,
#3002,#3003,#3004),.UNSPECIFIED.,.T.,.F.) B_SPLINE_CURVE_WITH_KNOTS((1,2
    ,2,2,2,1),(-2.094395102393,0.,2.094395102393,4.188790204786,
6.28318530718,8.377580409573),.UNSPECIFIED.) CURVE() 
GEOMETRIC_REPRESENTATION_ITEM() RATIONAL_B_SPLINE_CURVE((1.,0.5,1.,0.5,
1.,0.5,1.)) REPRESENTATION_ITEM('') );
#2998 = CARTESIAN_POINT('',(2.,16.));
#2999 = CARTESIAN_POINT('',(-1.464101615138,16.));
#3000 = CARTESIAN_POINT('',(0.267949192431,19.));
#3001 = CARTESIAN_POINT('',(2.,22.));
#3002 = CARTESIAN_POINT('',(3.732050807569,19.));
#3003 = CARTESIAN_POINT('',(5.464101615138,16.));
#3004 = CARTESIAN_POINT('',(2.,16.));
#3005 = ( GEOMETRIC_REPRESENTATION_CONTEXT(2) 
PARAMETRIC_REPRESENTATION_CONTEXT() REPRESENTATION_CONTEXT('2D SPACE',''
  ) );
#3006 = ORIENTED_EDGE('',*,*,#403,.F.);
#3007 = ORIENTED_EDGE('',*,*,#2761,.F.);
#3008 = ORIENTED_EDGE('',*,*,#2857,.F.);
#3009 = ORIENTED_EDGE('',*,*,#351,.F.);
#3010 = ORIENTED_EDGE('',*,*,#2544,.F.);
#3011 = ORIENTED_EDGE('',*,*,#2640,.F.);
#3012 = ADVANCED_FACE('',(#3013),#74,.T.);
#3013 = FACE_BOUND('',#3014,.T.);
#3014 = EDGE_LOOP('',(#3015,#3016,#3017,#3018,#3019,#3020,#3021,#3022));
#3015 = ORIENTED_EDGE('',*,*,#51,.F.);
#3016 = ORIENTED_EDGE('',*,*,#2479,.T.);
#3017 = ORIENTED_EDGE('',*,*,#1476,.T.);
#3018 = ORIENTED_EDGE('',*,*,#1093,.F.);
#3019 = ORIENTED_EDGE('',*,*,#607,.T.);
#3020 = ORIENTED_EDGE('',*,*,#1554,.T.);
#3021 = ORIENTED_EDGE('',*,*,#2003,.F.);
#3022 = ORIENTED_EDGE('',*,*,#2981,.F.);
#3023 = ( GEOMETRIC_REPRESENTATION_CONTEXT(3) 
GLOBAL_UNCERTAINTY_ASSIGNED_CONTEXT((#3027)) 
GLOBAL_UNIT_ASSIGNED_CONTEXT((#3024,#3025,#3026)) REPRESENTATION_CONTEXT
('Context #1','3D Context with UNIT and UNCERTAINTY') );
#3024 = ( LENGTH_UNIT() NAMED_UNIT(*) SI_UNIT(.MILLI.,.METRE.) );
#3025 = ( NAMED_UNIT(*) PLANE_ANGLE_UNIT() SI_UNIT($,.RADIAN.) );
#3026 = ( NAMED_UNIT(*) SI_UNIT($,.STERADIAN.) SOLID_ANGLE_UNIT() );
#3027 = UNCERTAINTY_MEASURE_WITH_UNIT(LENGTH_MEASURE(1.E-07),#3024,
  'distance_accuracy_value','confusion accuracy');
#3028 = CONTEXT_DEPENDENT_SHAPE_REPRESENTATION(#3029,#3031);
#3029 = ( REPRESENTATION_RELATIONSHIP('','',#44,#10) 
REPRESENTATION_RELATIONSHIP_WITH_TRANSFORMATION(#3030) 
SHAPE_REPRESENTATION_RELATIONSHIP() );
#3030 = ITEM_DEFINED_TRANSFORMATION('','',#11,#15);
#3031 = PRODUCT_DEFINITION_SHAPE('Placement','Placement of an item',
  #3032);
#3032 = NEXT_ASSEMBLY_USAGE_OCCURRENCE('1','cage','',#5,#39,$);
#3033 = PRODUCT_RELATED_PRODUCT_CATEGORY('part',$,(#41));
#3034 = SHAPE_DEFINITION_REPRESENTATION(#3035,#3041);
#3035 = PRODUCT_DEFINITION_SHAPE('','',#3036);
#3036 = PRODUCT_DEFINITION('design','',#3037,#3040);
#3037 = PRODUCT_DEFINITION_FORMATION('','',#3038);
#3038 = PRODUCT('sts3032_c036','sts3032_c036','',(#3039));
#3039 = PRODUCT_CONTEXT('',#2,'mechanical');
#3040 = PRODUCT_DEFINITION_CONTEXT('part definition',#2,'design');
#3041 = ADVANCED_BREP_SHAPE_REPRESENTATION('',(#11,#3042),#4300);
#3042 = MANIFOLD_SOLID_BREP('',#3043);
#3043 = CLOSED_SHELL('',(#3044,#3319,#3395,#3445,#3499,#3662,#3711,#3765
    ,#3815,#3842,#3897,#3939,#4015,#4064,#4113,#4140,#4144,#4199,#4206,
    #4241,#4296));
#3044 = ADVANCED_FACE('',(#3045,#3288),#3059,.F.);
#3045 = FACE_BOUND('',#3046,.F.);
#3046 = EDGE_LOOP('',(#3047,#3082,#3111,#3139,#3172,#3200,#3229,#3257));
#3047 = ORIENTED_EDGE('',*,*,#3048,.F.);
#3048 = EDGE_CURVE('',#3049,#3051,#3053,.T.);
#3049 = VERTEX_POINT('',#3050);
#3050 = CARTESIAN_POINT('',(-14.5,-6.,-22.8));
#3051 = VERTEX_POINT('',#3052);
#3052 = CARTESIAN_POINT('',(-14.5,-6.,6.8));
#3053 = SURFACE_CURVE('',#3054,(#3058,#3070),.PCURVE_S1.);
#3054 = LINE('',#3055,#3056);
#3055 = CARTESIAN_POINT('',(-14.5,-6.,-24.));
#3056 = VECTOR('',#3057,1.);
#3057 = DIRECTION('',(0.,0.,1.));
#3058 = PCURVE('',#3059,#3064);
#3059 = PLANE('',#3060);
#3060 = AXIS2_PLACEMENT_3D('',#3061,#3062,#3063);
#3061 = CARTESIAN_POINT('',(-14.5,-6.,-24.));
#3062 = DIRECTION('',(1.,0.,0.));
#3063 = DIRECTION('',(0.,0.,1.));
#3064 = DEFINITIONAL_REPRESENTATION('',(#3065),#3069);
#3065 = LINE('',#3066,#3067);
#3066 = CARTESIAN_POINT('',(0.,0.));
#3067 = VECTOR('',#3068,1.);
#3068 = DIRECTION('',(1.,0.));
#3069 = ( GEOMETRIC_REPRESENTATION_CONTEXT(2) 
PARAMETRIC_REPRESENTATION_CONTEXT() REPRESENTATION_CONTEXT('2D SPACE',''
  ) );
#3070 = PCURVE('',#3071,#3076);
#3071 = PLANE('',#3072);
#3072 = AXIS2_PLACEMENT_3D('',#3073,#3074,#3075);
#3073 = CARTESIAN_POINT('',(-14.5,-6.,-24.));
#3074 = DIRECTION('',(0.,1.,0.));
#3075 = DIRECTION('',(0.,0.,1.));
#3076 = DEFINITIONAL_REPRESENTATION('',(#3077),#3081);
#3077 = LINE('',#3078,#3079);
#3078 = CARTESIAN_POINT('',(0.,0.));
#3079 = VECTOR('',#3080,1.);
#3080 = DIRECTION('',(1.,0.));
#3081 = ( GEOMETRIC_REPRESENTATION_CONTEXT(2) 
PARAMETRIC_REPRESENTATION_CONTEXT() REPRESENTATION_CONTEXT('2D SPACE',''
  ) );
#3082 = ORIENTED_EDGE('',*,*,#3083,.T.);
#3083 = EDGE_CURVE('',#3049,#3084,#3086,.T.);
#3084 = VERTEX_POINT('',#3085);
#3085 = CARTESIAN_POINT('',(-14.5,-4.8,-24.));
#3086 = SURFACE_CURVE('',#3087,(#3092,#3099),.PCURVE_S1.);
#3087 = CIRCLE('',#3088,1.2);
#3088 = AXIS2_PLACEMENT_3D('',#3089,#3090,#3091);
#3089 = CARTESIAN_POINT('',(-14.5,-4.8,-22.8));
#3090 = DIRECTION('',(1.,0.,0.));
#3091 = DIRECTION('',(-0.,0.,1.));
#3092 = PCURVE('',#3059,#3093);
#3093 = DEFINITIONAL_REPRESENTATION('',(#3094),#3098);
#3094 = CIRCLE('',#3095,1.2);
#3095 = AXIS2_PLACEMENT_2D('',#3096,#3097);
#3096 = CARTESIAN_POINT('',(1.2,-1.2));
#3097 = DIRECTION('',(1.,0.));
#3098 = ( GEOMETRIC_REPRESENTATION_CONTEXT(2) 
PARAMETRIC_REPRESENTATION_CONTEXT() REPRESENTATION_CONTEXT('2D SPACE',''
  ) );
#3099 = PCURVE('',#3100,#3105);
#3100 = CYLINDRICAL_SURFACE('',#3101,1.2);
#3101 = AXIS2_PLACEMENT_3D('',#3102,#3103,#3104);
#3102 = CARTESIAN_POINT('',(-14.5,-4.8,-22.8));
#3103 = DIRECTION('',(1.,0.,0.));
#3104 = DIRECTION('',(0.,-1.,0.));
#3105 = DEFINITIONAL_REPRESENTATION('',(#3106),#3110);
#3106 = LINE('',#3107,#3108);
#3107 = CARTESIAN_POINT('',(-1.570796326795,0.));
#3108 = VECTOR('',#3109,1.);
#3109 = DIRECTION('',(1.,0.));
#3110 = ( GEOMETRIC_REPRESENTATION_CONTEXT(2) 
PARAMETRIC_REPRESENTATION_CONTEXT() REPRESENTATION_CONTEXT('2D SPACE',''
  ) );
#3111 = ORIENTED_EDGE('',*,*,#3112,.T.);
#3112 = EDGE_CURVE('',#3084,#3113,#3115,.T.);
#3113 = VERTEX_POINT('',#3114);
#3114 = CARTESIAN_POINT('',(-14.5,4.8,-24.));
#3115 = SURFACE_CURVE('',#3116,(#3120,#3127),.PCURVE_S1.);
#3116 = LINE('',#3117,#3118);
#3117 = CARTESIAN_POINT('',(-14.5,-6.,-24.));
#3118 = VECTOR('',#3119,1.);
#3119 = DIRECTION('',(0.,1.,0.));
#3120 = PCURVE('',#3059,#3121);
#3121 = DEFINITIONAL_REPRESENTATION('',(#3122),#3126);
#3122 = LINE('',#3123,#3124);
#3123 = CARTESIAN_POINT('',(0.,0.));
#3124 = VECTOR('',#3125,1.);
#3125 = DIRECTION('',(0.,-1.));
#3126 = ( GEOMETRIC_REPRESENTATION_CONTEXT(2) 
PARAMETRIC_REPRESENTATION_CONTEXT() REPRESENTATION_CONTEXT('2D SPACE',''
  ) );
#3127 = PCURVE('',#3128,#3133);
#3128 = PLANE('',#3129);
#3129 = AXIS2_PLACEMENT_3D('',#3130,#3131,#3132);
#3130 = CARTESIAN_POINT('',(-14.5,-6.,-24.));
#3131 = DIRECTION('',(0.,0.,1.));
#3132 = DIRECTION('',(1.,0.,0.));
#3133 = DEFINITIONAL_REPRESENTATION('',(#3134),#3138);
#3134 = LINE('',#3135,#3136);
#3135 = CARTESIAN_POINT('',(0.,0.));
#3136 = VECTOR('',#3137,1.);
#3137 = DIRECTION('',(0.,1.));
#3138 = ( GEOMETRIC_REPRESENTATION_CONTEXT(2) 
PARAMETRIC_REPRESENTATION_CONTEXT() REPRESENTATION_CONTEXT('2D SPACE',''
  ) );
#3139 = ORIENTED_EDGE('',*,*,#3140,.F.);
#3140 = EDGE_CURVE('',#3141,#3113,#3143,.T.);
#3141 = VERTEX_POINT('',#3142);
#3142 = CARTESIAN_POINT('',(-14.5,6.,-22.8));
#3143 = SURFACE_CURVE('',#3144,(#3149,#3160),.PCURVE_S1.);
#3144 = CIRCLE('',#3145,1.2);
#3145 = AXIS2_PLACEMENT_3D('',#3146,#3147,#3148);
#3146 = CARTESIAN_POINT('',(-14.5,4.8,-22.8));
#3147 = DIRECTION('',(-1.,0.,-0.));
#3148 = DIRECTION('',(-0.,0.,1.));
#3149 = PCURVE('',#3059,#3150);
#3150 = DEFINITIONAL_REPRESENTATION('',(#3151),#3159);
#3151 = ( BOUNDED_CURVE() B_SPLINE_CURVE(2,(#3152,#3153,#3154,#3155,
#3156,#3157,#3158),.UNSPECIFIED.,.T.,.F.) B_SPLINE_CURVE_WITH_KNOTS((1,2
    ,2,2,2,1),(-2.094395102393,0.,2.094395102393,4.188790204786,
6.28318530718,8.377580409573),.UNSPECIFIED.) CURVE() 
GEOMETRIC_REPRESENTATION_ITEM() RATIONAL_B_SPLINE_CURVE((1.,0.5,1.,0.5,
1.,0.5,1.)) REPRESENTATION_ITEM('') );
#3152 = CARTESIAN_POINT('',(2.4,-10.8));
#3153 = CARTESIAN_POINT('',(2.4,-12.87846096908));
#3154 = CARTESIAN_POINT('',(0.6,-11.83923048454));
#3155 = CARTESIAN_POINT('',(-1.2,-10.8));
#3156 = CARTESIAN_POINT('',(0.6,-9.760769515459));
#3157 = CARTESIAN_POINT('',(2.4,-8.721539030917));
#3158 = CARTESIAN_POINT('',(2.4,-10.8));
#3159 = ( GEOMETRIC_REPRESENTATION_CONTEXT(2) 
PARAMETRIC_REPRESENTATION_CONTEXT() REPRESENTATION_CONTEXT('2D SPACE',''
  ) );
#3160 = PCURVE('',#3161,#3166);
#3161 = CYLINDRICAL_SURFACE('',#3162,1.2);
#3162 = AXIS2_PLACEMENT_3D('',#3163,#3164,#3165);
#3163 = CARTESIAN_POINT('',(-14.5,4.8,-22.8));
#3164 = DIRECTION('',(1.,0.,0.));
#3165 = DIRECTION('',(-0.,1.,0.));
#3166 = DEFINITIONAL_REPRESENTATION('',(#3167),#3171);
#3167 = LINE('',#3168,#3169);
#3168 = CARTESIAN_POINT('',(1.570796326795,-0.));
#3169 = VECTOR('',#3170,1.);
#3170 = DIRECTION('',(-1.,0.));
#3171 = ( GEOMETRIC_REPRESENTATION_CONTEXT(2) 
PARAMETRIC_REPRESENTATION_CONTEXT() REPRESENTATION_CONTEXT('2D SPACE',''
  ) );
#3172 = ORIENTED_EDGE('',*,*,#3173,.T.);
#3173 = EDGE_CURVE('',#3141,#3174,#3176,.T.);
#3174 = VERTEX_POINT('',#3175);
#3175 = CARTESIAN_POINT('',(-14.5,6.,6.8));
#3176 = SURFACE_CURVE('',#3177,(#3181,#3188),.PCURVE_S1.);
#3177 = LINE('',#3178,#3179);
#3178 = CARTESIAN_POINT('',(-14.5,6.,-24.));
#3179 = VECTOR('',#3180,1.);
#3180 = DIRECTION('',(0.,0.,1.));
#3181 = PCURVE('',#3059,#3182);
#3182 = DEFINITIONAL_REPRESENTATION('',(#3183),#3187);
#3183 = LINE('',#3184,#3185);
#3184 = CARTESIAN_POINT('',(0.,-12.));
#3185 = VECTOR('',#3186,1.);
#3186 = DIRECTION('',(1.,0.));
#3187 = ( GEOMETRIC_REPRESENTATION_CONTEXT(2) 
PARAMETRIC_REPRESENTATION_CONTEXT() REPRESENTATION_CONTEXT('2D SPACE',''
  ) );
#3188 = PCURVE('',#3189,#3194);
#3189 = PLANE('',#3190);
#3190 = AXIS2_PLACEMENT_3D('',#3191,#3192,#3193);
#3191 = CARTESIAN_POINT('',(-14.5,6.,-24.));
#3192 = DIRECTION('',(0.,1.,0.));
#3193 = DIRECTION('',(0.,0.,1.));
#3194 = DEFINITIONAL_REPRESENTATION('',(#3195),#3199);
#3195 = LINE('',#3196,#3197);
#3196 = CARTESIAN_POINT('',(0.,0.));
#3197 = VECTOR('',#3198,1.);
#3198 = DIRECTION('',(1.,0.));
#3199 = ( GEOMETRIC_REPRESENTATION_CONTEXT(2) 
PARAMETRIC_REPRESENTATION_CONTEXT() REPRESENTATION_CONTEXT('2D SPACE',''
  ) );
#3200 = ORIENTED_EDGE('',*,*,#3201,.T.);
#3201 = EDGE_CURVE('',#3174,#3202,#3204,.T.);
#3202 = VERTEX_POINT('',#3203);
#3203 = CARTESIAN_POINT('',(-14.5,4.8,8.));
#3204 = SURFACE_CURVE('',#3205,(#3210,#3217),.PCURVE_S1.);
#3205 = CIRCLE('',#3206,1.2);
#3206 = AXIS2_PLACEMENT_3D('',#3207,#3208,#3209);
#3207 = CARTESIAN_POINT('',(-14.5,4.8,6.8));
#3208 = DIRECTION('',(1.,0.,0.));
#3209 = DIRECTION('',(-0.,0.,1.));
#3210 = PCURVE('',#3059,#3211);
#3211 = DEFINITIONAL_REPRESENTATION('',(#3212),#3216);
#3212 = CIRCLE('',#3213,1.2);
#3213 = AXIS2_PLACEMENT_2D('',#3214,#3215);
#3214 = CARTESIAN_POINT('',(30.8,-10.8));
#3215 = DIRECTION('',(1.,0.));
#3216 = ( GEOMETRIC_REPRESENTATION_CONTEXT(2) 
PARAMETRIC_REPRESENTATION_CONTEXT() REPRESENTATION_CONTEXT('2D SPACE',''
  ) );
#3217 = PCURVE('',#3218,#3223);
#3218 = CYLINDRICAL_SURFACE('',#3219,1.2);
#3219 = AXIS2_PLACEMENT_3D('',#3220,#3221,#3222);
#3220 = CARTESIAN_POINT('',(-14.5,4.8,6.8));
#3221 = DIRECTION('',(1.,0.,0.));
#3222 = DIRECTION('',(-0.,1.,0.));
#3223 = DEFINITIONAL_REPRESENTATION('',(#3224),#3228);
#3224 = LINE('',#3225,#3226);
#3225 = CARTESIAN_POINT('',(-4.712388980385,0.));
#3226 = VECTOR('',#3227,1.);
#3227 = DIRECTION('',(1.,0.));
#3228 = ( GEOMETRIC_REPRESENTATION_CONTEXT(2) 
PARAMETRIC_REPRESENTATION_CONTEXT() REPRESENTATION_CONTEXT('2D SPACE',''
  ) );
#3229 = ORIENTED_EDGE('',*,*,#3230,.F.);
#3230 = EDGE_CURVE('',#3231,#3202,#3233,.T.);
#3231 = VERTEX_POINT('',#3232);
#3232 = CARTESIAN_POINT('',(-14.5,-4.8,8.));
#3233 = SURFACE_CURVE('',#3234,(#3238,#3245),.PCURVE_S1.);
#3234 = LINE('',#3235,#3236);
#3235 = CARTESIAN_POINT('',(-14.5,-6.,8.));
#3236 = VECTOR('',#3237,1.);
#3237 = DIRECTION('',(0.,1.,0.));
#3238 = PCURVE('',#3059,#3239);
#3239 = DEFINITIONAL_REPRESENTATION('',(#3240),#3244);
#3240 = LINE('',#3241,#3242);
#3241 = CARTESIAN_POINT('',(32.,0.));
#3242 = VECTOR('',#3243,1.);
#3243 = DIRECTION('',(0.,-1.));
#3244 = ( GEOMETRIC_REPRESENTATION_CONTEXT(2) 
PARAMETRIC_REPRESENTATION_CONTEXT() REPRESENTATION_CONTEXT('2D SPACE',''
  ) );
#3245 = PCURVE('',#3246,#3251);
#3246 = PLANE('',#3247);
#3247 = AXIS2_PLACEMENT_3D('',#3248,#3249,#3250);
#3248 = CARTESIAN_POINT('',(-14.5,-6.,8.));
#3249 = DIRECTION('',(0.,0.,1.));
#3250 = DIRECTION('',(1.,0.,0.));
#3251 = DEFINITIONAL_REPRESENTATION('',(#3252),#3256);
#3252 = LINE('',#3253,#3254);
#3253 = CARTESIAN_POINT('',(0.,0.));
#3254 = VECTOR('',#3255,1.);
#3255 = DIRECTION('',(0.,1.));
#3256 = ( GEOMETRIC_REPRESENTATION_CONTEXT(2) 
PARAMETRIC_REPRESENTATION_CONTEXT() REPRESENTATION_CONTEXT('2D SPACE',''
  ) );
#3257 = ORIENTED_EDGE('',*,*,#3258,.F.);
#3258 = EDGE_CURVE('',#3051,#3231,#3259,.T.);
#3259 = SURFACE_CURVE('',#3260,(#3265,#3276),.PCURVE_S1.);
#3260 = CIRCLE('',#3261,1.2);
#3261 = AXIS2_PLACEMENT_3D('',#3262,#3263,#3264);
#3262 = CARTESIAN_POINT('',(-14.5,-4.8,6.8));
#3263 = DIRECTION('',(-1.,0.,-0.));
#3264 = DIRECTION('',(-0.,0.,1.));
#3265 = PCURVE('',#3059,#3266);
#3266 = DEFINITIONAL_REPRESENTATION('',(#3267),#3275);
#3267 = ( BOUNDED_CURVE() B_SPLINE_CURVE(2,(#3268,#3269,#3270,#3271,
#3272,#3273,#3274),.UNSPECIFIED.,.T.,.F.) B_SPLINE_CURVE_WITH_KNOTS((1,2
    ,2,2,2,1),(-2.094395102393,0.,2.094395102393,4.188790204786,
6.28318530718,8.377580409573),.UNSPECIFIED.) CURVE() 
GEOMETRIC_REPRESENTATION_ITEM() RATIONAL_B_SPLINE_CURVE((1.,0.5,1.,0.5,
1.,0.5,1.)) REPRESENTATION_ITEM('') );
#3268 = CARTESIAN_POINT('',(32.,-1.2));
#3269 = CARTESIAN_POINT('',(32.,-3.278460969083));
#3270 = CARTESIAN_POINT('',(30.2,-2.239230484541));
#3271 = CARTESIAN_POINT('',(28.4,-1.2));
#3272 = CARTESIAN_POINT('',(30.2,-0.160769515459));
#3273 = CARTESIAN_POINT('',(32.,0.878460969083));
#3274 = CARTESIAN_POINT('',(32.,-1.2));
#3275 = ( GEOMETRIC_REPRESENTATION_CONTEXT(2) 
PARAMETRIC_REPRESENTATION_CONTEXT() REPRESENTATION_CONTEXT('2D SPACE',''
  ) );
#3276 = PCURVE('',#3277,#3282);
#3277 = CYLINDRICAL_SURFACE('',#3278,1.2);
#3278 = AXIS2_PLACEMENT_3D('',#3279,#3280,#3281);
#3279 = CARTESIAN_POINT('',(-14.5,-4.8,6.8));
#3280 = DIRECTION('',(1.,0.,0.));
#3281 = DIRECTION('',(0.,-1.,0.));
#3282 = DEFINITIONAL_REPRESENTATION('',(#3283),#3287);
#3283 = LINE('',#3284,#3285);
#3284 = CARTESIAN_POINT('',(4.712388980385,-0.));
#3285 = VECTOR('',#3286,1.);
#3286 = DIRECTION('',(-1.,0.));
#3287 = ( GEOMETRIC_REPRESENTATION_CONTEXT(2) 
PARAMETRIC_REPRESENTATION_CONTEXT() REPRESENTATION_CONTEXT('2D SPACE',''
  ) );
#3288 = FACE_BOUND('',#3289,.F.);
#3289 = EDGE_LOOP('',(#3290));
#3290 = ORIENTED_EDGE('',*,*,#3291,.F.);
#3291 = EDGE_CURVE('',#3292,#3292,#3294,.T.);
#3292 = VERTEX_POINT('',#3293);
#3293 = CARTESIAN_POINT('',(-14.5,1.5,0.));
#3294 = SURFACE_CURVE('',#3295,(#3300,#3307),.PCURVE_S1.);
#3295 = CIRCLE('',#3296,1.5);
#3296 = AXIS2_PLACEMENT_3D('',#3297,#3298,#3299);
#3297 = CARTESIAN_POINT('',(-14.5,0.,0.));
#3298 = DIRECTION('',(1.,0.,0.));
#3299 = DIRECTION('',(0.,1.,0.));
#3300 = PCURVE('',#3059,#3301);
#3301 = DEFINITIONAL_REPRESENTATION('',(#3302),#3306);
#3302 = CIRCLE('',#3303,1.5);
#3303 = AXIS2_PLACEMENT_2D('',#3304,#3305);
#3304 = CARTESIAN_POINT('',(24.,-6.));
#3305 = DIRECTION('',(0.,-1.));
#3306 = ( GEOMETRIC_REPRESENTATION_CONTEXT(2) 
PARAMETRIC_REPRESENTATION_CONTEXT() REPRESENTATION_CONTEXT('2D SPACE',''
  ) );
#3307 = PCURVE('',#3308,#3313);
#3308 = CYLINDRICAL_SURFACE('',#3309,1.5);
#3309 = AXIS2_PLACEMENT_3D('',#3310,#3311,#3312);
#3310 = CARTESIAN_POINT('',(-14.5,0.,0.));
#3311 = DIRECTION('',(1.,0.,0.));
#3312 = DIRECTION('',(0.,1.,0.));
#3313 = DEFINITIONAL_REPRESENTATION('',(#3314),#3318);
#3314 = LINE('',#3315,#3316);
#3315 = CARTESIAN_POINT('',(0.,0.));
#3316 = VECTOR('',#3317,1.);
#3317 = DIRECTION('',(1.,0.));
#3318 = ( GEOMETRIC_REPRESENTATION_CONTEXT(2) 
PARAMETRIC_REPRESENTATION_CONTEXT() REPRESENTATION_CONTEXT('2D SPACE',''
  ) );
#3319 = ADVANCED_FACE('',(#3320),#3071,.F.);
#3320 = FACE_BOUND('',#3321,.F.);
#3321 = EDGE_LOOP('',(#3322,#3352,#3373,#3374));
#3322 = ORIENTED_EDGE('',*,*,#3323,.F.);
#3323 = EDGE_CURVE('',#3324,#3326,#3328,.T.);
#3324 = VERTEX_POINT('',#3325);
#3325 = CARTESIAN_POINT('',(13.,-6.,-22.8));
#3326 = VERTEX_POINT('',#3327);
#3327 = CARTESIAN_POINT('',(13.,-6.,6.8));
#3328 = SURFACE_CURVE('',#3329,(#3333,#3340),.PCURVE_S1.);
#3329 = LINE('',#3330,#3331);
#3330 = CARTESIAN_POINT('',(13.,-6.,-24.));
#3331 = VECTOR('',#3332,1.);
#3332 = DIRECTION('',(0.,0.,1.));
#3333 = PCURVE('',#3071,#3334);
#3334 = DEFINITIONAL_REPRESENTATION('',(#3335),#3339);
#3335 = LINE('',#3336,#3337);
#3336 = CARTESIAN_POINT('',(0.,27.5));
#3337 = VECTOR('',#3338,1.);
#3338 = DIRECTION('',(1.,0.));
#3339 = ( GEOMETRIC_REPRESENTATION_CONTEXT(2) 
PARAMETRIC_REPRESENTATION_CONTEXT() REPRESENTATION_CONTEXT('2D SPACE',''
  ) );
#3340 = PCURVE('',#3341,#3346);
#3341 = PLANE('',#3342);
#3342 = AXIS2_PLACEMENT_3D('',#3343,#3344,#3345);
#3343 = CARTESIAN_POINT('',(13.,-6.,-24.));
#3344 = DIRECTION('',(1.,0.,0.));
#3345 = DIRECTION('',(0.,0.,1.));
#3346 = DEFINITIONAL_REPRESENTATION('',(#3347),#3351);
#3347 = LINE('',#3348,#3349);
#3348 = CARTESIAN_POINT('',(0.,0.));
#3349 = VECTOR('',#3350,1.);
#3350 = DIRECTION('',(1.,0.));
#3351 = ( GEOMETRIC_REPRESENTATION_CONTEXT(2) 
PARAMETRIC_REPRESENTATION_CONTEXT() REPRESENTATION_CONTEXT('2D SPACE',''
  ) );
#3352 = ORIENTED_EDGE('',*,*,#3353,.F.);
#3353 = EDGE_CURVE('',#3049,#3324,#3354,.T.);
#3354 = SURFACE_CURVE('',#3355,(#3359,#3366),.PCURVE_S1.);
#3355 = LINE('',#3356,#3357);
#3356 = CARTESIAN_POINT('',(-14.5,-6.,-22.8));
#3357 = VECTOR('',#3358,1.);
#3358 = DIRECTION('',(1.,0.,0.));
#3359 = PCURVE('',#3071,#3360);
#3360 = DEFINITIONAL_REPRESENTATION('',(#3361),#3365);
#3361 = LINE('',#3362,#3363);
#3362 = CARTESIAN_POINT('',(1.2,0.));
#3363 = VECTOR('',#3364,1.);
#3364 = DIRECTION('',(0.,1.));
#3365 = ( GEOMETRIC_REPRESENTATION_CONTEXT(2) 
PARAMETRIC_REPRESENTATION_CONTEXT() REPRESENTATION_CONTEXT('2D SPACE',''
  ) );
#3366 = PCURVE('',#3100,#3367);
#3367 = DEFINITIONAL_REPRESENTATION('',(#3368),#3372);
#3368 = LINE('',#3369,#3370);
#3369 = CARTESIAN_POINT('',(0.,0.));
#3370 = VECTOR('',#3371,1.);
#3371 = DIRECTION('',(0.,1.));
#3372 = ( GEOMETRIC_REPRESENTATION_CONTEXT(2) 
PARAMETRIC_REPRESENTATION_CONTEXT() REPRESENTATION_CONTEXT('2D SPACE',''
  ) );
#3373 = ORIENTED_EDGE('',*,*,#3048,.T.);
#3374 = ORIENTED_EDGE('',*,*,#3375,.T.);
#3375 = EDGE_CURVE('',#3051,#3326,#3376,.T.);
#3376 = SURFACE_CURVE('',#3377,(#3381,#3388),.PCURVE_S1.);
#3377 = LINE('',#3378,#3379);
#3378 = CARTESIAN_POINT('',(-14.5,-6.,6.8));
#3379 = VECTOR('',#3380,1.);
#3380 = DIRECTION('',(1.,0.,0.));
#3381 = PCURVE('',#3071,#3382);
#3382 = DEFINITIONAL_REPRESENTATION('',(#3383),#3387);
#3383 = LINE('',#3384,#3385);
#3384 = CARTESIAN_POINT('',(30.8,0.));
#3385 = VECTOR('',#3386,1.);
#3386 = DIRECTION('',(0.,1.));
#3387 = ( GEOMETRIC_REPRESENTATION_CONTEXT(2) 
PARAMETRIC_REPRESENTATION_CONTEXT() REPRESENTATION_CONTEXT('2D SPACE',''
  ) );
#3388 = PCURVE('',#3277,#3389);
#3389 = DEFINITIONAL_REPRESENTATION('',(#3390),#3394);
#3390 = LINE('',#3391,#3392);
#3391 = CARTESIAN_POINT('',(-0.,0.));
#3392 = VECTOR('',#3393,1.);
#3393 = DIRECTION('',(-0.,1.));
#3394 = ( GEOMETRIC_REPRESENTATION_CONTEXT(2) 
PARAMETRIC_REPRESENTATION_CONTEXT() REPRESENTATION_CONTEXT('2D SPACE',''
  ) );
#3395 = ADVANCED_FACE('',(#3396),#3100,.T.);
#3396 = FACE_BOUND('',#3397,.T.);
#3397 = EDGE_LOOP('',(#3398,#3399,#3422,#3444));
#3398 = ORIENTED_EDGE('',*,*,#3083,.T.);
#3399 = ORIENTED_EDGE('',*,*,#3400,.T.);
#3400 = EDGE_CURVE('',#3084,#3401,#3403,.T.);
#3401 = VERTEX_POINT('',#3402);
#3402 = CARTESIAN_POINT('',(13.,-4.8,-24.));
#3403 = SURFACE_CURVE('',#3404,(#3408,#3415),.PCURVE_S1.);
#3404 = LINE('',#3405,#3406);
#3405 = CARTESIAN_POINT('',(-14.5,-4.8,-24.));
#3406 = VECTOR('',#3407,1.);
#3407 = DIRECTION('',(1.,0.,0.));
#3408 = PCURVE('',#3100,#3409);
#3409 = DEFINITIONAL_REPRESENTATION('',(#3410),#3414);
#3410 = LINE('',#3411,#3412);
#3411 = CARTESIAN_POINT('',(1.570796326795,0.));
#3412 = VECTOR('',#3413,1.);
#3413 = DIRECTION('',(0.,1.));
#3414 = ( GEOMETRIC_REPRESENTATION_CONTEXT(2) 
PARAMETRIC_REPRESENTATION_CONTEXT() REPRESENTATION_CONTEXT('2D SPACE',''
  ) );
#3415 = PCURVE('',#3128,#3416);
#3416 = DEFINITIONAL_REPRESENTATION('',(#3417),#3421);
#3417 = LINE('',#3418,#3419);
#3418 = CARTESIAN_POINT('',(0.,1.2));
#3419 = VECTOR('',#3420,1.);
#3420 = DIRECTION('',(1.,0.));
#3421 = ( GEOMETRIC_REPRESENTATION_CONTEXT(2) 
PARAMETRIC_REPRESENTATION_CONTEXT() REPRESENTATION_CONTEXT('2D SPACE',''
  ) );
#3422 = ORIENTED_EDGE('',*,*,#3423,.F.);
#3423 = EDGE_CURVE('',#3324,#3401,#3424,.T.);
#3424 = SURFACE_CURVE('',#3425,(#3430,#3437),.PCURVE_S1.);
#3425 = CIRCLE('',#3426,1.2);
#3426 = AXIS2_PLACEMENT_3D('',#3427,#3428,#3429);
#3427 = CARTESIAN_POINT('',(13.,-4.8,-22.8));
#3428 = DIRECTION('',(1.,0.,0.));
#3429 = DIRECTION('',(-0.,0.,1.));
#3430 = PCURVE('',#3100,#3431);
#3431 = DEFINITIONAL_REPRESENTATION('',(#3432),#3436);
#3432 = LINE('',#3433,#3434);
#3433 = CARTESIAN_POINT('',(-1.570796326795,27.5));
#3434 = VECTOR('',#3435,1.);
#3435 = DIRECTION('',(1.,0.));
#3436 = ( GEOMETRIC_REPRESENTATION_CONTEXT(2) 
PARAMETRIC_REPRESENTATION_CONTEXT() REPRESENTATION_CONTEXT('2D SPACE',''
  ) );
#3437 = PCURVE('',#3341,#3438);
#3438 = DEFINITIONAL_REPRESENTATION('',(#3439),#3443);
#3439 = CIRCLE('',#3440,1.2);
#3440 = AXIS2_PLACEMENT_2D('',#3441,#3442);
#3441 = CARTESIAN_POINT('',(1.2,-1.2));
#3442 = DIRECTION('',(1.,0.));
#3443 = ( GEOMETRIC_REPRESENTATION_CONTEXT(2) 
PARAMETRIC_REPRESENTATION_CONTEXT() REPRESENTATION_CONTEXT('2D SPACE',''
  ) );
#3444 = ORIENTED_EDGE('',*,*,#3353,.F.);
#3445 = ADVANCED_FACE('',(#3446),#3277,.T.);
#3446 = FACE_BOUND('',#3447,.F.);
#3447 = EDGE_LOOP('',(#3448,#3449,#3472,#3498));
#3448 = ORIENTED_EDGE('',*,*,#3258,.T.);
#3449 = ORIENTED_EDGE('',*,*,#3450,.T.);
#3450 = EDGE_CURVE('',#3231,#3451,#3453,.T.);
#3451 = VERTEX_POINT('',#3452);
#3452 = CARTESIAN_POINT('',(13.,-4.8,8.));
#3453 = SURFACE_CURVE('',#3454,(#3458,#3465),.PCURVE_S1.);
#3454 = LINE('',#3455,#3456);
#3455 = CARTESIAN_POINT('',(-14.5,-4.8,8.));
#3456 = VECTOR('',#3457,1.);
#3457 = DIRECTION('',(1.,0.,0.));
#3458 = PCURVE('',#3277,#3459);
#3459 = DEFINITIONAL_REPRESENTATION('',(#3460),#3464);
#3460 = LINE('',#3461,#3462);
#3461 = CARTESIAN_POINT('',(-1.570796326795,0.));
#3462 = VECTOR('',#3463,1.);
#3463 = DIRECTION('',(-0.,1.));
#3464 = ( GEOMETRIC_REPRESENTATION_CONTEXT(2) 
PARAMETRIC_REPRESENTATION_CONTEXT() REPRESENTATION_CONTEXT('2D SPACE',''
  ) );
#3465 = PCURVE('',#3246,#3466);
#3466 = DEFINITIONAL_REPRESENTATION('',(#3467),#3471);
#3467 = LINE('',#3468,#3469);
#3468 = CARTESIAN_POINT('',(0.,1.2));
#3469 = VECTOR('',#3470,1.);
#3470 = DIRECTION('',(1.,0.));
#3471 = ( GEOMETRIC_REPRESENTATION_CONTEXT(2) 
PARAMETRIC_REPRESENTATION_CONTEXT() REPRESENTATION_CONTEXT('2D SPACE',''
  ) );
#3472 = ORIENTED_EDGE('',*,*,#3473,.F.);
#3473 = EDGE_CURVE('',#3326,#3451,#3474,.T.);
#3474 = SURFACE_CURVE('',#3475,(#3480,#3487),.PCURVE_S1.);
#3475 = CIRCLE('',#3476,1.2);
#3476 = AXIS2_PLACEMENT_3D('',#3477,#3478,#3479);
#3477 = CARTESIAN_POINT('',(13.,-4.8,6.8));
#3478 = DIRECTION('',(-1.,0.,-0.));
#3479 = DIRECTION('',(-0.,0.,1.));
#3480 = PCURVE('',#3277,#3481);
#3481 = DEFINITIONAL_REPRESENTATION('',(#3482),#3486);
#3482 = LINE('',#3483,#3484);
#3483 = CARTESIAN_POINT('',(4.712388980385,27.5));
#3484 = VECTOR('',#3485,1.);
#3485 = DIRECTION('',(-1.,0.));
#3486 = ( GEOMETRIC_REPRESENTATION_CONTEXT(2) 
PARAMETRIC_REPRESENTATION_CONTEXT() REPRESENTATION_CONTEXT('2D SPACE',''
  ) );
#3487 = PCURVE('',#3341,#3488);
#3488 = DEFINITIONAL_REPRESENTATION('',(#3489),#3497);
#3489 = ( BOUNDED_CURVE() B_SPLINE_CURVE(2,(#3490,#3491,#3492,#3493,
#3494,#3495,#3496),.UNSPECIFIED.,.T.,.F.) B_SPLINE_CURVE_WITH_KNOTS((1,2
    ,2,2,2,1),(-2.094395102393,0.,2.094395102393,4.188790204786,
6.28318530718,8.377580409573),.UNSPECIFIED.) CURVE() 
GEOMETRIC_REPRESENTATION_ITEM() RATIONAL_B_SPLINE_CURVE((1.,0.5,1.,0.5,
1.,0.5,1.)) REPRESENTATION_ITEM('') );
#3490 = CARTESIAN_POINT('',(32.,-1.2));
#3491 = CARTESIAN_POINT('',(32.,-3.278460969083));
#3492 = CARTESIAN_POINT('',(30.2,-2.239230484541));
#3493 = CARTESIAN_POINT('',(28.4,-1.2));
#3494 = CARTESIAN_POINT('',(30.2,-0.160769515459));
#3495 = CARTESIAN_POINT('',(32.,0.878460969083));
#3496 = CARTESIAN_POINT('',(32.,-1.2));
#3497 = ( GEOMETRIC_REPRESENTATION_CONTEXT(2) 
PARAMETRIC_REPRESENTATION_CONTEXT() REPRESENTATION_CONTEXT('2D SPACE',''
  ) );
#3498 = ORIENTED_EDGE('',*,*,#3375,.F.);
#3499 = ADVANCED_FACE('',(#3500,#3548),#3128,.F.);
#3500 = FACE_BOUND('',#3501,.F.);
#3501 = EDGE_LOOP('',(#3502,#3503,#3504,#3527));
#3502 = ORIENTED_EDGE('',*,*,#3112,.F.);
#3503 = ORIENTED_EDGE('',*,*,#3400,.T.);
#3504 = ORIENTED_EDGE('',*,*,#3505,.T.);
#3505 = EDGE_CURVE('',#3401,#3506,#3508,.T.);
#3506 = VERTEX_POINT('',#3507);
#3507 = CARTESIAN_POINT('',(13.,4.8,-24.));
#3508 = SURFACE_CURVE('',#3509,(#3513,#3520),.PCURVE_S1.);
#3509 = LINE('',#3510,#3511);
#3510 = CARTESIAN_POINT('',(13.,-6.,-24.));
#3511 = VECTOR('',#3512,1.);
#3512 = DIRECTION('',(0.,1.,0.));
#3513 = PCURVE('',#3128,#3514);
#3514 = DEFINITIONAL_REPRESENTATION('',(#3515),#3519);
#3515 = LINE('',#3516,#3517);
#3516 = CARTESIAN_POINT('',(27.5,0.));
#3517 = VECTOR('',#3518,1.);
#3518 = DIRECTION('',(0.,1.));
#3519 = ( GEOMETRIC_REPRESENTATION_CONTEXT(2) 
PARAMETRIC_REPRESENTATION_CONTEXT() REPRESENTATION_CONTEXT('2D SPACE',''
  ) );
#3520 = PCURVE('',#3341,#3521);
#3521 = DEFINITIONAL_REPRESENTATION('',(#3522),#3526);
#3522 = LINE('',#3523,#3524);
#3523 = CARTESIAN_POINT('',(0.,0.));
#3524 = VECTOR('',#3525,1.);
#3525 = DIRECTION('',(0.,-1.));
#3526 = ( GEOMETRIC_REPRESENTATION_CONTEXT(2) 
PARAMETRIC_REPRESENTATION_CONTEXT() REPRESENTATION_CONTEXT('2D SPACE',''
  ) );
#3527 = ORIENTED_EDGE('',*,*,#3528,.F.);
#3528 = EDGE_CURVE('',#3113,#3506,#3529,.T.);
#3529 = SURFACE_CURVE('',#3530,(#3534,#3541),.PCURVE_S1.);
#3530 = LINE('',#3531,#3532);
#3531 = CARTESIAN_POINT('',(-14.5,4.8,-24.));
#3532 = VECTOR('',#3533,1.);
#3533 = DIRECTION('',(1.,0.,0.));
#3534 = PCURVE('',#3128,#3535);
#3535 = DEFINITIONAL_REPRESENTATION('',(#3536),#3540);
#3536 = LINE('',#3537,#3538);
#3537 = CARTESIAN_POINT('',(0.,10.8));
#3538 = VECTOR('',#3539,1.);
#3539 = DIRECTION('',(1.,0.));
#3540 = ( GEOMETRIC_REPRESENTATION_CONTEXT(2) 
PARAMETRIC_REPRESENTATION_CONTEXT() REPRESENTATION_CONTEXT('2D SPACE',''
  ) );
#3541 = PCURVE('',#3161,#3542);
#3542 = DEFINITIONAL_REPRESENTATION('',(#3543),#3547);
#3543 = LINE('',#3544,#3545);
#3544 = CARTESIAN_POINT('',(-1.570796326795,0.));
#3545 = VECTOR('',#3546,1.);
#3546 = DIRECTION('',(-0.,1.));
#3547 = ( GEOMETRIC_REPRESENTATION_CONTEXT(2) 
PARAMETRIC_REPRESENTATION_CONTEXT() REPRESENTATION_CONTEXT('2D SPACE',''
  ) );
#3548 = FACE_BOUND('',#3549,.F.);
#3549 = EDGE_LOOP('',(#3550,#3580,#3608,#3636));
#3550 = ORIENTED_EDGE('',*,*,#3551,.T.);
#3551 = EDGE_CURVE('',#3552,#3554,#3556,.T.);
#3552 = VERTEX_POINT('',#3553);
#3553 = CARTESIAN_POINT('',(-13.5,-4.,-24.));
#3554 = VERTEX_POINT('',#3555);
#3555 = CARTESIAN_POINT('',(-13.5,4.,-24.));
#3556 = SURFACE_CURVE('',#3557,(#3561,#3568),.PCURVE_S1.);
#3557 = LINE('',#3558,#3559);
#3558 = CARTESIAN_POINT('',(-13.5,-4.,-24.));
#3559 = VECTOR('',#3560,1.);
#3560 = DIRECTION('',(0.,1.,0.));
#3561 = PCURVE('',#3128,#3562);
#3562 = DEFINITIONAL_REPRESENTATION('',(#3563),#3567);
#3563 = LINE('',#3564,#3565);
#3564 = CARTESIAN_POINT('',(1.,2.));
#3565 = VECTOR('',#3566,1.);
#3566 = DIRECTION('',(0.,1.));
#3567 = ( GEOMETRIC_REPRESENTATION_CONTEXT(2) 
PARAMETRIC_REPRESENTATION_CONTEXT() REPRESENTATION_CONTEXT('2D SPACE',''
  ) );
#3568 = PCURVE('',#3569,#3574);
#3569 = PLANE('',#3570);
#3570 = AXIS2_PLACEMENT_3D('',#3571,#3572,#3573);
#3571 = CARTESIAN_POINT('',(-13.5,-4.,-27.));
#3572 = DIRECTION('',(1.,0.,0.));
#3573 = DIRECTION('',(0.,0.,1.));
#3574 = DEFINITIONAL_REPRESENTATION('',(#3575),#3579);
#3575 = LINE('',#3576,#3577);
#3576 = CARTESIAN_POINT('',(3.,0.));
#3577 = VECTOR('',#3578,1.);
#3578 = DIRECTION('',(0.,-1.));
#3579 = ( GEOMETRIC_REPRESENTATION_CONTEXT(2) 
PARAMETRIC_REPRESENTATION_CONTEXT() REPRESENTATION_CONTEXT('2D SPACE',''
  ) );
#3580 = ORIENTED_EDGE('',*,*,#3581,.T.);
#3581 = EDGE_CURVE('',#3554,#3582,#3584,.T.);
#3582 = VERTEX_POINT('',#3583);
#3583 = CARTESIAN_POINT('',(-7.5,4.,-24.));
#3584 = SURFACE_CURVE('',#3585,(#3589,#3596),.PCURVE_S1.);
#3585 = LINE('',#3586,#3587);
#3586 = CARTESIAN_POINT('',(-13.5,4.,-24.));
#3587 = VECTOR('',#3588,1.);
#3588 = DIRECTION('',(1.,0.,0.));
#3589 = PCURVE('',#3128,#3590);
#3590 = DEFINITIONAL_REPRESENTATION('',(#3591),#3595);
#3591 = LINE('',#3592,#3593);
#3592 = CARTESIAN_POINT('',(1.,10.));
#3593 = VECTOR('',#3594,1.);
#3594 = DIRECTION('',(1.,0.));
#3595 = ( GEOMETRIC_REPRESENTATION_CONTEXT(2) 
PARAMETRIC_REPRESENTATION_CONTEXT() REPRESENTATION_CONTEXT('2D SPACE',''
  ) );
#3596 = PCURVE('',#3597,#3602);
#3597 = PLANE('',#3598);
#3598 = AXIS2_PLACEMENT_3D('',#3599,#3600,#3601);
#3599 = CARTESIAN_POINT('',(-13.5,4.,-27.));
#3600 = DIRECTION('',(0.,1.,0.));
#3601 = DIRECTION('',(0.,0.,1.));
#3602 = DEFINITIONAL_REPRESENTATION('',(#3603),#3607);
#3603 = LINE('',#3604,#3605);
#3604 = CARTESIAN_POINT('',(3.,0.));
#3605 = VECTOR('',#3606,1.);
#3606 = DIRECTION('',(0.,1.));
#3607 = ( GEOMETRIC_REPRESENTATION_CONTEXT(2) 
PARAMETRIC_REPRESENTATION_CONTEXT() REPRESENTATION_CONTEXT('2D SPACE',''
  ) );
#3608 = ORIENTED_EDGE('',*,*,#3609,.F.);
#3609 = EDGE_CURVE('',#3610,#3582,#3612,.T.);
#3610 = VERTEX_POINT('',#3611);
#3611 = CARTESIAN_POINT('',(-7.5,-4.,-24.));
#3612 = SURFACE_CURVE('',#3613,(#3617,#3624),.PCURVE_S1.);
#3613 = LINE('',#3614,#3615);
#3614 = CARTESIAN_POINT('',(-7.5,-4.,-24.));
#3615 = VECTOR('',#3616,1.);
#3616 = DIRECTION('',(0.,1.,0.));
#3617 = PCURVE('',#3128,#3618);
#3618 = DEFINITIONAL_REPRESENTATION('',(#3619),#3623);
#3619 = LINE('',#3620,#3621);
#3620 = CARTESIAN_POINT('',(7.,2.));
#3621 = VECTOR('',#3622,1.);
#3622 = DIRECTION('',(0.,1.));
#3623 = ( GEOMETRIC_REPRESENTATION_CONTEXT(2) 
PARAMETRIC_REPRESENTATION_CONTEXT() REPRESENTATION_CONTEXT('2D SPACE',''
  ) );
#3624 = PCURVE('',#3625,#3630);
#3625 = PLANE('',#3626);
#3626 = AXIS2_PLACEMENT_3D('',#3627,#3628,#3629);
#3627 = CARTESIAN_POINT('',(-7.5,-4.,-27.));
#3628 = DIRECTION('',(1.,0.,0.));
#3629 = DIRECTION('',(0.,0.,1.));
#3630 = DEFINITIONAL_REPRESENTATION('',(#3631),#3635);
#3631 = LINE('',#3632,#3633);
#3632 = CARTESIAN_POINT('',(3.,0.));
#3633 = VECTOR('',#3634,1.);
#3634 = DIRECTION('',(0.,-1.));
#3635 = ( GEOMETRIC_REPRESENTATION_CONTEXT(2) 
PARAMETRIC_REPRESENTATION_CONTEXT() REPRESENTATION_CONTEXT('2D SPACE',''
  ) );
#3636 = ORIENTED_EDGE('',*,*,#3637,.F.);
#3637 = EDGE_CURVE('',#3552,#3610,#3638,.T.);
#3638 = SURFACE_CURVE('',#3639,(#3643,#3650),.PCURVE_S1.);
#3639 = LINE('',#3640,#3641);
#3640 = CARTESIAN_POINT('',(-13.5,-4.,-24.));
#3641 = VECTOR('',#3642,1.);
#3642 = DIRECTION('',(1.,0.,0.));
#3643 = PCURVE('',#3128,#3644);
#3644 = DEFINITIONAL_REPRESENTATION('',(#3645),#3649);
#3645 = LINE('',#3646,#3647);
#3646 = CARTESIAN_POINT('',(1.,2.));
#3647 = VECTOR('',#3648,1.);
#3648 = DIRECTION('',(1.,0.));
#3649 = ( GEOMETRIC_REPRESENTATION_CONTEXT(2) 
PARAMETRIC_REPRESENTATION_CONTEXT() REPRESENTATION_CONTEXT('2D SPACE',''
  ) );
#3650 = PCURVE('',#3651,#3656);
#3651 = PLANE('',#3652);
#3652 = AXIS2_PLACEMENT_3D('',#3653,#3654,#3655);
#3653 = CARTESIAN_POINT('',(-13.5,-4.,-27.));
#3654 = DIRECTION('',(0.,1.,0.));
#3655 = DIRECTION('',(0.,0.,1.));
#3656 = DEFINITIONAL_REPRESENTATION('',(#3657),#3661);
#3657 = LINE('',#3658,#3659);
#3658 = CARTESIAN_POINT('',(3.,0.));
#3659 = VECTOR('',#3660,1.);
#3660 = DIRECTION('',(0.,1.));
#3661 = ( GEOMETRIC_REPRESENTATION_CONTEXT(2) 
PARAMETRIC_REPRESENTATION_CONTEXT() REPRESENTATION_CONTEXT('2D SPACE',''
  ) );
#3662 = ADVANCED_FACE('',(#3663),#3246,.T.);
#3663 = FACE_BOUND('',#3664,.T.);
#3664 = EDGE_LOOP('',(#3665,#3666,#3667,#3690));
#3665 = ORIENTED_EDGE('',*,*,#3230,.F.);
#3666 = ORIENTED_EDGE('',*,*,#3450,.T.);
#3667 = ORIENTED_EDGE('',*,*,#3668,.T.);
#3668 = EDGE_CURVE('',#3451,#3669,#3671,.T.);
#3669 = VERTEX_POINT('',#3670);
#3670 = CARTESIAN_POINT('',(13.,4.8,8.));
#3671 = SURFACE_CURVE('',#3672,(#3676,#3683),.PCURVE_S1.);
#3672 = LINE('',#3673,#3674);
#3673 = CARTESIAN_POINT('',(13.,-6.,8.));
#3674 = VECTOR('',#3675,1.);
#3675 = DIRECTION('',(0.,1.,0.));
#3676 = PCURVE('',#3246,#3677);
#3677 = DEFINITIONAL_REPRESENTATION('',(#3678),#3682);
#3678 = LINE('',#3679,#3680);
#3679 = CARTESIAN_POINT('',(27.5,0.));
#3680 = VECTOR('',#3681,1.);
#3681 = DIRECTION('',(0.,1.));
#3682 = ( GEOMETRIC_REPRESENTATION_CONTEXT(2) 
PARAMETRIC_REPRESENTATION_CONTEXT() REPRESENTATION_CONTEXT('2D SPACE',''
  ) );
#3683 = PCURVE('',#3341,#3684);
#3684 = DEFINITIONAL_REPRESENTATION('',(#3685),#3689);
#3685 = LINE('',#3686,#3687);
#3686 = CARTESIAN_POINT('',(32.,0.));
#3687 = VECTOR('',#3688,1.);
#3688 = DIRECTION('',(0.,-1.));
#3689 = ( GEOMETRIC_REPRESENTATION_CONTEXT(2) 
PARAMETRIC_REPRESENTATION_CONTEXT() REPRESENTATION_CONTEXT('2D SPACE',''
  ) );
#3690 = ORIENTED_EDGE('',*,*,#3691,.F.);
#3691 = EDGE_CURVE('',#3202,#3669,#3692,.T.);
#3692 = SURFACE_CURVE('',#3693,(#3697,#3704),.PCURVE_S1.);
#3693 = LINE('',#3694,#3695);
#3694 = CARTESIAN_POINT('',(-14.5,4.8,8.));
#3695 = VECTOR('',#3696,1.);
#3696 = DIRECTION('',(1.,0.,0.));
#3697 = PCURVE('',#3246,#3698);
#3698 = DEFINITIONAL_REPRESENTATION('',(#3699),#3703);
#3699 = LINE('',#3700,#3701);
#3700 = CARTESIAN_POINT('',(0.,10.8));
#3701 = VECTOR('',#3702,1.);
#3702 = DIRECTION('',(1.,0.));
#3703 = ( GEOMETRIC_REPRESENTATION_CONTEXT(2) 
PARAMETRIC_REPRESENTATION_CONTEXT() REPRESENTATION_CONTEXT('2D SPACE',''
  ) );
#3704 = PCURVE('',#3218,#3705);
#3705 = DEFINITIONAL_REPRESENTATION('',(#3706),#3710);
#3706 = LINE('',#3707,#3708);
#3707 = CARTESIAN_POINT('',(1.570796326795,0.));
#3708 = VECTOR('',#3709,1.);
#3709 = DIRECTION('',(0.,1.));
#3710 = ( GEOMETRIC_REPRESENTATION_CONTEXT(2) 
PARAMETRIC_REPRESENTATION_CONTEXT() REPRESENTATION_CONTEXT('2D SPACE',''
  ) );
#3711 = ADVANCED_FACE('',(#3712),#3161,.T.);
#3712 = FACE_BOUND('',#3713,.F.);
#3713 = EDGE_LOOP('',(#3714,#3715,#3716,#3744));
#3714 = ORIENTED_EDGE('',*,*,#3140,.T.);
#3715 = ORIENTED_EDGE('',*,*,#3528,.T.);
#3716 = ORIENTED_EDGE('',*,*,#3717,.F.);
#3717 = EDGE_CURVE('',#3718,#3506,#3720,.T.);
#3718 = VERTEX_POINT('',#3719);
#3719 = CARTESIAN_POINT('',(13.,6.,-22.8));
#3720 = SURFACE_CURVE('',#3721,(#3726,#3733),.PCURVE_S1.);
#3721 = CIRCLE('',#3722,1.2);
#3722 = AXIS2_PLACEMENT_3D('',#3723,#3724,#3725);
#3723 = CARTESIAN_POINT('',(13.,4.8,-22.8));
#3724 = DIRECTION('',(-1.,0.,-0.));
#3725 = DIRECTION('',(-0.,0.,1.));
#3726 = PCURVE('',#3161,#3727);
#3727 = DEFINITIONAL_REPRESENTATION('',(#3728),#3732);
#3728 = LINE('',#3729,#3730);
#3729 = CARTESIAN_POINT('',(1.570796326795,27.5));
#3730 = VECTOR('',#3731,1.);
#3731 = DIRECTION('',(-1.,0.));
#3732 = ( GEOMETRIC_REPRESENTATION_CONTEXT(2) 
PARAMETRIC_REPRESENTATION_CONTEXT() REPRESENTATION_CONTEXT('2D SPACE',''
  ) );
#3733 = PCURVE('',#3341,#3734);
#3734 = DEFINITIONAL_REPRESENTATION('',(#3735),#3743);
#3735 = ( BOUNDED_CURVE() B_SPLINE_CURVE(2,(#3736,#3737,#3738,#3739,
#3740,#3741,#3742),.UNSPECIFIED.,.T.,.F.) B_SPLINE_CURVE_WITH_KNOTS((1,2
    ,2,2,2,1),(-2.094395102393,0.,2.094395102393,4.188790204786,
6.28318530718,8.377580409573),.UNSPECIFIED.) CURVE() 
GEOMETRIC_REPRESENTATION_ITEM() RATIONAL_B_SPLINE_CURVE((1.,0.5,1.,0.5,
1.,0.5,1.)) REPRESENTATION_ITEM('') );
#3736 = CARTESIAN_POINT('',(2.4,-10.8));
#3737 = CARTESIAN_POINT('',(2.4,-12.87846096908));
#3738 = CARTESIAN_POINT('',(0.6,-11.83923048454));
#3739 = CARTESIAN_POINT('',(-1.2,-10.8));
#3740 = CARTESIAN_POINT('',(0.6,-9.760769515459));
#3741 = CARTESIAN_POINT('',(2.4,-8.721539030917));
#3742 = CARTESIAN_POINT('',(2.4,-10.8));
#3743 = ( GEOMETRIC_REPRESENTATION_CONTEXT(2) 
PARAMETRIC_REPRESENTATION_CONTEXT() REPRESENTATION_CONTEXT('2D SPACE',''
  ) );
#3744 = ORIENTED_EDGE('',*,*,#3745,.F.);
#3745 = EDGE_CURVE('',#3141,#3718,#3746,.T.);
#3746 = SURFACE_CURVE('',#3747,(#3751,#3758),.PCURVE_S1.);
#3747 = LINE('',#3748,#3749);
#3748 = CARTESIAN_POINT('',(-14.5,6.,-22.8));
#3749 = VECTOR('',#3750,1.);
#3750 = DIRECTION('',(1.,0.,0.));
#3751 = PCURVE('',#3161,#3752);
#3752 = DEFINITIONAL_REPRESENTATION('',(#3753),#3757);
#3753 = LINE('',#3754,#3755);
#3754 = CARTESIAN_POINT('',(-0.,0.));
#3755 = VECTOR('',#3756,1.);
#3756 = DIRECTION('',(-0.,1.));
#3757 = ( GEOMETRIC_REPRESENTATION_CONTEXT(2) 
PARAMETRIC_REPRESENTATION_CONTEXT() REPRESENTATION_CONTEXT('2D SPACE',''
  ) );
#3758 = PCURVE('',#3189,#3759);
#3759 = DEFINITIONAL_REPRESENTATION('',(#3760),#3764);
#3760 = LINE('',#3761,#3762);
#3761 = CARTESIAN_POINT('',(1.2,0.));
#3762 = VECTOR('',#3763,1.);
#3763 = DIRECTION('',(0.,1.));
#3764 = ( GEOMETRIC_REPRESENTATION_CONTEXT(2) 
PARAMETRIC_REPRESENTATION_CONTEXT() REPRESENTATION_CONTEXT('2D SPACE',''
  ) );
#3765 = ADVANCED_FACE('',(#3766),#3218,.T.);
#3766 = FACE_BOUND('',#3767,.T.);
#3767 = EDGE_LOOP('',(#3768,#3769,#3770,#3794));
#3768 = ORIENTED_EDGE('',*,*,#3201,.T.);
#3769 = ORIENTED_EDGE('',*,*,#3691,.T.);
#3770 = ORIENTED_EDGE('',*,*,#3771,.F.);
#3771 = EDGE_CURVE('',#3772,#3669,#3774,.T.);
#3772 = VERTEX_POINT('',#3773);
#3773 = CARTESIAN_POINT('',(13.,6.,6.8));
#3774 = SURFACE_CURVE('',#3775,(#3780,#3787),.PCURVE_S1.);
#3775 = CIRCLE('',#3776,1.2);
#3776 = AXIS2_PLACEMENT_3D('',#3777,#3778,#3779);
#3777 = CARTESIAN_POINT('',(13.,4.8,6.8));
#3778 = DIRECTION('',(1.,0.,0.));
#3779 = DIRECTION('',(-0.,0.,1.));
#3780 = PCURVE('',#3218,#3781);
#3781 = DEFINITIONAL_REPRESENTATION('',(#3782),#3786);
#3782 = LINE('',#3783,#3784);
#3783 = CARTESIAN_POINT('',(-4.712388980385,27.5));
#3784 = VECTOR('',#3785,1.);
#3785 = DIRECTION('',(1.,0.));
#3786 = ( GEOMETRIC_REPRESENTATION_CONTEXT(2) 
PARAMETRIC_REPRESENTATION_CONTEXT() REPRESENTATION_CONTEXT('2D SPACE',''
  ) );
#3787 = PCURVE('',#3341,#3788);
#3788 = DEFINITIONAL_REPRESENTATION('',(#3789),#3793);
#3789 = CIRCLE('',#3790,1.2);
#3790 = AXIS2_PLACEMENT_2D('',#3791,#3792);
#3791 = CARTESIAN_POINT('',(30.8,-10.8));
#3792 = DIRECTION('',(1.,0.));
#3793 = ( GEOMETRIC_REPRESENTATION_CONTEXT(2) 
PARAMETRIC_REPRESENTATION_CONTEXT() REPRESENTATION_CONTEXT('2D SPACE',''
  ) );
#3794 = ORIENTED_EDGE('',*,*,#3795,.F.);
#3795 = EDGE_CURVE('',#3174,#3772,#3796,.T.);
#3796 = SURFACE_CURVE('',#3797,(#3801,#3808),.PCURVE_S1.);
#3797 = LINE('',#3798,#3799);
#3798 = CARTESIAN_POINT('',(-14.5,6.,6.8));
#3799 = VECTOR('',#3800,1.);
#3800 = DIRECTION('',(1.,0.,0.));
#3801 = PCURVE('',#3218,#3802);
#3802 = DEFINITIONAL_REPRESENTATION('',(#3803),#3807);
#3803 = LINE('',#3804,#3805);
#3804 = CARTESIAN_POINT('',(0.,0.));
#3805 = VECTOR('',#3806,1.);
#3806 = DIRECTION('',(0.,1.));
#3807 = ( GEOMETRIC_REPRESENTATION_CONTEXT(2) 
PARAMETRIC_REPRESENTATION_CONTEXT() REPRESENTATION_CONTEXT('2D SPACE',''
  ) );
#3808 = PCURVE('',#3189,#3809);
#3809 = DEFINITIONAL_REPRESENTATION('',(#3810),#3814);
#3810 = LINE('',#3811,#3812);
#3811 = CARTESIAN_POINT('',(30.8,0.));
#3812 = VECTOR('',#3813,1.);
#3813 = DIRECTION('',(0.,1.));
#3814 = ( GEOMETRIC_REPRESENTATION_CONTEXT(2) 
PARAMETRIC_REPRESENTATION_CONTEXT() REPRESENTATION_CONTEXT('2D SPACE',''
  ) );
#3815 = ADVANCED_FACE('',(#3816),#3189,.T.);
#3816 = FACE_BOUND('',#3817,.T.);
#3817 = EDGE_LOOP('',(#3818,#3839,#3840,#3841));
#3818 = ORIENTED_EDGE('',*,*,#3819,.F.);
#3819 = EDGE_CURVE('',#3718,#3772,#3820,.T.);
#3820 = SURFACE_CURVE('',#3821,(#3825,#3832),.PCURVE_S1.);
#3821 = LINE('',#3822,#3823);
#3822 = CARTESIAN_POINT('',(13.,6.,-24.));
#3823 = VECTOR('',#3824,1.);
#3824 = DIRECTION('',(0.,0.,1.));
#3825 = PCURVE('',#3189,#3826);
#3826 = DEFINITIONAL_REPRESENTATION('',(#3827),#3831);
#3827 = LINE('',#3828,#3829);
#3828 = CARTESIAN_POINT('',(0.,27.5));
#3829 = VECTOR('',#3830,1.);
#3830 = DIRECTION('',(1.,0.));
#3831 = ( GEOMETRIC_REPRESENTATION_CONTEXT(2) 
PARAMETRIC_REPRESENTATION_CONTEXT() REPRESENTATION_CONTEXT('2D SPACE',''
  ) );
#3832 = PCURVE('',#3341,#3833);
#3833 = DEFINITIONAL_REPRESENTATION('',(#3834),#3838);
#3834 = LINE('',#3835,#3836);
#3835 = CARTESIAN_POINT('',(0.,-12.));
#3836 = VECTOR('',#3837,1.);
#3837 = DIRECTION('',(1.,0.));
#3838 = ( GEOMETRIC_REPRESENTATION_CONTEXT(2) 
PARAMETRIC_REPRESENTATION_CONTEXT() REPRESENTATION_CONTEXT('2D SPACE',''
  ) );
#3839 = ORIENTED_EDGE('',*,*,#3745,.F.);
#3840 = ORIENTED_EDGE('',*,*,#3173,.T.);
#3841 = ORIENTED_EDGE('',*,*,#3795,.T.);
#3842 = ADVANCED_FACE('',(#3843),#3308,.T.);
#3843 = FACE_BOUND('',#3844,.T.);
#3844 = EDGE_LOOP('',(#3845,#3868,#3895,#3896));
#3845 = ORIENTED_EDGE('',*,*,#3846,.T.);
#3846 = EDGE_CURVE('',#3292,#3847,#3849,.T.);
#3847 = VERTEX_POINT('',#3848);
#3848 = CARTESIAN_POINT('',(-19.5,1.5,0.));
#3849 = SEAM_CURVE('',#3850,(#3854,#3861),.PCURVE_S1.);
#3850 = LINE('',#3851,#3852);
#3851 = CARTESIAN_POINT('',(-14.5,1.5,0.));
#3852 = VECTOR('',#3853,1.);
#3853 = DIRECTION('',(-1.,-0.,-0.));
#3854 = PCURVE('',#3308,#3855);
#3855 = DEFINITIONAL_REPRESENTATION('',(#3856),#3860);
#3856 = LINE('',#3857,#3858);
#3857 = CARTESIAN_POINT('',(0.,0.));
#3858 = VECTOR('',#3859,1.);
#3859 = DIRECTION('',(0.,-1.));
#3860 = ( GEOMETRIC_REPRESENTATION_CONTEXT(2) 
PARAMETRIC_REPRESENTATION_CONTEXT() REPRESENTATION_CONTEXT('2D SPACE',''
  ) );
#3861 = PCURVE('',#3308,#3862);
#3862 = DEFINITIONAL_REPRESENTATION('',(#3863),#3867);
#3863 = LINE('',#3864,#3865);
#3864 = CARTESIAN_POINT('',(6.28318530718,0.));
#3865 = VECTOR('',#3866,1.);
#3866 = DIRECTION('',(0.,-1.));
#3867 = ( GEOMETRIC_REPRESENTATION_CONTEXT(2) 
PARAMETRIC_REPRESENTATION_CONTEXT() REPRESENTATION_CONTEXT('2D SPACE',''
  ) );
#3868 = ORIENTED_EDGE('',*,*,#3869,.T.);
#3869 = EDGE_CURVE('',#3847,#3847,#3870,.T.);
#3870 = SURFACE_CURVE('',#3871,(#3876,#3883),.PCURVE_S1.);
#3871 = CIRCLE('',#3872,1.5);
#3872 = AXIS2_PLACEMENT_3D('',#3873,#3874,#3875);
#3873 = CARTESIAN_POINT('',(-19.5,0.,0.));
#3874 = DIRECTION('',(1.,0.,0.));
#3875 = DIRECTION('',(0.,1.,0.));
#3876 = PCURVE('',#3308,#3877);
#3877 = DEFINITIONAL_REPRESENTATION('',(#3878),#3882);
#3878 = LINE('',#3879,#3880);
#3879 = CARTESIAN_POINT('',(0.,-5.));
#3880 = VECTOR('',#3881,1.);
#3881 = DIRECTION('',(1.,0.));
#3882 = ( GEOMETRIC_REPRESENTATION_CONTEXT(2) 
PARAMETRIC_REPRESENTATION_CONTEXT() REPRESENTATION_CONTEXT('2D SPACE',''
  ) );
#3883 = PCURVE('',#3884,#3889);
#3884 = PLANE('',#3885);
#3885 = AXIS2_PLACEMENT_3D('',#3886,#3887,#3888);
#3886 = CARTESIAN_POINT('',(-19.5,-8.546500828371E-17,
    -4.255667768225E-18));
#3887 = DIRECTION('',(1.,0.,0.));
#3888 = DIRECTION('',(-0.,0.,1.));
#3889 = DEFINITIONAL_REPRESENTATION('',(#3890),#3894);
#3890 = CIRCLE('',#3891,1.5);
#3891 = AXIS2_PLACEMENT_2D('',#3892,#3893);
#3892 = CARTESIAN_POINT('',(4.255667768225E-18,-8.546500828371E-17));
#3893 = DIRECTION('',(0.,-1.));
#3894 = ( GEOMETRIC_REPRESENTATION_CONTEXT(2) 
PARAMETRIC_REPRESENTATION_CONTEXT() REPRESENTATION_CONTEXT('2D SPACE',''
  ) );
#3895 = ORIENTED_EDGE('',*,*,#3846,.F.);
#3896 = ORIENTED_EDGE('',*,*,#3291,.F.);
#3897 = ADVANCED_FACE('',(#3898,#3908),#3341,.T.);
#3898 = FACE_BOUND('',#3899,.T.);
#3899 = EDGE_LOOP('',(#3900,#3901,#3902,#3903,#3904,#3905,#3906,#3907));
#3900 = ORIENTED_EDGE('',*,*,#3323,.F.);
#3901 = ORIENTED_EDGE('',*,*,#3423,.T.);
#3902 = ORIENTED_EDGE('',*,*,#3505,.T.);
#3903 = ORIENTED_EDGE('',*,*,#3717,.F.);
#3904 = ORIENTED_EDGE('',*,*,#3819,.T.);
#3905 = ORIENTED_EDGE('',*,*,#3771,.T.);
#3906 = ORIENTED_EDGE('',*,*,#3668,.F.);
#3907 = ORIENTED_EDGE('',*,*,#3473,.F.);
#3908 = FACE_BOUND('',#3909,.T.);
#3909 = EDGE_LOOP('',(#3910));
#3910 = ORIENTED_EDGE('',*,*,#3911,.F.);
#3911 = EDGE_CURVE('',#3912,#3912,#3914,.T.);
#3912 = VERTEX_POINT('',#3913);
#3913 = CARTESIAN_POINT('',(13.,2.9,0.));
#3914 = SURFACE_CURVE('',#3915,(#3920,#3927),.PCURVE_S1.);
#3915 = CIRCLE('',#3916,2.9);
#3916 = AXIS2_PLACEMENT_3D('',#3917,#3918,#3919);
#3917 = CARTESIAN_POINT('',(13.,0.,0.));
#3918 = DIRECTION('',(1.,0.,0.));
#3919 = DIRECTION('',(0.,1.,0.));
#3920 = PCURVE('',#3341,#3921);
#3921 = DEFINITIONAL_REPRESENTATION('',(#3922),#3926);
#3922 = CIRCLE('',#3923,2.9);
#3923 = AXIS2_PLACEMENT_2D('',#3924,#3925);
#3924 = CARTESIAN_POINT('',(24.,-6.));
#3925 = DIRECTION('',(0.,-1.));
#3926 = ( GEOMETRIC_REPRESENTATION_CONTEXT(2) 
PARAMETRIC_REPRESENTATION_CONTEXT() REPRESENTATION_CONTEXT('2D SPACE',''
  ) );
#3927 = PCURVE('',#3928,#3933);
#3928 = CYLINDRICAL_SURFACE('',#3929,2.9);
#3929 = AXIS2_PLACEMENT_3D('',#3930,#3931,#3932);
#3930 = CARTESIAN_POINT('',(13.,0.,0.));
#3931 = DIRECTION('',(-1.,-0.,-0.));
#3932 = DIRECTION('',(0.,1.,0.));
#3933 = DEFINITIONAL_REPRESENTATION('',(#3934),#3938);
#3934 = LINE('',#3935,#3936);
#3935 = CARTESIAN_POINT('',(-0.,0.));
#3936 = VECTOR('',#3937,1.);
#3937 = DIRECTION('',(-1.,0.));
#3938 = ( GEOMETRIC_REPRESENTATION_CONTEXT(2) 
PARAMETRIC_REPRESENTATION_CONTEXT() REPRESENTATION_CONTEXT('2D SPACE',''
  ) );
#3939 = ADVANCED_FACE('',(#3940),#3569,.F.);
#3940 = FACE_BOUND('',#3941,.F.);
#3941 = EDGE_LOOP('',(#3942,#3965,#3993,#4014));
#3942 = ORIENTED_EDGE('',*,*,#3943,.F.);
#3943 = EDGE_CURVE('',#3944,#3552,#3946,.T.);
#3944 = VERTEX_POINT('',#3945);
#3945 = CARTESIAN_POINT('',(-13.5,-4.,-27.));
#3946 = SURFACE_CURVE('',#3947,(#3951,#3958),.PCURVE_S1.);
#3947 = LINE('',#3948,#3949);
#3948 = CARTESIAN_POINT('',(-13.5,-4.,-27.));
#3949 = VECTOR('',#3950,1.);
#3950 = DIRECTION('',(0.,0.,1.));
#3951 = PCURVE('',#3569,#3952);
#3952 = DEFINITIONAL_REPRESENTATION('',(#3953),#3957);
#3953 = LINE('',#3954,#3955);
#3954 = CARTESIAN_POINT('',(0.,0.));
#3955 = VECTOR('',#3956,1.);
#3956 = DIRECTION('',(1.,0.));
#3957 = ( GEOMETRIC_REPRESENTATION_CONTEXT(2) 
PARAMETRIC_REPRESENTATION_CONTEXT() REPRESENTATION_CONTEXT('2D SPACE',''
  ) );
#3958 = PCURVE('',#3651,#3959);
#3959 = DEFINITIONAL_REPRESENTATION('',(#3960),#3964);
#3960 = LINE('',#3961,#3962);
#3961 = CARTESIAN_POINT('',(0.,0.));
#3962 = VECTOR('',#3963,1.);
#3963 = DIRECTION('',(1.,0.));
#3964 = ( GEOMETRIC_REPRESENTATION_CONTEXT(2) 
PARAMETRIC_REPRESENTATION_CONTEXT() REPRESENTATION_CONTEXT('2D SPACE',''
  ) );
#3965 = ORIENTED_EDGE('',*,*,#3966,.T.);
#3966 = EDGE_CURVE('',#3944,#3967,#3969,.T.);
#3967 = VERTEX_POINT('',#3968);
#3968 = CARTESIAN_POINT('',(-13.5,4.,-27.));
#3969 = SURFACE_CURVE('',#3970,(#3974,#3981),.PCURVE_S1.);
#3970 = LINE('',#3971,#3972);
#3971 = CARTESIAN_POINT('',(-13.5,-4.,-27.));
#3972 = VECTOR('',#3973,1.);
#3973 = DIRECTION('',(0.,1.,0.));
#3974 = PCURVE('',#3569,#3975);
#3975 = DEFINITIONAL_REPRESENTATION('',(#3976),#3980);
#3976 = LINE('',#3977,#3978);
#3977 = CARTESIAN_POINT('',(0.,0.));
#3978 = VECTOR('',#3979,1.);
#3979 = DIRECTION('',(0.,-1.));
#3980 = ( GEOMETRIC_REPRESENTATION_CONTEXT(2) 
PARAMETRIC_REPRESENTATION_CONTEXT() REPRESENTATION_CONTEXT('2D SPACE',''
  ) );
#3981 = PCURVE('',#3982,#3987);
#3982 = PLANE('',#3983);
#3983 = AXIS2_PLACEMENT_3D('',#3984,#3985,#3986);
#3984 = CARTESIAN_POINT('',(-13.5,-4.,-27.));
#3985 = DIRECTION('',(0.,0.,1.));
#3986 = DIRECTION('',(1.,0.,0.));
#3987 = DEFINITIONAL_REPRESENTATION('',(#3988),#3992);
#3988 = LINE('',#3989,#3990);
#3989 = CARTESIAN_POINT('',(0.,0.));
#3990 = VECTOR('',#3991,1.);
#3991 = DIRECTION('',(0.,1.));
#3992 = ( GEOMETRIC_REPRESENTATION_CONTEXT(2) 
PARAMETRIC_REPRESENTATION_CONTEXT() REPRESENTATION_CONTEXT('2D SPACE',''
  ) );
#3993 = ORIENTED_EDGE('',*,*,#3994,.T.);
#3994 = EDGE_CURVE('',#3967,#3554,#3995,.T.);
#3995 = SURFACE_CURVE('',#3996,(#4000,#4007),.PCURVE_S1.);
#3996 = LINE('',#3997,#3998);
#3997 = CARTESIAN_POINT('',(-13.5,4.,-27.));
#3998 = VECTOR('',#3999,1.);
#3999 = DIRECTION('',(0.,0.,1.));
#4000 = PCURVE('',#3569,#4001);
#4001 = DEFINITIONAL_REPRESENTATION('',(#4002),#4006);
#4002 = LINE('',#4003,#4004);
#4003 = CARTESIAN_POINT('',(0.,-8.));
#4004 = VECTOR('',#4005,1.);
#4005 = DIRECTION('',(1.,0.));
#4006 = ( GEOMETRIC_REPRESENTATION_CONTEXT(2) 
PARAMETRIC_REPRESENTATION_CONTEXT() REPRESENTATION_CONTEXT('2D SPACE',''
  ) );
#4007 = PCURVE('',#3597,#4008);
#4008 = DEFINITIONAL_REPRESENTATION('',(#4009),#4013);
#4009 = LINE('',#4010,#4011);
#4010 = CARTESIAN_POINT('',(0.,0.));
#4011 = VECTOR('',#4012,1.);
#4012 = DIRECTION('',(1.,0.));
#4013 = ( GEOMETRIC_REPRESENTATION_CONTEXT(2) 
PARAMETRIC_REPRESENTATION_CONTEXT() REPRESENTATION_CONTEXT('2D SPACE',''
  ) );
#4014 = ORIENTED_EDGE('',*,*,#3551,.F.);
#4015 = ADVANCED_FACE('',(#4016),#3651,.F.);
#4016 = FACE_BOUND('',#4017,.F.);
#4017 = EDGE_LOOP('',(#4018,#4041,#4042,#4043));
#4018 = ORIENTED_EDGE('',*,*,#4019,.F.);
#4019 = EDGE_CURVE('',#3944,#4020,#4022,.T.);
#4020 = VERTEX_POINT('',#4021);
#4021 = CARTESIAN_POINT('',(-7.5,-4.,-27.));
#4022 = SURFACE_CURVE('',#4023,(#4027,#4034),.PCURVE_S1.);
#4023 = LINE('',#4024,#4025);
#4024 = CARTESIAN_POINT('',(-13.5,-4.,-27.));
#4025 = VECTOR('',#4026,1.);
#4026 = DIRECTION('',(1.,0.,0.));
#4027 = PCURVE('',#3651,#4028);
#4028 = DEFINITIONAL_REPRESENTATION('',(#4029),#4033);
#4029 = LINE('',#4030,#4031);
#4030 = CARTESIAN_POINT('',(0.,0.));
#4031 = VECTOR('',#4032,1.);
#4032 = DIRECTION('',(0.,1.));
#4033 = ( GEOMETRIC_REPRESENTATION_CONTEXT(2) 
PARAMETRIC_REPRESENTATION_CONTEXT() REPRESENTATION_CONTEXT('2D SPACE',''
  ) );
#4034 = PCURVE('',#3982,#4035);
#4035 = DEFINITIONAL_REPRESENTATION('',(#4036),#4040);
#4036 = LINE('',#4037,#4038);
#4037 = CARTESIAN_POINT('',(0.,0.));
#4038 = VECTOR('',#4039,1.);
#4039 = DIRECTION('',(1.,0.));
#4040 = ( GEOMETRIC_REPRESENTATION_CONTEXT(2) 
PARAMETRIC_REPRESENTATION_CONTEXT() REPRESENTATION_CONTEXT('2D SPACE',''
  ) );
#4041 = ORIENTED_EDGE('',*,*,#3943,.T.);
#4042 = ORIENTED_EDGE('',*,*,#3637,.T.);
#4043 = ORIENTED_EDGE('',*,*,#4044,.F.);
#4044 = EDGE_CURVE('',#4020,#3610,#4045,.T.);
#4045 = SURFACE_CURVE('',#4046,(#4050,#4057),.PCURVE_S1.);
#4046 = LINE('',#4047,#4048);
#4047 = CARTESIAN_POINT('',(-7.5,-4.,-27.));
#4048 = VECTOR('',#4049,1.);
#4049 = DIRECTION('',(0.,0.,1.));
#4050 = PCURVE('',#3651,#4051);
#4051 = DEFINITIONAL_REPRESENTATION('',(#4052),#4056);
#4052 = LINE('',#4053,#4054);
#4053 = CARTESIAN_POINT('',(0.,6.));
#4054 = VECTOR('',#4055,1.);
#4055 = DIRECTION('',(1.,0.));
#4056 = ( GEOMETRIC_REPRESENTATION_CONTEXT(2) 
PARAMETRIC_REPRESENTATION_CONTEXT() REPRESENTATION_CONTEXT('2D SPACE',''
  ) );
#4057 = PCURVE('',#3625,#4058);
#4058 = DEFINITIONAL_REPRESENTATION('',(#4059),#4063);
#4059 = LINE('',#4060,#4061);
#4060 = CARTESIAN_POINT('',(0.,0.));
#4061 = VECTOR('',#4062,1.);
#4062 = DIRECTION('',(1.,0.));
#4063 = ( GEOMETRIC_REPRESENTATION_CONTEXT(2) 
PARAMETRIC_REPRESENTATION_CONTEXT() REPRESENTATION_CONTEXT('2D SPACE',''
  ) );
#4064 = ADVANCED_FACE('',(#4065),#3625,.T.);
#4065 = FACE_BOUND('',#4066,.T.);
#4066 = EDGE_LOOP('',(#4067,#4068,#4091,#4112));
#4067 = ORIENTED_EDGE('',*,*,#4044,.F.);
#4068 = ORIENTED_EDGE('',*,*,#4069,.T.);
#4069 = EDGE_CURVE('',#4020,#4070,#4072,.T.);
#4070 = VERTEX_POINT('',#4071);
#4071 = CARTESIAN_POINT('',(-7.5,4.,-27.));
#4072 = SURFACE_CURVE('',#4073,(#4077,#4084),.PCURVE_S1.);
#4073 = LINE('',#4074,#4075);
#4074 = CARTESIAN_POINT('',(-7.5,-4.,-27.));
#4075 = VECTOR('',#4076,1.);
#4076 = DIRECTION('',(0.,1.,0.));
#4077 = PCURVE('',#3625,#4078);
#4078 = DEFINITIONAL_REPRESENTATION('',(#4079),#4083);
#4079 = LINE('',#4080,#4081);
#4080 = CARTESIAN_POINT('',(0.,0.));
#4081 = VECTOR('',#4082,1.);
#4082 = DIRECTION('',(0.,-1.));
#4083 = ( GEOMETRIC_REPRESENTATION_CONTEXT(2) 
PARAMETRIC_REPRESENTATION_CONTEXT() REPRESENTATION_CONTEXT('2D SPACE',''
  ) );
#4084 = PCURVE('',#3982,#4085);
#4085 = DEFINITIONAL_REPRESENTATION('',(#4086),#4090);
#4086 = LINE('',#4087,#4088);
#4087 = CARTESIAN_POINT('',(6.,0.));
#4088 = VECTOR('',#4089,1.);
#4089 = DIRECTION('',(0.,1.));
#4090 = ( GEOMETRIC_REPRESENTATION_CONTEXT(2) 
PARAMETRIC_REPRESENTATION_CONTEXT() REPRESENTATION_CONTEXT('2D SPACE',''
  ) );
#4091 = ORIENTED_EDGE('',*,*,#4092,.T.);
#4092 = EDGE_CURVE('',#4070,#3582,#4093,.T.);
#4093 = SURFACE_CURVE('',#4094,(#4098,#4105),.PCURVE_S1.);
#4094 = LINE('',#4095,#4096);
#4095 = CARTESIAN_POINT('',(-7.5,4.,-27.));
#4096 = VECTOR('',#4097,1.);
#4097 = DIRECTION('',(0.,0.,1.));
#4098 = PCURVE('',#3625,#4099);
#4099 = DEFINITIONAL_REPRESENTATION('',(#4100),#4104);
#4100 = LINE('',#4101,#4102);
#4101 = CARTESIAN_POINT('',(0.,-8.));
#4102 = VECTOR('',#4103,1.);
#4103 = DIRECTION('',(1.,0.));
#4104 = ( GEOMETRIC_REPRESENTATION_CONTEXT(2) 
PARAMETRIC_REPRESENTATION_CONTEXT() REPRESENTATION_CONTEXT('2D SPACE',''
  ) );
#4105 = PCURVE('',#3597,#4106);
#4106 = DEFINITIONAL_REPRESENTATION('',(#4107),#4111);
#4107 = LINE('',#4108,#4109);
#4108 = CARTESIAN_POINT('',(0.,6.));
#4109 = VECTOR('',#4110,1.);
#4110 = DIRECTION('',(1.,0.));
#4111 = ( GEOMETRIC_REPRESENTATION_CONTEXT(2) 
PARAMETRIC_REPRESENTATION_CONTEXT() REPRESENTATION_CONTEXT('2D SPACE',''
  ) );
#4112 = ORIENTED_EDGE('',*,*,#3609,.F.);
#4113 = ADVANCED_FACE('',(#4114),#3597,.T.);
#4114 = FACE_BOUND('',#4115,.T.);
#4115 = EDGE_LOOP('',(#4116,#4137,#4138,#4139));
#4116 = ORIENTED_EDGE('',*,*,#4117,.F.);
#4117 = EDGE_CURVE('',#3967,#4070,#4118,.T.);
#4118 = SURFACE_CURVE('',#4119,(#4123,#4130),.PCURVE_S1.);
#4119 = LINE('',#4120,#4121);
#4120 = CARTESIAN_POINT('',(-13.5,4.,-27.));
#4121 = VECTOR('',#4122,1.);
#4122 = DIRECTION('',(1.,0.,0.));
#4123 = PCURVE('',#3597,#4124);
#4124 = DEFINITIONAL_REPRESENTATION('',(#4125),#4129);
#4125 = LINE('',#4126,#4127);
#4126 = CARTESIAN_POINT('',(0.,0.));
#4127 = VECTOR('',#4128,1.);
#4128 = DIRECTION('',(0.,1.));
#4129 = ( GEOMETRIC_REPRESENTATION_CONTEXT(2) 
PARAMETRIC_REPRESENTATION_CONTEXT() REPRESENTATION_CONTEXT('2D SPACE',''
  ) );
#4130 = PCURVE('',#3982,#4131);
#4131 = DEFINITIONAL_REPRESENTATION('',(#4132),#4136);
#4132 = LINE('',#4133,#4134);
#4133 = CARTESIAN_POINT('',(0.,8.));
#4134 = VECTOR('',#4135,1.);
#4135 = DIRECTION('',(1.,0.));
#4136 = ( GEOMETRIC_REPRESENTATION_CONTEXT(2) 
PARAMETRIC_REPRESENTATION_CONTEXT() REPRESENTATION_CONTEXT('2D SPACE',''
  ) );
#4137 = ORIENTED_EDGE('',*,*,#3994,.T.);
#4138 = ORIENTED_EDGE('',*,*,#3581,.T.);
#4139 = ORIENTED_EDGE('',*,*,#4092,.F.);
#4140 = ADVANCED_FACE('',(#4141),#3884,.F.);
#4141 = FACE_BOUND('',#4142,.F.);
#4142 = EDGE_LOOP('',(#4143));
#4143 = ORIENTED_EDGE('',*,*,#3869,.T.);
#4144 = ADVANCED_FACE('',(#4145),#3928,.T.);
#4145 = FACE_BOUND('',#4146,.F.);
#4146 = EDGE_LOOP('',(#4147,#4170,#4197,#4198));
#4147 = ORIENTED_EDGE('',*,*,#4148,.T.);
#4148 = EDGE_CURVE('',#3912,#4149,#4151,.T.);
#4149 = VERTEX_POINT('',#4150);
#4150 = CARTESIAN_POINT('',(16.,2.9,0.));
#4151 = SEAM_CURVE('',#4152,(#4156,#4163),.PCURVE_S1.);
#4152 = LINE('',#4153,#4154);
#4153 = CARTESIAN_POINT('',(13.,2.9,0.));
#4154 = VECTOR('',#4155,1.);
#4155 = DIRECTION('',(1.,0.,0.));
#4156 = PCURVE('',#3928,#4157);
#4157 = DEFINITIONAL_REPRESENTATION('',(#4158),#4162);
#4158 = LINE('',#4159,#4160);
#4159 = CARTESIAN_POINT('',(-0.,0.));
#4160 = VECTOR('',#4161,1.);
#4161 = DIRECTION('',(-0.,-1.));
#4162 = ( GEOMETRIC_REPRESENTATION_CONTEXT(2) 
PARAMETRIC_REPRESENTATION_CONTEXT() REPRESENTATION_CONTEXT('2D SPACE',''
  ) );
#4163 = PCURVE('',#3928,#4164);
#4164 = DEFINITIONAL_REPRESENTATION('',(#4165),#4169);
#4165 = LINE('',#4166,#4167);
#4166 = CARTESIAN_POINT('',(-6.28318530718,0.));
#4167 = VECTOR('',#4168,1.);
#4168 = DIRECTION('',(-0.,-1.));
#4169 = ( GEOMETRIC_REPRESENTATION_CONTEXT(2) 
PARAMETRIC_REPRESENTATION_CONTEXT() REPRESENTATION_CONTEXT('2D SPACE',''
  ) );
#4170 = ORIENTED_EDGE('',*,*,#4171,.T.);
#4171 = EDGE_CURVE('',#4149,#4149,#4172,.T.);
#4172 = SURFACE_CURVE('',#4173,(#4178,#4185),.PCURVE_S1.);
#4173 = CIRCLE('',#4174,2.9);
#4174 = AXIS2_PLACEMENT_3D('',#4175,#4176,#4177);
#4175 = CARTESIAN_POINT('',(16.,0.,0.));
#4176 = DIRECTION('',(1.,0.,0.));
#4177 = DIRECTION('',(0.,1.,0.));
#4178 = PCURVE('',#3928,#4179);
#4179 = DEFINITIONAL_REPRESENTATION('',(#4180),#4184);
#4180 = LINE('',#4181,#4182);
#4181 = CARTESIAN_POINT('',(-0.,-3.));
#4182 = VECTOR('',#4183,1.);
#4183 = DIRECTION('',(-1.,0.));
#4184 = ( GEOMETRIC_REPRESENTATION_CONTEXT(2) 
PARAMETRIC_REPRESENTATION_CONTEXT() REPRESENTATION_CONTEXT('2D SPACE',''
  ) );
#4185 = PCURVE('',#4186,#4191);
#4186 = PLANE('',#4187);
#4187 = AXIS2_PLACEMENT_3D('',#4188,#4189,#4190);
#4188 = CARTESIAN_POINT('',(16.,-1.178827700465E-16,1.173830161754E-16)
  );
#4189 = DIRECTION('',(1.,0.,0.));
#4190 = DIRECTION('',(-0.,0.,1.));
#4191 = DEFINITIONAL_REPRESENTATION('',(#4192),#4196);
#4192 = CIRCLE('',#4193,2.9);
#4193 = AXIS2_PLACEMENT_2D('',#4194,#4195);
#4194 = CARTESIAN_POINT('',(-1.173830161754E-16,-1.178827700465E-16));
#4195 = DIRECTION('',(0.,-1.));
#4196 = ( GEOMETRIC_REPRESENTATION_CONTEXT(2) 
PARAMETRIC_REPRESENTATION_CONTEXT() REPRESENTATION_CONTEXT('2D SPACE',''
  ) );
#4197 = ORIENTED_EDGE('',*,*,#4148,.F.);
#4198 = ORIENTED_EDGE('',*,*,#3911,.F.);
#4199 = ADVANCED_FACE('',(#4200),#3982,.F.);
#4200 = FACE_BOUND('',#4201,.F.);
#4201 = EDGE_LOOP('',(#4202,#4203,#4204,#4205));
#4202 = ORIENTED_EDGE('',*,*,#3966,.F.);
#4203 = ORIENTED_EDGE('',*,*,#4019,.T.);
#4204 = ORIENTED_EDGE('',*,*,#4069,.T.);
#4205 = ORIENTED_EDGE('',*,*,#4117,.F.);
#4206 = ADVANCED_FACE('',(#4207,#4210),#4186,.T.);
#4207 = FACE_BOUND('',#4208,.T.);
#4208 = EDGE_LOOP('',(#4209));
#4209 = ORIENTED_EDGE('',*,*,#4171,.T.);
#4210 = FACE_BOUND('',#4211,.T.);
#4211 = EDGE_LOOP('',(#4212));
#4212 = ORIENTED_EDGE('',*,*,#4213,.F.);
#4213 = EDGE_CURVE('',#4214,#4214,#4216,.T.);
#4214 = VERTEX_POINT('',#4215);
#4215 = CARTESIAN_POINT('',(16.,1.6,0.));
#4216 = SURFACE_CURVE('',#4217,(#4222,#4229),.PCURVE_S1.);
#4217 = CIRCLE('',#4218,1.6);
#4218 = AXIS2_PLACEMENT_3D('',#4219,#4220,#4221);
#4219 = CARTESIAN_POINT('',(16.,0.,0.));
#4220 = DIRECTION('',(1.,0.,0.));
#4221 = DIRECTION('',(0.,1.,0.));
#4222 = PCURVE('',#4186,#4223);
#4223 = DEFINITIONAL_REPRESENTATION('',(#4224),#4228);
#4224 = CIRCLE('',#4225,1.6);
#4225 = AXIS2_PLACEMENT_2D('',#4226,#4227);
#4226 = CARTESIAN_POINT('',(-1.173830161754E-16,-1.178827700465E-16));
#4227 = DIRECTION('',(0.,-1.));
#4228 = ( GEOMETRIC_REPRESENTATION_CONTEXT(2) 
PARAMETRIC_REPRESENTATION_CONTEXT() REPRESENTATION_CONTEXT('2D SPACE',''
  ) );
#4229 = PCURVE('',#4230,#4235);
#4230 = CYLINDRICAL_SURFACE('',#4231,1.6);
#4231 = AXIS2_PLACEMENT_3D('',#4232,#4233,#4234);
#4232 = CARTESIAN_POINT('',(16.,0.,0.));
#4233 = DIRECTION('',(-1.,-0.,-0.));
#4234 = DIRECTION('',(0.,1.,0.));
#4235 = DEFINITIONAL_REPRESENTATION('',(#4236),#4240);
#4236 = LINE('',#4237,#4238);
#4237 = CARTESIAN_POINT('',(-0.,0.));
#4238 = VECTOR('',#4239,1.);
#4239 = DIRECTION('',(-1.,0.));
#4240 = ( GEOMETRIC_REPRESENTATION_CONTEXT(2) 
PARAMETRIC_REPRESENTATION_CONTEXT() REPRESENTATION_CONTEXT('2D SPACE',''
  ) );
#4241 = ADVANCED_FACE('',(#4242),#4230,.T.);
#4242 = FACE_BOUND('',#4243,.F.);
#4243 = EDGE_LOOP('',(#4244,#4267,#4294,#4295));
#4244 = ORIENTED_EDGE('',*,*,#4245,.T.);
#4245 = EDGE_CURVE('',#4214,#4246,#4248,.T.);
#4246 = VERTEX_POINT('',#4247);
#4247 = CARTESIAN_POINT('',(17.2,1.6,0.));
#4248 = SEAM_CURVE('',#4249,(#4253,#4260),.PCURVE_S1.);
#4249 = LINE('',#4250,#4251);
#4250 = CARTESIAN_POINT('',(16.,1.6,0.));
#4251 = VECTOR('',#4252,1.);
#4252 = DIRECTION('',(1.,0.,0.));
#4253 = PCURVE('',#4230,#4254);
#4254 = DEFINITIONAL_REPRESENTATION('',(#4255),#4259);
#4255 = LINE('',#4256,#4257);
#4256 = CARTESIAN_POINT('',(-0.,0.));
#4257 = VECTOR('',#4258,1.);
#4258 = DIRECTION('',(-0.,-1.));
#4259 = ( GEOMETRIC_REPRESENTATION_CONTEXT(2) 
PARAMETRIC_REPRESENTATION_CONTEXT() REPRESENTATION_CONTEXT('2D SPACE',''
  ) );
#4260 = PCURVE('',#4230,#4261);
#4261 = DEFINITIONAL_REPRESENTATION('',(#4262),#4266);
#4262 = LINE('',#4263,#4264);
#4263 = CARTESIAN_POINT('',(-6.28318530718,0.));
#4264 = VECTOR('',#4265,1.);
#4265 = DIRECTION('',(-0.,-1.));
#4266 = ( GEOMETRIC_REPRESENTATION_CONTEXT(2) 
PARAMETRIC_REPRESENTATION_CONTEXT() REPRESENTATION_CONTEXT('2D SPACE',''
  ) );
#4267 = ORIENTED_EDGE('',*,*,#4268,.T.);
#4268 = EDGE_CURVE('',#4246,#4246,#4269,.T.);
#4269 = SURFACE_CURVE('',#4270,(#4275,#4282),.PCURVE_S1.);
#4270 = CIRCLE('',#4271,1.6);
#4271 = AXIS2_PLACEMENT_3D('',#4272,#4273,#4274);
#4272 = CARTESIAN_POINT('',(17.2,0.,0.));
#4273 = DIRECTION('',(1.,0.,0.));
#4274 = DIRECTION('',(0.,1.,0.));
#4275 = PCURVE('',#4230,#4276);
#4276 = DEFINITIONAL_REPRESENTATION('',(#4277),#4281);
#4277 = LINE('',#4278,#4279);
#4278 = CARTESIAN_POINT('',(-0.,-1.2));
#4279 = VECTOR('',#4280,1.);
#4280 = DIRECTION('',(-1.,0.));
#4281 = ( GEOMETRIC_REPRESENTATION_CONTEXT(2) 
PARAMETRIC_REPRESENTATION_CONTEXT() REPRESENTATION_CONTEXT('2D SPACE',''
  ) );
#4282 = PCURVE('',#4283,#4288);
#4283 = PLANE('',#4284);
#4284 = AXIS2_PLACEMENT_3D('',#4285,#4286,#4287);
#4285 = CARTESIAN_POINT('',(17.2,-5.341563017732E-17,1.483480247548E-16)
  );
#4286 = DIRECTION('',(1.,0.,0.));
#4287 = DIRECTION('',(-0.,0.,1.));
#4288 = DEFINITIONAL_REPRESENTATION('',(#4289),#4293);
#4289 = CIRCLE('',#4290,1.6);
#4290 = AXIS2_PLACEMENT_2D('',#4291,#4292);
#4291 = CARTESIAN_POINT('',(-1.483480247548E-16,-5.341563017732E-17));
#4292 = DIRECTION('',(0.,-1.));
#4293 = ( GEOMETRIC_REPRESENTATION_CONTEXT(2) 
PARAMETRIC_REPRESENTATION_CONTEXT() REPRESENTATION_CONTEXT('2D SPACE',''
  ) );
#4294 = ORIENTED_EDGE('',*,*,#4245,.F.);
#4295 = ORIENTED_EDGE('',*,*,#4213,.F.);
#4296 = ADVANCED_FACE('',(#4297),#4283,.T.);
#4297 = FACE_BOUND('',#4298,.T.);
#4298 = EDGE_LOOP('',(#4299));
#4299 = ORIENTED_EDGE('',*,*,#4268,.T.);
#4300 = ( GEOMETRIC_REPRESENTATION_CONTEXT(3) 
GLOBAL_UNCERTAINTY_ASSIGNED_CONTEXT((#4304)) 
GLOBAL_UNIT_ASSIGNED_CONTEXT((#4301,#4302,#4303)) REPRESENTATION_CONTEXT
('Context #1','3D Context with UNIT and UNCERTAINTY') );
#4301 = ( LENGTH_UNIT() NAMED_UNIT(*) SI_UNIT(.MILLI.,.METRE.) );
#4302 = ( NAMED_UNIT(*) PLANE_ANGLE_UNIT() SI_UNIT($,.RADIAN.) );
#4303 = ( NAMED_UNIT(*) SI_UNIT($,.STERADIAN.) SOLID_ANGLE_UNIT() );
#4304 = UNCERTAINTY_MEASURE_WITH_UNIT(LENGTH_MEASURE(1.E-07),#4301,
  'distance_accuracy_value','confusion accuracy');
#4305 = CONTEXT_DEPENDENT_SHAPE_REPRESENTATION(#4306,#4308);
#4306 = ( REPRESENTATION_RELATIONSHIP('','',#3041,#10) 
REPRESENTATION_RELATIONSHIP_WITH_TRANSFORMATION(#4307) 
SHAPE_REPRESENTATION_RELATIONSHIP() );
#4307 = ITEM_DEFINED_TRANSFORMATION('','',#11,#19);
#4308 = PRODUCT_DEFINITION_SHAPE('Placement','Placement of an item',
  #4309);
#4309 = NEXT_ASSEMBLY_USAGE_OCCURRENCE('2','sts3032_c036','',#5,#3036,$
  );
#4310 = PRODUCT_RELATED_PRODUCT_CATEGORY('part',$,(#3038));
#4311 = SHAPE_DEFINITION_REPRESENTATION(#4312,#4318);
#4312 = PRODUCT_DEFINITION_SHAPE('','',#4313);
#4313 = PRODUCT_DEFINITION('design','',#4314,#4317);
#4314 = PRODUCT_DEFINITION_FORMATION('','',#4315);
#4315 = PRODUCT('horn_adapter','horn_adapter','',(#4316));
#4316 = PRODUCT_CONTEXT('',#2,'mechanical');
#4317 = PRODUCT_DEFINITION_CONTEXT('part definition',#2,'design');
#4318 = ADVANCED_BREP_SHAPE_REPRESENTATION('',(#11,#4319),#5723);
#4319 = MANIFOLD_SOLID_BREP('',#4320);
#4320 = CLOSED_SHELL('',(#4321,#4409,#4743,#4975,#5076,#5124,#5200,#5248
    ,#5324,#5372,#5448,#5476,#5531,#5586,#5641,#5696,#5707,#5711,#5715,
    #5719));
#4321 = ADVANCED_FACE('',(#4322),#4336,.T.);
#4322 = FACE_BOUND('',#4323,.F.);
#4323 = EDGE_LOOP('',(#4324,#4354,#4381,#4382));
#4324 = ORIENTED_EDGE('',*,*,#4325,.T.);
#4325 = EDGE_CURVE('',#4326,#4328,#4330,.T.);
#4326 = VERTEX_POINT('',#4327);
#4327 = CARTESIAN_POINT('',(0.,8.,0.));
#4328 = VERTEX_POINT('',#4329);
#4329 = CARTESIAN_POINT('',(2.5,8.,0.));
#4330 = SEAM_CURVE('',#4331,(#4335,#4347),.PCURVE_S1.);
#4331 = LINE('',#4332,#4333);
#4332 = CARTESIAN_POINT('',(0.,8.,0.));
#4333 = VECTOR('',#4334,1.);
#4334 = DIRECTION('',(1.,0.,0.));
#4335 = PCURVE('',#4336,#4341);
#4336 = CYLINDRICAL_SURFACE('',#4337,8.);
#4337 = AXIS2_PLACEMENT_3D('',#4338,#4339,#4340);
#4338 = CARTESIAN_POINT('',(0.,0.,0.));
#4339 = DIRECTION('',(-1.,-0.,-0.));
#4340 = DIRECTION('',(0.,1.,0.));
#4341 = DEFINITIONAL_REPRESENTATION('',(#4342),#4346);
#4342 = LINE('',#4343,#4344);
#4343 = CARTESIAN_POINT('',(-0.,0.));
#4344 = VECTOR('',#4345,1.);
#4345 = DIRECTION('',(-0.,-1.));
#4346 = ( GEOMETRIC_REPRESENTATION_CONTEXT(2) 
PARAMETRIC_REPRESENTATION_CONTEXT() REPRESENTATION_CONTEXT('2D SPACE',''
  ) );
#4347 = PCURVE('',#4336,#4348);
#4348 = DEFINITIONAL_REPRESENTATION('',(#4349),#4353);
#4349 = LINE('',#4350,#4351);
#4350 = CARTESIAN_POINT('',(-6.28318530718,0.));
#4351 = VECTOR('',#4352,1.);
#4352 = DIRECTION('',(-0.,-1.));
#4353 = ( GEOMETRIC_REPRESENTATION_CONTEXT(2) 
PARAMETRIC_REPRESENTATION_CONTEXT() REPRESENTATION_CONTEXT('2D SPACE',''
  ) );
#4354 = ORIENTED_EDGE('',*,*,#4355,.T.);
#4355 = EDGE_CURVE('',#4328,#4328,#4356,.T.);
#4356 = SURFACE_CURVE('',#4357,(#4362,#4369),.PCURVE_S1.);
#4357 = CIRCLE('',#4358,8.);
#4358 = AXIS2_PLACEMENT_3D('',#4359,#4360,#4361);
#4359 = CARTESIAN_POINT('',(2.5,0.,0.));
#4360 = DIRECTION('',(1.,0.,0.));
#4361 = DIRECTION('',(0.,1.,0.));
#4362 = PCURVE('',#4336,#4363);
#4363 = DEFINITIONAL_REPRESENTATION('',(#4364),#4368);
#4364 = LINE('',#4365,#4366);
#4365 = CARTESIAN_POINT('',(-0.,-2.5));
#4366 = VECTOR('',#4367,1.);
#4367 = DIRECTION('',(-1.,0.));
#4368 = ( GEOMETRIC_REPRESENTATION_CONTEXT(2) 
PARAMETRIC_REPRESENTATION_CONTEXT() REPRESENTATION_CONTEXT('2D SPACE',''
  ) );
#4369 = PCURVE('',#4370,#4375);
#4370 = PLANE('',#4371);
#4371 = AXIS2_PLACEMENT_3D('',#4372,#4373,#4374);
#4372 = CARTESIAN_POINT('',(2.5,-5.127900497023E-16,6.990076196319E-16)
  );
#4373 = DIRECTION('',(1.,0.,0.));
#4374 = DIRECTION('',(-0.,0.,1.));
#4375 = DEFINITIONAL_REPRESENTATION('',(#4376),#4380);
#4376 = CIRCLE('',#4377,8.);
#4377 = AXIS2_PLACEMENT_2D('',#4378,#4379);
#4378 = CARTESIAN_POINT('',(-6.990076196319E-16,-5.127900497023E-16));
#4379 = DIRECTION('',(0.,-1.));
#4380 = ( GEOMETRIC_REPRESENTATION_CONTEXT(2) 
PARAMETRIC_REPRESENTATION_CONTEXT() REPRESENTATION_CONTEXT('2D SPACE',''
  ) );
#4381 = ORIENTED_EDGE('',*,*,#4325,.F.);
#4382 = ORIENTED_EDGE('',*,*,#4383,.F.);
#4383 = EDGE_CURVE('',#4326,#4326,#4384,.T.);
#4384 = SURFACE_CURVE('',#4385,(#4390,#4397),.PCURVE_S1.);
#4385 = CIRCLE('',#4386,8.);
#4386 = AXIS2_PLACEMENT_3D('',#4387,#4388,#4389);
#4387 = CARTESIAN_POINT('',(0.,0.,0.));
#4388 = DIRECTION('',(1.,0.,0.));
#4389 = DIRECTION('',(0.,1.,0.));
#4390 = PCURVE('',#4336,#4391);
#4391 = DEFINITIONAL_REPRESENTATION('',(#4392),#4396);
#4392 = LINE('',#4393,#4394);
#4393 = CARTESIAN_POINT('',(-0.,0.));
#4394 = VECTOR('',#4395,1.);
#4395 = DIRECTION('',(-1.,0.));
#4396 = ( GEOMETRIC_REPRESENTATION_CONTEXT(2) 
PARAMETRIC_REPRESENTATION_CONTEXT() REPRESENTATION_CONTEXT('2D SPACE',''
  ) );
#4397 = PCURVE('',#4398,#4403);
#4398 = PLANE('',#4399);
#4399 = AXIS2_PLACEMENT_3D('',#4400,#4401,#4402);
#4400 = CARTESIAN_POINT('',(0.,-5.127900497023E-16,6.990076196319E-16));
#4401 = DIRECTION('',(1.,0.,0.));
#4402 = DIRECTION('',(-0.,0.,1.));
#4403 = DEFINITIONAL_REPRESENTATION('',(#4404),#4408);
#4404 = CIRCLE('',#4405,8.);
#4405 = AXIS2_PLACEMENT_2D('',#4406,#4407);
#4406 = CARTESIAN_POINT('',(-6.990076196319E-16,-5.127900497023E-16));
#4407 = DIRECTION('',(0.,-1.));
#4408 = ( GEOMETRIC_REPRESENTATION_CONTEXT(2) 
PARAMETRIC_REPRESENTATION_CONTEXT() REPRESENTATION_CONTEXT('2D SPACE',''
  ) );
#4409 = ADVANCED_FACE('',(#4410,#4413),#4398,.F.);
#4410 = FACE_BOUND('',#4411,.F.);
#4411 = EDGE_LOOP('',(#4412));
#4412 = ORIENTED_EDGE('',*,*,#4383,.T.);
#4413 = FACE_BOUND('',#4414,.F.);
#4414 = EDGE_LOOP('',(#4415,#4446,#4475,#4504,#4528,#4557,#4586,#4610,
    #4639,#4668,#4692,#4721));
#4415 = ORIENTED_EDGE('',*,*,#4416,.F.);
#4416 = EDGE_CURVE('',#4417,#4419,#4421,.T.);
#4417 = VERTEX_POINT('',#4418);
#4418 = CARTESIAN_POINT('',(0.,2.68718843553,1.737532247744));
#4419 = VERTEX_POINT('',#4420);
#4420 = CARTESIAN_POINT('',(0.,3.928427124746,2.828427124746));
#4421 = SURFACE_CURVE('',#4422,(#4427,#4434),.PCURVE_S1.);
#4422 = CIRCLE('',#4423,1.1);
#4423 = AXIS2_PLACEMENT_3D('',#4424,#4425,#4426);
#4424 = CARTESIAN_POINT('',(0.,2.828427124746,2.828427124746));
#4425 = DIRECTION('',(1.,0.,0.));
#4426 = DIRECTION('',(0.,1.,0.));
#4427 = PCURVE('',#4398,#4428);
#4428 = DEFINITIONAL_REPRESENTATION('',(#4429),#4433);
#4429 = CIRCLE('',#4430,1.1);
#4430 = AXIS2_PLACEMENT_2D('',#4431,#4432);
#4431 = CARTESIAN_POINT('',(2.828427124746,-2.828427124746));
#4432 = DIRECTION('',(0.,-1.));
#4433 = ( GEOMETRIC_REPRESENTATION_CONTEXT(2) 
PARAMETRIC_REPRESENTATION_CONTEXT() REPRESENTATION_CONTEXT('2D SPACE',''
  ) );
#4434 = PCURVE('',#4435,#4440);
#4435 = CYLINDRICAL_SURFACE('',#4436,1.1);
#4436 = AXIS2_PLACEMENT_3D('',#4437,#4438,#4439);
#4437 = CARTESIAN_POINT('',(0.,2.828427124746,2.828427124746));
#4438 = DIRECTION('',(-1.,-0.,-0.));
#4439 = DIRECTION('',(0.,1.,0.));
#4440 = DEFINITIONAL_REPRESENTATION('',(#4441),#4445);
#4441 = LINE('',#4442,#4443);
#4442 = CARTESIAN_POINT('',(-0.,0.));
#4443 = VECTOR('',#4444,1.);
#4444 = DIRECTION('',(-1.,0.));
#4445 = ( GEOMETRIC_REPRESENTATION_CONTEXT(2) 
PARAMETRIC_REPRESENTATION_CONTEXT() REPRESENTATION_CONTEXT('2D SPACE',''
  ) );
#4446 = ORIENTED_EDGE('',*,*,#4447,.F.);
#4447 = EDGE_CURVE('',#4448,#4417,#4450,.T.);
#4448 = VERTEX_POINT('',#4449);
#4449 = CARTESIAN_POINT('',(0.,2.68718843553,-1.737532247744));
#4450 = SURFACE_CURVE('',#4451,(#4456,#4463),.PCURVE_S1.);
#4451 = CIRCLE('',#4452,3.2);
#4452 = AXIS2_PLACEMENT_3D('',#4453,#4454,#4455);
#4453 = CARTESIAN_POINT('',(0.,0.,0.));
#4454 = DIRECTION('',(1.,0.,-0.));
#4455 = DIRECTION('',(0.,0.54297882742,0.839746386103));
#4456 = PCURVE('',#4398,#4457);
#4457 = DEFINITIONAL_REPRESENTATION('',(#4458),#4462);
#4458 = CIRCLE('',#4459,3.2);
#4459 = AXIS2_PLACEMENT_2D('',#4460,#4461);
#4460 = CARTESIAN_POINT('',(-6.990076196319E-16,-5.127900497023E-16));
#4461 = DIRECTION('',(0.839746386103,-0.54297882742));
#4462 = ( GEOMETRIC_REPRESENTATION_CONTEXT(2) 
PARAMETRIC_REPRESENTATION_CONTEXT() REPRESENTATION_CONTEXT('2D SPACE',''
  ) );
#4463 = PCURVE('',#4464,#4469);
#4464 = CYLINDRICAL_SURFACE('',#4465,3.2);
#4465 = AXIS2_PLACEMENT_3D('',#4466,#4467,#4468);
#4466 = CARTESIAN_POINT('',(0.,0.,0.));
#4467 = DIRECTION('',(-1.,-0.,-0.));
#4468 = DIRECTION('',(0.,1.,0.));
#4469 = DEFINITIONAL_REPRESENTATION('',(#4470),#4474);
#4470 = LINE('',#4471,#4472);
#4471 = CARTESIAN_POINT('',(-0.996815974737,0.));
#4472 = VECTOR('',#4473,1.);
#4473 = DIRECTION('',(-1.,0.));
#4474 = ( GEOMETRIC_REPRESENTATION_CONTEXT(2) 
PARAMETRIC_REPRESENTATION_CONTEXT() REPRESENTATION_CONTEXT('2D SPACE',''
  ) );
#4475 = ORIENTED_EDGE('',*,*,#4476,.F.);
#4476 = EDGE_CURVE('',#4477,#4448,#4479,.T.);
#4477 = VERTEX_POINT('',#4478);
#4478 = CARTESIAN_POINT('',(0.,3.928427124746,-2.828427124746));
#4479 = SURFACE_CURVE('',#4480,(#4485,#4492),.PCURVE_S1.);
#4480 = CIRCLE('',#4481,1.1);
#4481 = AXIS2_PLACEMENT_3D('',#4482,#4483,#4484);
#4482 = CARTESIAN_POINT('',(0.,2.828427124746,-2.828427124746));
#4483 = DIRECTION('',(1.,0.,0.));
#4484 = DIRECTION('',(0.,1.,0.));
#4485 = PCURVE('',#4398,#4486);
#4486 = DEFINITIONAL_REPRESENTATION('',(#4487),#4491);
#4487 = CIRCLE('',#4488,1.1);
#4488 = AXIS2_PLACEMENT_2D('',#4489,#4490);
#4489 = CARTESIAN_POINT('',(-2.828427124746,-2.828427124746));
#4490 = DIRECTION('',(0.,-1.));
#4491 = ( GEOMETRIC_REPRESENTATION_CONTEXT(2) 
PARAMETRIC_REPRESENTATION_CONTEXT() REPRESENTATION_CONTEXT('2D SPACE',''
  ) );
#4492 = PCURVE('',#4493,#4498);
#4493 = CYLINDRICAL_SURFACE('',#4494,1.1);
#4494 = AXIS2_PLACEMENT_3D('',#4495,#4496,#4497);
#4495 = CARTESIAN_POINT('',(0.,2.828427124746,-2.828427124746));
#4496 = DIRECTION('',(-1.,-0.,-0.));
#4497 = DIRECTION('',(0.,1.,0.));
#4498 = DEFINITIONAL_REPRESENTATION('',(#4499),#4503);
#4499 = LINE('',#4500,#4501);
#4500 = CARTESIAN_POINT('',(-0.,0.));
#4501 = VECTOR('',#4502,1.);
#4502 = DIRECTION('',(-1.,0.));
#4503 = ( GEOMETRIC_REPRESENTATION_CONTEXT(2) 
PARAMETRIC_REPRESENTATION_CONTEXT() REPRESENTATION_CONTEXT('2D SPACE',''
  ) );
#4504 = ORIENTED_EDGE('',*,*,#4505,.F.);
#4505 = EDGE_CURVE('',#4506,#4477,#4508,.T.);
#4506 = VERTEX_POINT('',#4507);
#4507 = CARTESIAN_POINT('',(0.,1.737532247744,-2.68718843553));
#4508 = SURFACE_CURVE('',#4509,(#4514,#4521),.PCURVE_S1.);
#4509 = CIRCLE('',#4510,1.1);
#4510 = AXIS2_PLACEMENT_3D('',#4511,#4512,#4513);
#4511 = CARTESIAN_POINT('',(0.,2.828427124746,-2.828427124746));
#4512 = DIRECTION('',(1.,0.,0.));
#4513 = DIRECTION('',(0.,1.,0.));
#4514 = PCURVE('',#4398,#4515);
#4515 = DEFINITIONAL_REPRESENTATION('',(#4516),#4520);
#4516 = CIRCLE('',#4517,1.1);
#4517 = AXIS2_PLACEMENT_2D('',#4518,#4519);
#4518 = CARTESIAN_POINT('',(-2.828427124746,-2.828427124746));
#4519 = DIRECTION('',(0.,-1.));
#4520 = ( GEOMETRIC_REPRESENTATION_CONTEXT(2) 
PARAMETRIC_REPRESENTATION_CONTEXT() REPRESENTATION_CONTEXT('2D SPACE',''
  ) );
#4521 = PCURVE('',#4493,#4522);
#4522 = DEFINITIONAL_REPRESENTATION('',(#4523),#4527);
#4523 = LINE('',#4524,#4525);
#4524 = CARTESIAN_POINT('',(-0.,0.));
#4525 = VECTOR('',#4526,1.);
#4526 = DIRECTION('',(-1.,0.));
#4527 = ( GEOMETRIC_REPRESENTATION_CONTEXT(2) 
PARAMETRIC_REPRESENTATION_CONTEXT() REPRESENTATION_CONTEXT('2D SPACE',''
  ) );
#4528 = ORIENTED_EDGE('',*,*,#4529,.F.);
#4529 = EDGE_CURVE('',#4530,#4506,#4532,.T.);
#4530 = VERTEX_POINT('',#4531);
#4531 = CARTESIAN_POINT('',(0.,-1.737532247744,-2.68718843553));
#4532 = SURFACE_CURVE('',#4533,(#4538,#4545),.PCURVE_S1.);
#4533 = CIRCLE('',#4534,3.2);
#4534 = AXIS2_PLACEMENT_3D('',#4535,#4536,#4537);
#4535 = CARTESIAN_POINT('',(0.,0.,0.));
#4536 = DIRECTION('',(1.,0.,-0.));
#4537 = DIRECTION('',(0.,0.54297882742,0.839746386103));
#4538 = PCURVE('',#4398,#4539);
#4539 = DEFINITIONAL_REPRESENTATION('',(#4540),#4544);
#4540 = CIRCLE('',#4541,3.2);
#4541 = AXIS2_PLACEMENT_2D('',#4542,#4543);
#4542 = CARTESIAN_POINT('',(-6.990076196319E-16,-5.127900497023E-16));
#4543 = DIRECTION('',(0.839746386103,-0.54297882742));
#4544 = ( GEOMETRIC_REPRESENTATION_CONTEXT(2) 
PARAMETRIC_REPRESENTATION_CONTEXT() REPRESENTATION_CONTEXT('2D SPACE',''
  ) );
#4545 = PCURVE('',#4546,#4551);
#4546 = CYLINDRICAL_SURFACE('',#4547,3.2);
#4547 = AXIS2_PLACEMENT_3D('',#4548,#4549,#4550);
#4548 = CARTESIAN_POINT('',(0.,0.,0.));
#4549 = DIRECTION('',(-1.,-0.,-0.));
#4550 = DIRECTION('',(0.,1.,0.));
#4551 = DEFINITIONAL_REPRESENTATION('',(#4552),#4556);
#4552 = LINE('',#4553,#4554);
#4553 = CARTESIAN_POINT('',(-0.996815974737,0.));
#4554 = VECTOR('',#4555,1.);
#4555 = DIRECTION('',(-1.,0.));
#4556 = ( GEOMETRIC_REPRESENTATION_CONTEXT(2) 
PARAMETRIC_REPRESENTATION_CONTEXT() REPRESENTATION_CONTEXT('2D SPACE',''
  ) );
#4557 = ORIENTED_EDGE('',*,*,#4558,.F.);
#4558 = EDGE_CURVE('',#4559,#4530,#4561,.T.);
#4559 = VERTEX_POINT('',#4560);
#4560 = CARTESIAN_POINT('',(0.,-1.728427124746,-2.828427124746));
#4561 = SURFACE_CURVE('',#4562,(#4567,#4574),.PCURVE_S1.);
#4562 = CIRCLE('',#4563,1.1);
#4563 = AXIS2_PLACEMENT_3D('',#4564,#4565,#4566);
#4564 = CARTESIAN_POINT('',(0.,-2.828427124746,-2.828427124746));
#4565 = DIRECTION('',(1.,0.,0.));
#4566 = DIRECTION('',(0.,1.,0.));
#4567 = PCURVE('',#4398,#4568);
#4568 = DEFINITIONAL_REPRESENTATION('',(#4569),#4573);
#4569 = CIRCLE('',#4570,1.1);
#4570 = AXIS2_PLACEMENT_2D('',#4571,#4572);
#4571 = CARTESIAN_POINT('',(-2.828427124746,2.828427124746));
#4572 = DIRECTION('',(0.,-1.));
#4573 = ( GEOMETRIC_REPRESENTATION_CONTEXT(2) 
PARAMETRIC_REPRESENTATION_CONTEXT() REPRESENTATION_CONTEXT('2D SPACE',''
  ) );
#4574 = PCURVE('',#4575,#4580);
#4575 = CYLINDRICAL_SURFACE('',#4576,1.1);
#4576 = AXIS2_PLACEMENT_3D('',#4577,#4578,#4579);
#4577 = CARTESIAN_POINT('',(0.,-2.828427124746,-2.828427124746));
#4578 = DIRECTION('',(-1.,-0.,-0.));
#4579 = DIRECTION('',(0.,1.,0.));
#4580 = DEFINITIONAL_REPRESENTATION('',(#4581),#4585);
#4581 = LINE('',#4582,#4583);
#4582 = CARTESIAN_POINT('',(-0.,0.));
#4583 = VECTOR('',#4584,1.);
#4584 = DIRECTION('',(-1.,0.));
#4585 = ( GEOMETRIC_REPRESENTATION_CONTEXT(2) 
PARAMETRIC_REPRESENTATION_CONTEXT() REPRESENTATION_CONTEXT('2D SPACE',''
  ) );
#4586 = ORIENTED_EDGE('',*,*,#4587,.F.);
#4587 = EDGE_CURVE('',#4588,#4559,#4590,.T.);
#4588 = VERTEX_POINT('',#4589);
#4589 = CARTESIAN_POINT('',(0.,-2.68718843553,-1.737532247744));
#4590 = SURFACE_CURVE('',#4591,(#4596,#4603),.PCURVE_S1.);
#4591 = CIRCLE('',#4592,1.1);
#4592 = AXIS2_PLACEMENT_3D('',#4593,#4594,#4595);
#4593 = CARTESIAN_POINT('',(0.,-2.828427124746,-2.828427124746));
#4594 = DIRECTION('',(1.,0.,0.));
#4595 = DIRECTION('',(0.,1.,0.));
#4596 = PCURVE('',#4398,#4597);
#4597 = DEFINITIONAL_REPRESENTATION('',(#4598),#4602);
#4598 = CIRCLE('',#4599,1.1);
#4599 = AXIS2_PLACEMENT_2D('',#4600,#4601);
#4600 = CARTESIAN_POINT('',(-2.828427124746,2.828427124746));
#4601 = DIRECTION('',(0.,-1.));
#4602 = ( GEOMETRIC_REPRESENTATION_CONTEXT(2) 
PARAMETRIC_REPRESENTATION_CONTEXT() REPRESENTATION_CONTEXT('2D SPACE',''
  ) );
#4603 = PCURVE('',#4575,#4604);
#4604 = DEFINITIONAL_REPRESENTATION('',(#4605),#4609);
#4605 = LINE('',#4606,#4607);
#4606 = CARTESIAN_POINT('',(-0.,0.));
#4607 = VECTOR('',#4608,1.);
#4608 = DIRECTION('',(-1.,0.));
#4609 = ( GEOMETRIC_REPRESENTATION_CONTEXT(2) 
PARAMETRIC_REPRESENTATION_CONTEXT() REPRESENTATION_CONTEXT('2D SPACE',''
  ) );
#4610 = ORIENTED_EDGE('',*,*,#4611,.F.);
#4611 = EDGE_CURVE('',#4612,#4588,#4614,.T.);
#4612 = VERTEX_POINT('',#4613);
#4613 = CARTESIAN_POINT('',(0.,-2.68718843553,1.737532247744));
#4614 = SURFACE_CURVE('',#4615,(#4620,#4627),.PCURVE_S1.);
#4615 = CIRCLE('',#4616,3.2);
#4616 = AXIS2_PLACEMENT_3D('',#4617,#4618,#4619);
#4617 = CARTESIAN_POINT('',(0.,0.,0.));
#4618 = DIRECTION('',(1.,0.,-0.));
#4619 = DIRECTION('',(0.,0.54297882742,0.839746386103));
#4620 = PCURVE('',#4398,#4621);
#4621 = DEFINITIONAL_REPRESENTATION('',(#4622),#4626);
#4622 = CIRCLE('',#4623,3.2);
#4623 = AXIS2_PLACEMENT_2D('',#4624,#4625);
#4624 = CARTESIAN_POINT('',(-6.990076196319E-16,-5.127900497023E-16));
#4625 = DIRECTION('',(0.839746386103,-0.54297882742));
#4626 = ( GEOMETRIC_REPRESENTATION_CONTEXT(2) 
PARAMETRIC_REPRESENTATION_CONTEXT() REPRESENTATION_CONTEXT('2D SPACE',''
  ) );
#4627 = PCURVE('',#4628,#4633);
#4628 = CYLINDRICAL_SURFACE('',#4629,3.2);
#4629 = AXIS2_PLACEMENT_3D('',#4630,#4631,#4632);
#4630 = CARTESIAN_POINT('',(0.,0.,0.));
#4631 = DIRECTION('',(-1.,-0.,-0.));
#4632 = DIRECTION('',(0.,1.,0.));
#4633 = DEFINITIONAL_REPRESENTATION('',(#4634),#4638);
#4634 = LINE('',#4635,#4636);
#4635 = CARTESIAN_POINT('',(-0.996815974737,0.));
#4636 = VECTOR('',#4637,1.);
#4637 = DIRECTION('',(-1.,0.));
#4638 = ( GEOMETRIC_REPRESENTATION_CONTEXT(2) 
PARAMETRIC_REPRESENTATION_CONTEXT() REPRESENTATION_CONTEXT('2D SPACE',''
  ) );
#4639 = ORIENTED_EDGE('',*,*,#4640,.F.);
#4640 = EDGE_CURVE('',#4641,#4612,#4643,.T.);
#4641 = VERTEX_POINT('',#4642);
#4642 = CARTESIAN_POINT('',(0.,-1.728427124746,2.828427124746));
#4643 = SURFACE_CURVE('',#4644,(#4649,#4656),.PCURVE_S1.);
#4644 = CIRCLE('',#4645,1.1);
#4645 = AXIS2_PLACEMENT_3D('',#4646,#4647,#4648);
#4646 = CARTESIAN_POINT('',(0.,-2.828427124746,2.828427124746));
#4647 = DIRECTION('',(1.,0.,0.));
#4648 = DIRECTION('',(0.,1.,0.));
#4649 = PCURVE('',#4398,#4650);
#4650 = DEFINITIONAL_REPRESENTATION('',(#4651),#4655);
#4651 = CIRCLE('',#4652,1.1);
#4652 = AXIS2_PLACEMENT_2D('',#4653,#4654);
#4653 = CARTESIAN_POINT('',(2.828427124746,2.828427124746));
#4654 = DIRECTION('',(0.,-1.));
#4655 = ( GEOMETRIC_REPRESENTATION_CONTEXT(2) 
PARAMETRIC_REPRESENTATION_CONTEXT() REPRESENTATION_CONTEXT('2D SPACE',''
  ) );
#4656 = PCURVE('',#4657,#4662);
#4657 = CYLINDRICAL_SURFACE('',#4658,1.1);
#4658 = AXIS2_PLACEMENT_3D('',#4659,#4660,#4661);
#4659 = CARTESIAN_POINT('',(0.,-2.828427124746,2.828427124746));
#4660 = DIRECTION('',(-1.,-0.,-0.));
#4661 = DIRECTION('',(0.,1.,0.));
#4662 = DEFINITIONAL_REPRESENTATION('',(#4663),#4667);
#4663 = LINE('',#4664,#4665);
#4664 = CARTESIAN_POINT('',(-0.,0.));
#4665 = VECTOR('',#4666,1.);
#4666 = DIRECTION('',(-1.,0.));
#4667 = ( GEOMETRIC_REPRESENTATION_CONTEXT(2) 
PARAMETRIC_REPRESENTATION_CONTEXT() REPRESENTATION_CONTEXT('2D SPACE',''
  ) );
#4668 = ORIENTED_EDGE('',*,*,#4669,.F.);
#4669 = EDGE_CURVE('',#4670,#4641,#4672,.T.);
#4670 = VERTEX_POINT('',#4671);
#4671 = CARTESIAN_POINT('',(0.,-1.737532247744,2.68718843553));
#4672 = SURFACE_CURVE('',#4673,(#4678,#4685),.PCURVE_S1.);
#4673 = CIRCLE('',#4674,1.1);
#4674 = AXIS2_PLACEMENT_3D('',#4675,#4676,#4677);
#4675 = CARTESIAN_POINT('',(0.,-2.828427124746,2.828427124746));
#4676 = DIRECTION('',(1.,0.,0.));
#4677 = DIRECTION('',(0.,1.,0.));
#4678 = PCURVE('',#4398,#4679);
#4679 = DEFINITIONAL_REPRESENTATION('',(#4680),#4684);
#4680 = CIRCLE('',#4681,1.1);
#4681 = AXIS2_PLACEMENT_2D('',#4682,#4683);
#4682 = CARTESIAN_POINT('',(2.828427124746,2.828427124746));
#4683 = DIRECTION('',(0.,-1.));
#4684 = ( GEOMETRIC_REPRESENTATION_CONTEXT(2) 
PARAMETRIC_REPRESENTATION_CONTEXT() REPRESENTATION_CONTEXT('2D SPACE',''
  ) );
#4685 = PCURVE('',#4657,#4686);
#4686 = DEFINITIONAL_REPRESENTATION('',(#4687),#4691);
#4687 = LINE('',#4688,#4689);
#4688 = CARTESIAN_POINT('',(-0.,0.));
#4689 = VECTOR('',#4690,1.);
#4690 = DIRECTION('',(-1.,0.));
#4691 = ( GEOMETRIC_REPRESENTATION_CONTEXT(2) 
PARAMETRIC_REPRESENTATION_CONTEXT() REPRESENTATION_CONTEXT('2D SPACE',''
  ) );
#4692 = ORIENTED_EDGE('',*,*,#4693,.F.);
#4693 = EDGE_CURVE('',#4694,#4670,#4696,.T.);
#4694 = VERTEX_POINT('',#4695);
#4695 = CARTESIAN_POINT('',(0.,1.737532247744,2.68718843553));
#4696 = SURFACE_CURVE('',#4697,(#4702,#4709),.PCURVE_S1.);
#4697 = CIRCLE('',#4698,3.2);
#4698 = AXIS2_PLACEMENT_3D('',#4699,#4700,#4701);
#4699 = CARTESIAN_POINT('',(0.,0.,0.));
#4700 = DIRECTION('',(1.,0.,-0.));
#4701 = DIRECTION('',(0.,0.54297882742,0.839746386103));
#4702 = PCURVE('',#4398,#4703);
#4703 = DEFINITIONAL_REPRESENTATION('',(#4704),#4708);
#4704 = CIRCLE('',#4705,3.2);
#4705 = AXIS2_PLACEMENT_2D('',#4706,#4707);
#4706 = CARTESIAN_POINT('',(-6.990076196319E-16,-5.127900497023E-16));
#4707 = DIRECTION('',(0.839746386103,-0.54297882742));
#4708 = ( GEOMETRIC_REPRESENTATION_CONTEXT(2) 
PARAMETRIC_REPRESENTATION_CONTEXT() REPRESENTATION_CONTEXT('2D SPACE',''
  ) );
#4709 = PCURVE('',#4710,#4715);
#4710 = CYLINDRICAL_SURFACE('',#4711,3.2);
#4711 = AXIS2_PLACEMENT_3D('',#4712,#4713,#4714);
#4712 = CARTESIAN_POINT('',(0.,0.,0.));
#4713 = DIRECTION('',(-1.,-0.,-0.));
#4714 = DIRECTION('',(0.,1.,0.));
#4715 = DEFINITIONAL_REPRESENTATION('',(#4716),#4720);
#4716 = LINE('',#4717,#4718);
#4717 = CARTESIAN_POINT('',(-0.996815974737,0.));
#4718 = VECTOR('',#4719,1.);
#4719 = DIRECTION('',(-1.,0.));
#4720 = ( GEOMETRIC_REPRESENTATION_CONTEXT(2) 
PARAMETRIC_REPRESENTATION_CONTEXT() REPRESENTATION_CONTEXT('2D SPACE',''
  ) );
#4721 = ORIENTED_EDGE('',*,*,#4722,.F.);
#4722 = EDGE_CURVE('',#4419,#4694,#4723,.T.);
#4723 = SURFACE_CURVE('',#4724,(#4729,#4736),.PCURVE_S1.);
#4724 = CIRCLE('',#4725,1.1);
#4725 = AXIS2_PLACEMENT_3D('',#4726,#4727,#4728);
#4726 = CARTESIAN_POINT('',(0.,2.828427124746,2.828427124746));
#4727 = DIRECTION('',(1.,0.,0.));
#4728 = DIRECTION('',(0.,1.,0.));
#4729 = PCURVE('',#4398,#4730);
#4730 = DEFINITIONAL_REPRESENTATION('',(#4731),#4735);
#4731 = CIRCLE('',#4732,1.1);
#4732 = AXIS2_PLACEMENT_2D('',#4733,#4734);
#4733 = CARTESIAN_POINT('',(2.828427124746,-2.828427124746));
#4734 = DIRECTION('',(0.,-1.));
#4735 = ( GEOMETRIC_REPRESENTATION_CONTEXT(2) 
PARAMETRIC_REPRESENTATION_CONTEXT() REPRESENTATION_CONTEXT('2D SPACE',''
  ) );
#4736 = PCURVE('',#4435,#4737);
#4737 = DEFINITIONAL_REPRESENTATION('',(#4738),#4742);
#4738 = LINE('',#4739,#4740);
#4739 = CARTESIAN_POINT('',(-0.,0.));
#4740 = VECTOR('',#4741,1.);
#4741 = DIRECTION('',(-1.,0.));
#4742 = ( GEOMETRIC_REPRESENTATION_CONTEXT(2) 
PARAMETRIC_REPRESENTATION_CONTEXT() REPRESENTATION_CONTEXT('2D SPACE',''
  ) );
#4743 = ADVANCED_FACE('',(#4744,#4747,#4773,#4804,#4830,#4861,#4887,
    #4913,#4944),#4370,.T.);
#4744 = FACE_BOUND('',#4745,.T.);
#4745 = EDGE_LOOP('',(#4746));
#4746 = ORIENTED_EDGE('',*,*,#4355,.T.);
#4747 = FACE_BOUND('',#4748,.T.);
#4748 = EDGE_LOOP('',(#4749));
#4749 = ORIENTED_EDGE('',*,*,#4750,.F.);
#4750 = EDGE_CURVE('',#4751,#4751,#4753,.T.);
#4751 = VERTEX_POINT('',#4752);
#4752 = CARTESIAN_POINT('',(2.5,3.928427124746,-2.828427124746));
#4753 = SURFACE_CURVE('',#4754,(#4759,#4766),.PCURVE_S1.);
#4754 = CIRCLE('',#4755,1.1);
#4755 = AXIS2_PLACEMENT_3D('',#4756,#4757,#4758);
#4756 = CARTESIAN_POINT('',(2.5,2.828427124746,-2.828427124746));
#4757 = DIRECTION('',(1.,0.,0.));
#4758 = DIRECTION('',(0.,1.,0.));
#4759 = PCURVE('',#4370,#4760);
#4760 = DEFINITIONAL_REPRESENTATION('',(#4761),#4765);
#4761 = CIRCLE('',#4762,1.1);
#4762 = AXIS2_PLACEMENT_2D('',#4763,#4764);
#4763 = CARTESIAN_POINT('',(-2.828427124746,-2.828427124746));
#4764 = DIRECTION('',(0.,-1.));
#4765 = ( GEOMETRIC_REPRESENTATION_CONTEXT(2) 
PARAMETRIC_REPRESENTATION_CONTEXT() REPRESENTATION_CONTEXT('2D SPACE',''
  ) );
#4766 = PCURVE('',#4493,#4767);
#4767 = DEFINITIONAL_REPRESENTATION('',(#4768),#4772);
#4768 = LINE('',#4769,#4770);
#4769 = CARTESIAN_POINT('',(-0.,-2.5));
#4770 = VECTOR('',#4771,1.);
#4771 = DIRECTION('',(-1.,0.));
#4772 = ( GEOMETRIC_REPRESENTATION_CONTEXT(2) 
PARAMETRIC_REPRESENTATION_CONTEXT() REPRESENTATION_CONTEXT('2D SPACE',''
  ) );
#4773 = FACE_BOUND('',#4774,.T.);
#4774 = EDGE_LOOP('',(#4775));
#4775 = ORIENTED_EDGE('',*,*,#4776,.F.);
#4776 = EDGE_CURVE('',#4777,#4777,#4779,.T.);
#4777 = VERTEX_POINT('',#4778);
#4778 = CARTESIAN_POINT('',(2.5,6.8,0.));
#4779 = SURFACE_CURVE('',#4780,(#4785,#4792),.PCURVE_S1.);
#4780 = CIRCLE('',#4781,0.8);
#4781 = AXIS2_PLACEMENT_3D('',#4782,#4783,#4784);
#4782 = CARTESIAN_POINT('',(2.5,6.,0.));
#4783 = DIRECTION('',(1.,0.,0.));
#4784 = DIRECTION('',(0.,1.,0.));
#4785 = PCURVE('',#4370,#4786);
#4786 = DEFINITIONAL_REPRESENTATION('',(#4787),#4791);
#4787 = CIRCLE('',#4788,0.8);
#4788 = AXIS2_PLACEMENT_2D('',#4789,#4790);
#4789 = CARTESIAN_POINT('',(-6.990076196319E-16,-6.));
#4790 = DIRECTION('',(0.,-1.));
#4791 = ( GEOMETRIC_REPRESENTATION_CONTEXT(2) 
PARAMETRIC_REPRESENTATION_CONTEXT() REPRESENTATION_CONTEXT('2D SPACE',''
  ) );
#4792 = PCURVE('',#4793,#4798);
#4793 = CYLINDRICAL_SURFACE('',#4794,0.8);
#4794 = AXIS2_PLACEMENT_3D('',#4795,#4796,#4797);
#4795 = CARTESIAN_POINT('',(2.5,6.,0.));
#4796 = DIRECTION('',(1.,0.,0.));
#4797 = DIRECTION('',(0.,1.,0.));
#4798 = DEFINITIONAL_REPRESENTATION('',(#4799),#4803);
#4799 = LINE('',#4800,#4801);
#4800 = CARTESIAN_POINT('',(0.,0.));
#4801 = VECTOR('',#4802,1.);
#4802 = DIRECTION('',(1.,0.));
#4803 = ( GEOMETRIC_REPRESENTATION_CONTEXT(2) 
PARAMETRIC_REPRESENTATION_CONTEXT() REPRESENTATION_CONTEXT('2D SPACE',''
  ) );
#4804 = FACE_BOUND('',#4805,.T.);
#4805 = EDGE_LOOP('',(#4806));
#4806 = ORIENTED_EDGE('',*,*,#4807,.F.);
#4807 = EDGE_CURVE('',#4808,#4808,#4810,.T.);
#4808 = VERTEX_POINT('',#4809);
#4809 = CARTESIAN_POINT('',(2.5,3.928427124746,2.828427124746));
#4810 = SURFACE_CURVE('',#4811,(#4816,#4823),.PCURVE_S1.);
#4811 = CIRCLE('',#4812,1.1);
#4812 = AXIS2_PLACEMENT_3D('',#4813,#4814,#4815);
#4813 = CARTESIAN_POINT('',(2.5,2.828427124746,2.828427124746));
#4814 = DIRECTION('',(1.,0.,0.));
#4815 = DIRECTION('',(0.,1.,0.));
#4816 = PCURVE('',#4370,#4817);
#4817 = DEFINITIONAL_REPRESENTATION('',(#4818),#4822);
#4818 = CIRCLE('',#4819,1.1);
#4819 = AXIS2_PLACEMENT_2D('',#4820,#4821);
#4820 = CARTESIAN_POINT('',(2.828427124746,-2.828427124746));
#4821 = DIRECTION('',(0.,-1.));
#4822 = ( GEOMETRIC_REPRESENTATION_CONTEXT(2) 
PARAMETRIC_REPRESENTATION_CONTEXT() REPRESENTATION_CONTEXT('2D SPACE',''
  ) );
#4823 = PCURVE('',#4435,#4824);
#4824 = DEFINITIONAL_REPRESENTATION('',(#4825),#4829);
#4825 = LINE('',#4826,#4827);
#4826 = CARTESIAN_POINT('',(-0.,-2.5));
#4827 = VECTOR('',#4828,1.);
#4828 = DIRECTION('',(-1.,0.));
#4829 = ( GEOMETRIC_REPRESENTATION_CONTEXT(2) 
PARAMETRIC_REPRESENTATION_CONTEXT() REPRESENTATION_CONTEXT('2D SPACE',''
  ) );
#4830 = FACE_BOUND('',#4831,.T.);
#4831 = EDGE_LOOP('',(#4832));
#4832 = ORIENTED_EDGE('',*,*,#4833,.F.);
#4833 = EDGE_CURVE('',#4834,#4834,#4836,.T.);
#4834 = VERTEX_POINT('',#4835);
#4835 = CARTESIAN_POINT('',(2.5,0.8,-6.));
#4836 = SURFACE_CURVE('',#4837,(#4842,#4849),.PCURVE_S1.);
#4837 = CIRCLE('',#4838,0.8);
#4838 = AXIS2_PLACEMENT_3D('',#4839,#4840,#4841);
#4839 = CARTESIAN_POINT('',(2.5,-1.102182119233E-15,-6.));
#4840 = DIRECTION('',(1.,0.,0.));
#4841 = DIRECTION('',(0.,1.,0.));
#4842 = PCURVE('',#4370,#4843);
#4843 = DEFINITIONAL_REPRESENTATION('',(#4844),#4848);
#4844 = CIRCLE('',#4845,0.8);
#4845 = AXIS2_PLACEMENT_2D('',#4846,#4847);
#4846 = CARTESIAN_POINT('',(-6.,5.893920695303E-16));
#4847 = DIRECTION('',(0.,-1.));
#4848 = ( GEOMETRIC_REPRESENTATION_CONTEXT(2) 
PARAMETRIC_REPRESENTATION_CONTEXT() REPRESENTATION_CONTEXT('2D SPACE',''
  ) );
#4849 = PCURVE('',#4850,#4855);
#4850 = CYLINDRICAL_SURFACE('',#4851,0.8);
#4851 = AXIS2_PLACEMENT_3D('',#4852,#4853,#4854);
#4852 = CARTESIAN_POINT('',(2.5,-1.102182119233E-15,-6.));
#4853 = DIRECTION('',(1.,0.,0.));
#4854 = DIRECTION('',(0.,1.,0.));
#4855 = DEFINITIONAL_REPRESENTATION('',(#4856),#4860);
#4856 = LINE('',#4857,#4858);
#4857 = CARTESIAN_POINT('',(0.,0.));
#4858 = VECTOR('',#4859,1.);
#4859 = DIRECTION('',(1.,0.));
#4860 = ( GEOMETRIC_REPRESENTATION_CONTEXT(2) 
PARAMETRIC_REPRESENTATION_CONTEXT() REPRESENTATION_CONTEXT('2D SPACE',''
  ) );
#4861 = FACE_BOUND('',#4862,.T.);
#4862 = EDGE_LOOP('',(#4863));
#4863 = ORIENTED_EDGE('',*,*,#4864,.F.);
#4864 = EDGE_CURVE('',#4865,#4865,#4867,.T.);
#4865 = VERTEX_POINT('',#4866);
#4866 = CARTESIAN_POINT('',(2.5,-1.728427124746,-2.828427124746));
#4867 = SURFACE_CURVE('',#4868,(#4873,#4880),.PCURVE_S1.);
#4868 = CIRCLE('',#4869,1.1);
#4869 = AXIS2_PLACEMENT_3D('',#4870,#4871,#4872);
#4870 = CARTESIAN_POINT('',(2.5,-2.828427124746,-2.828427124746));
#4871 = DIRECTION('',(1.,0.,0.));
#4872 = DIRECTION('',(0.,1.,0.));
#4873 = PCURVE('',#4370,#4874);
#4874 = DEFINITIONAL_REPRESENTATION('',(#4875),#4879);
#4875 = CIRCLE('',#4876,1.1);
#4876 = AXIS2_PLACEMENT_2D('',#4877,#4878);
#4877 = CARTESIAN_POINT('',(-2.828427124746,2.828427124746));
#4878 = DIRECTION('',(0.,-1.));
#4879 = ( GEOMETRIC_REPRESENTATION_CONTEXT(2) 
PARAMETRIC_REPRESENTATION_CONTEXT() REPRESENTATION_CONTEXT('2D SPACE',''
  ) );
#4880 = PCURVE('',#4575,#4881);
#4881 = DEFINITIONAL_REPRESENTATION('',(#4882),#4886);
#4882 = LINE('',#4883,#4884);
#4883 = CARTESIAN_POINT('',(-0.,-2.5));
#4884 = VECTOR('',#4885,1.);
#4885 = DIRECTION('',(-1.,0.));
#4886 = ( GEOMETRIC_REPRESENTATION_CONTEXT(2) 
PARAMETRIC_REPRESENTATION_CONTEXT() REPRESENTATION_CONTEXT('2D SPACE',''
  ) );
#4887 = FACE_BOUND('',#4888,.T.);
#4888 = EDGE_LOOP('',(#4889));
#4889 = ORIENTED_EDGE('',*,*,#4890,.F.);
#4890 = EDGE_CURVE('',#4891,#4891,#4893,.T.);
#4891 = VERTEX_POINT('',#4892);
#4892 = CARTESIAN_POINT('',(2.5,-1.728427124746,2.828427124746));
#4893 = SURFACE_CURVE('',#4894,(#4899,#4906),.PCURVE_S1.);
#4894 = CIRCLE('',#4895,1.1);
#4895 = AXIS2_PLACEMENT_3D('',#4896,#4897,#4898);
#4896 = CARTESIAN_POINT('',(2.5,-2.828427124746,2.828427124746));
#4897 = DIRECTION('',(1.,0.,0.));
#4898 = DIRECTION('',(0.,1.,0.));
#4899 = PCURVE('',#4370,#4900);
#4900 = DEFINITIONAL_REPRESENTATION('',(#4901),#4905);
#4901 = CIRCLE('',#4902,1.1);
#4902 = AXIS2_PLACEMENT_2D('',#4903,#4904);
#4903 = CARTESIAN_POINT('',(2.828427124746,2.828427124746));
#4904 = DIRECTION('',(0.,-1.));
#4905 = ( GEOMETRIC_REPRESENTATION_CONTEXT(2) 
PARAMETRIC_REPRESENTATION_CONTEXT() REPRESENTATION_CONTEXT('2D SPACE',''
  ) );
#4906 = PCURVE('',#4657,#4907);
#4907 = DEFINITIONAL_REPRESENTATION('',(#4908),#4912);
#4908 = LINE('',#4909,#4910);
#4909 = CARTESIAN_POINT('',(-0.,-2.5));
#4910 = VECTOR('',#4911,1.);
#4911 = DIRECTION('',(-1.,0.));
#4912 = ( GEOMETRIC_REPRESENTATION_CONTEXT(2) 
PARAMETRIC_REPRESENTATION_CONTEXT() REPRESENTATION_CONTEXT('2D SPACE',''
  ) );
#4913 = FACE_BOUND('',#4914,.T.);
#4914 = EDGE_LOOP('',(#4915));
#4915 = ORIENTED_EDGE('',*,*,#4916,.F.);
#4916 = EDGE_CURVE('',#4917,#4917,#4919,.T.);
#4917 = VERTEX_POINT('',#4918);
#4918 = CARTESIAN_POINT('',(2.5,0.8,6.));
#4919 = SURFACE_CURVE('',#4920,(#4925,#4932),.PCURVE_S1.);
#4920 = CIRCLE('',#4921,0.8);
#4921 = AXIS2_PLACEMENT_3D('',#4922,#4923,#4924);
#4922 = CARTESIAN_POINT('',(2.5,3.673940397442E-16,6.));
#4923 = DIRECTION('',(1.,0.,0.));
#4924 = DIRECTION('',(0.,1.,0.));
#4925 = PCURVE('',#4370,#4926);
#4926 = DEFINITIONAL_REPRESENTATION('',(#4927),#4931);
#4927 = CIRCLE('',#4928,0.8);
#4928 = AXIS2_PLACEMENT_2D('',#4929,#4930);
#4929 = CARTESIAN_POINT('',(6.,-8.801840894465E-16));
#4930 = DIRECTION('',(0.,-1.));
#4931 = ( GEOMETRIC_REPRESENTATION_CONTEXT(2) 
PARAMETRIC_REPRESENTATION_CONTEXT() REPRESENTATION_CONTEXT('2D SPACE',''
  ) );
#4932 = PCURVE('',#4933,#4938);
#4933 = CYLINDRICAL_SURFACE('',#4934,0.8);
#4934 = AXIS2_PLACEMENT_3D('',#4935,#4936,#4937);
#4935 = CARTESIAN_POINT('',(2.5,3.673940397442E-16,6.));
#4936 = DIRECTION('',(1.,0.,0.));
#4937 = DIRECTION('',(0.,1.,0.));
#4938 = DEFINITIONAL_REPRESENTATION('',(#4939),#4943);
#4939 = LINE('',#4940,#4941);
#4940 = CARTESIAN_POINT('',(0.,0.));
#4941 = VECTOR('',#4942,1.);
#4942 = DIRECTION('',(1.,0.));
#4943 = ( GEOMETRIC_REPRESENTATION_CONTEXT(2) 
PARAMETRIC_REPRESENTATION_CONTEXT() REPRESENTATION_CONTEXT('2D SPACE',''
  ) );
#4944 = FACE_BOUND('',#4945,.T.);
#4945 = EDGE_LOOP('',(#4946));
#4946 = ORIENTED_EDGE('',*,*,#4947,.F.);
#4947 = EDGE_CURVE('',#4948,#4948,#4950,.T.);
#4948 = VERTEX_POINT('',#4949);
#4949 = CARTESIAN_POINT('',(2.5,-5.2,7.347880794884E-16));
#4950 = SURFACE_CURVE('',#4951,(#4956,#4963),.PCURVE_S1.);
#4951 = CIRCLE('',#4952,0.8);
#4952 = AXIS2_PLACEMENT_3D('',#4953,#4954,#4955);
#4953 = CARTESIAN_POINT('',(2.5,-6.,7.347880794884E-16));
#4954 = DIRECTION('',(1.,0.,0.));
#4955 = DIRECTION('',(0.,1.,0.));
#4956 = PCURVE('',#4370,#4957);
#4957 = DEFINITIONAL_REPRESENTATION('',(#4958),#4962);
#4958 = CIRCLE('',#4959,0.8);
#4959 = AXIS2_PLACEMENT_2D('',#4960,#4961);
#4960 = CARTESIAN_POINT('',(3.578045985647E-17,6.));
#4961 = DIRECTION('',(0.,-1.));
#4962 = ( GEOMETRIC_REPRESENTATION_CONTEXT(2) 
PARAMETRIC_REPRESENTATION_CONTEXT() REPRESENTATION_CONTEXT('2D SPACE',''
  ) );
#4963 = PCURVE('',#4964,#4969);
#4964 = CYLINDRICAL_SURFACE('',#4965,0.8);
#4965 = AXIS2_PLACEMENT_3D('',#4966,#4967,#4968);
#4966 = CARTESIAN_POINT('',(2.5,-6.,7.347880794884E-16));
#4967 = DIRECTION('',(1.,0.,0.));
#4968 = DIRECTION('',(0.,1.,0.));
#4969 = DEFINITIONAL_REPRESENTATION('',(#4970),#4974);
#4970 = LINE('',#4971,#4972);
#4971 = CARTESIAN_POINT('',(0.,0.));
#4972 = VECTOR('',#4973,1.);
#4973 = DIRECTION('',(1.,0.));
#4974 = ( GEOMETRIC_REPRESENTATION_CONTEXT(2) 
PARAMETRIC_REPRESENTATION_CONTEXT() REPRESENTATION_CONTEXT('2D SPACE',''
  ) );
#4975 = ADVANCED_FACE('',(#4976),#4435,.F.);
#4976 = FACE_BOUND('',#4977,.T.);
#4977 = EDGE_LOOP('',(#4978,#4979,#5000,#5001,#5002,#5003,#5024,#5057));
#4978 = ORIENTED_EDGE('',*,*,#4722,.F.);
#4979 = ORIENTED_EDGE('',*,*,#4980,.T.);
#4980 = EDGE_CURVE('',#4419,#4808,#4981,.T.);
#4981 = SEAM_CURVE('',#4982,(#4986,#4993),.PCURVE_S1.);
#4982 = LINE('',#4983,#4984);
#4983 = CARTESIAN_POINT('',(0.,3.928427124746,2.828427124746));
#4984 = VECTOR('',#4985,1.);
#4985 = DIRECTION('',(1.,0.,0.));
#4986 = PCURVE('',#4435,#4987);
#4987 = DEFINITIONAL_REPRESENTATION('',(#4988),#4992);
#4988 = LINE('',#4989,#4990);
#4989 = CARTESIAN_POINT('',(-6.28318530718,0.));
#4990 = VECTOR('',#4991,1.);
#4991 = DIRECTION('',(-0.,-1.));
#4992 = ( GEOMETRIC_REPRESENTATION_CONTEXT(2) 
PARAMETRIC_REPRESENTATION_CONTEXT() REPRESENTATION_CONTEXT('2D SPACE',''
  ) );
#4993 = PCURVE('',#4435,#4994);
#4994 = DEFINITIONAL_REPRESENTATION('',(#4995),#4999);
#4995 = LINE('',#4996,#4997);
#4996 = CARTESIAN_POINT('',(-0.,0.));
#4997 = VECTOR('',#4998,1.);
#4998 = DIRECTION('',(-0.,-1.));
#4999 = ( GEOMETRIC_REPRESENTATION_CONTEXT(2) 
PARAMETRIC_REPRESENTATION_CONTEXT() REPRESENTATION_CONTEXT('2D SPACE',''
  ) );
#5000 = ORIENTED_EDGE('',*,*,#4807,.T.);
#5001 = ORIENTED_EDGE('',*,*,#4980,.F.);
#5002 = ORIENTED_EDGE('',*,*,#4416,.F.);
#5003 = ORIENTED_EDGE('',*,*,#5004,.F.);
#5004 = EDGE_CURVE('',#5005,#4417,#5007,.T.);
#5005 = VERTEX_POINT('',#5006);
#5006 = CARTESIAN_POINT('',(1.4,2.68718843553,1.737532247744));
#5007 = SURFACE_CURVE('',#5008,(#5012,#5018),.PCURVE_S1.);
#5008 = LINE('',#5009,#5010);
#5009 = CARTESIAN_POINT('',(0.,2.68718843553,1.737532247744));
#5010 = VECTOR('',#5011,1.);
#5011 = DIRECTION('',(-1.,-0.,-0.));
#5012 = PCURVE('',#4435,#5013);
#5013 = DEFINITIONAL_REPRESENTATION('',(#5014),#5017);
#5014 = B_SPLINE_CURVE_WITH_KNOTS('',1,(#5015,#5016),.UNSPECIFIED.,.F.,
  .F.,(2,2),(-1.4000006,6.E-07),.PIECEWISE_BEZIER_KNOTS.);
#5015 = CARTESIAN_POINT('',(-4.583634726092,-1.4000006));
#5016 = CARTESIAN_POINT('',(-4.583634726092,6.E-07));
#5017 = ( GEOMETRIC_REPRESENTATION_CONTEXT(2) 
PARAMETRIC_REPRESENTATION_CONTEXT() REPRESENTATION_CONTEXT('2D SPACE',''
  ) );
#5018 = PCURVE('',#4464,#5019);
#5019 = DEFINITIONAL_REPRESENTATION('',(#5020),#5023);
#5020 = B_SPLINE_CURVE_WITH_KNOTS('',1,(#5021,#5022),.UNSPECIFIED.,.F.,
  .F.,(2,2),(-1.4,0.),.PIECEWISE_BEZIER_KNOTS.);
#5021 = CARTESIAN_POINT('',(-6.857165659237,-1.4));
#5022 = CARTESIAN_POINT('',(-6.857165659237,0.));
#5023 = ( GEOMETRIC_REPRESENTATION_CONTEXT(2) 
PARAMETRIC_REPRESENTATION_CONTEXT() REPRESENTATION_CONTEXT('2D SPACE',''
  ) );
#5024 = ORIENTED_EDGE('',*,*,#5025,.T.);
#5025 = EDGE_CURVE('',#5005,#5026,#5028,.T.);
#5026 = VERTEX_POINT('',#5027);
#5027 = CARTESIAN_POINT('',(1.4,1.737532247744,2.68718843553));
#5028 = SURFACE_CURVE('',#5029,(#5034,#5041),.PCURVE_S1.);
#5029 = CIRCLE('',#5030,1.1);
#5030 = AXIS2_PLACEMENT_3D('',#5031,#5032,#5033);
#5031 = CARTESIAN_POINT('',(1.4,2.828427124746,2.828427124746));
#5032 = DIRECTION('',(-1.,0.,0.));
#5033 = DIRECTION('',(0.,1.,0.));
#5034 = PCURVE('',#4435,#5035);
#5035 = DEFINITIONAL_REPRESENTATION('',(#5036),#5040);
#5036 = LINE('',#5037,#5038);
#5037 = CARTESIAN_POINT('',(-6.28318530718,-1.4));
#5038 = VECTOR('',#5039,1.);
#5039 = DIRECTION('',(1.,-0.));
#5040 = ( GEOMETRIC_REPRESENTATION_CONTEXT(2) 
PARAMETRIC_REPRESENTATION_CONTEXT() REPRESENTATION_CONTEXT('2D SPACE',''
  ) );
#5041 = PCURVE('',#5042,#5047);
#5042 = PLANE('',#5043);
#5043 = AXIS2_PLACEMENT_3D('',#5044,#5045,#5046);
#5044 = CARTESIAN_POINT('',(1.4,-1.068312603546E-16,2.966960495095E-16)
  );
#5045 = DIRECTION('',(1.,0.,0.));
#5046 = DIRECTION('',(-0.,0.,1.));
#5047 = DEFINITIONAL_REPRESENTATION('',(#5048),#5056);
#5048 = ( BOUNDED_CURVE() B_SPLINE_CURVE(2,(#5049,#5050,#5051,#5052,
#5053,#5054,#5055),.UNSPECIFIED.,.T.,.F.) B_SPLINE_CURVE_WITH_KNOTS((1,2
    ,2,2,2,1),(-2.094395102393,0.,2.094395102393,4.188790204786,
6.28318530718,8.377580409573),.UNSPECIFIED.) CURVE() 
GEOMETRIC_REPRESENTATION_ITEM() RATIONAL_B_SPLINE_CURVE((1.,0.5,1.,0.5,
1.,0.5,1.)) REPRESENTATION_ITEM('') );
#5049 = CARTESIAN_POINT('',(2.828427124746,-3.928427124746));
#5050 = CARTESIAN_POINT('',(0.92317123642,-3.928427124746));
#5051 = CARTESIAN_POINT('',(1.875799180583,-2.278427124746));
#5052 = CARTESIAN_POINT('',(2.828427124746,-0.628427124746));
#5053 = CARTESIAN_POINT('',(3.781055068909,-2.278427124746));
#5054 = CARTESIAN_POINT('',(4.733683013072,-3.928427124746));
#5055 = CARTESIAN_POINT('',(2.828427124746,-3.928427124746));
#5056 = ( GEOMETRIC_REPRESENTATION_CONTEXT(2) 
PARAMETRIC_REPRESENTATION_CONTEXT() REPRESENTATION_CONTEXT('2D SPACE',''
  ) );
#5057 = ORIENTED_EDGE('',*,*,#5058,.T.);
#5058 = EDGE_CURVE('',#5026,#4694,#5059,.T.);
#5059 = SURFACE_CURVE('',#5060,(#5064,#5070),.PCURVE_S1.);
#5060 = LINE('',#5061,#5062);
#5061 = CARTESIAN_POINT('',(0.,1.737532247744,2.68718843553));
#5062 = VECTOR('',#5063,1.);
#5063 = DIRECTION('',(-1.,-0.,-0.));
#5064 = PCURVE('',#4435,#5065);
#5065 = DEFINITIONAL_REPRESENTATION('',(#5066),#5069);
#5066 = B_SPLINE_CURVE_WITH_KNOTS('',1,(#5067,#5068),.UNSPECIFIED.,.F.,
  .F.,(2,2),(-1.4000006,6.E-07),.PIECEWISE_BEZIER_KNOTS.);
#5067 = CARTESIAN_POINT('',(-3.270346907882,-1.4000006));
#5068 = CARTESIAN_POINT('',(-3.270346907882,6.E-07));
#5069 = ( GEOMETRIC_REPRESENTATION_CONTEXT(2) 
PARAMETRIC_REPRESENTATION_CONTEXT() REPRESENTATION_CONTEXT('2D SPACE',''
  ) );
#5070 = PCURVE('',#4710,#5071);
#5071 = DEFINITIONAL_REPRESENTATION('',(#5072),#5075);
#5072 = B_SPLINE_CURVE_WITH_KNOTS('',1,(#5073,#5074),.UNSPECIFIED.,.F.,
  .F.,(2,2),(-1.4,0.),.PIECEWISE_BEZIER_KNOTS.);
#5073 = CARTESIAN_POINT('',(-0.996815974737,-1.4));
#5074 = CARTESIAN_POINT('',(-0.996815974737,0.));
#5075 = ( GEOMETRIC_REPRESENTATION_CONTEXT(2) 
PARAMETRIC_REPRESENTATION_CONTEXT() REPRESENTATION_CONTEXT('2D SPACE',''
  ) );
#5076 = ADVANCED_FACE('',(#5077),#4710,.F.);
#5077 = FACE_BOUND('',#5078,.T.);
#5078 = EDGE_LOOP('',(#5079,#5080,#5081,#5105));
#5079 = ORIENTED_EDGE('',*,*,#4693,.F.);
#5080 = ORIENTED_EDGE('',*,*,#5058,.F.);
#5081 = ORIENTED_EDGE('',*,*,#5082,.T.);
#5082 = EDGE_CURVE('',#5026,#5083,#5085,.T.);
#5083 = VERTEX_POINT('',#5084);
#5084 = CARTESIAN_POINT('',(1.4,-1.737532247744,2.68718843553));
#5085 = SURFACE_CURVE('',#5086,(#5091,#5098),.PCURVE_S1.);
#5086 = CIRCLE('',#5087,3.2);
#5087 = AXIS2_PLACEMENT_3D('',#5088,#5089,#5090);
#5088 = CARTESIAN_POINT('',(1.4,0.,0.));
#5089 = DIRECTION('',(1.,0.,-0.));
#5090 = DIRECTION('',(0.,0.54297882742,0.839746386103));
#5091 = PCURVE('',#4710,#5092);
#5092 = DEFINITIONAL_REPRESENTATION('',(#5093),#5097);
#5093 = LINE('',#5094,#5095);
#5094 = CARTESIAN_POINT('',(-0.996815974737,-1.4));
#5095 = VECTOR('',#5096,1.);
#5096 = DIRECTION('',(-1.,0.));
#5097 = ( GEOMETRIC_REPRESENTATION_CONTEXT(2) 
PARAMETRIC_REPRESENTATION_CONTEXT() REPRESENTATION_CONTEXT('2D SPACE',''
  ) );
#5098 = PCURVE('',#5042,#5099);
#5099 = DEFINITIONAL_REPRESENTATION('',(#5100),#5104);
#5100 = CIRCLE('',#5101,3.2);
#5101 = AXIS2_PLACEMENT_2D('',#5102,#5103);
#5102 = CARTESIAN_POINT('',(-2.966960495095E-16,-1.068312603546E-16));
#5103 = DIRECTION('',(0.839746386103,-0.54297882742));
#5104 = ( GEOMETRIC_REPRESENTATION_CONTEXT(2) 
PARAMETRIC_REPRESENTATION_CONTEXT() REPRESENTATION_CONTEXT('2D SPACE',''
  ) );
#5105 = ORIENTED_EDGE('',*,*,#5106,.T.);
#5106 = EDGE_CURVE('',#5083,#4670,#5107,.T.);
#5107 = SURFACE_CURVE('',#5108,(#5112,#5118),.PCURVE_S1.);
#5108 = LINE('',#5109,#5110);
#5109 = CARTESIAN_POINT('',(0.,-1.737532247744,2.68718843553));
#5110 = VECTOR('',#5111,1.);
#5111 = DIRECTION('',(-1.,-0.,-0.));
#5112 = PCURVE('',#4710,#5113);
#5113 = DEFINITIONAL_REPRESENTATION('',(#5114),#5117);
#5114 = B_SPLINE_CURVE_WITH_KNOTS('',1,(#5115,#5116),.UNSPECIFIED.,.F.,
  .F.,(2,2),(-1.4000006,6.E-07),.PIECEWISE_BEZIER_KNOTS.);
#5115 = CARTESIAN_POINT('',(-2.144776678853,-1.4000006));
#5116 = CARTESIAN_POINT('',(-2.144776678853,6.E-07));
#5117 = ( GEOMETRIC_REPRESENTATION_CONTEXT(2) 
PARAMETRIC_REPRESENTATION_CONTEXT() REPRESENTATION_CONTEXT('2D SPACE',''
  ) );
#5118 = PCURVE('',#4657,#5119);
#5119 = DEFINITIONAL_REPRESENTATION('',(#5120),#5123);
#5120 = B_SPLINE_CURVE_WITH_KNOTS('',1,(#5121,#5122),.UNSPECIFIED.,.F.,
  .F.,(2,2),(-1.4000006,6.E-07),.PIECEWISE_BEZIER_KNOTS.);
#5121 = CARTESIAN_POINT('',(-6.154431052887,-1.4000006));
#5122 = CARTESIAN_POINT('',(-6.154431052887,6.E-07));
#5123 = ( GEOMETRIC_REPRESENTATION_CONTEXT(2) 
PARAMETRIC_REPRESENTATION_CONTEXT() REPRESENTATION_CONTEXT('2D SPACE',''
  ) );
#5124 = ADVANCED_FACE('',(#5125),#4657,.F.);
#5125 = FACE_BOUND('',#5126,.T.);
#5126 = EDGE_LOOP('',(#5127,#5128,#5149,#5150,#5151,#5152,#5153,#5181));
#5127 = ORIENTED_EDGE('',*,*,#4640,.F.);
#5128 = ORIENTED_EDGE('',*,*,#5129,.T.);
#5129 = EDGE_CURVE('',#4641,#4891,#5130,.T.);
#5130 = SEAM_CURVE('',#5131,(#5135,#5142),.PCURVE_S1.);
#5131 = LINE('',#5132,#5133);
#5132 = CARTESIAN_POINT('',(0.,-1.728427124746,2.828427124746));
#5133 = VECTOR('',#5134,1.);
#5134 = DIRECTION('',(1.,0.,0.));
#5135 = PCURVE('',#4657,#5136);
#5136 = DEFINITIONAL_REPRESENTATION('',(#5137),#5141);
#5137 = LINE('',#5138,#5139);
#5138 = CARTESIAN_POINT('',(-6.28318530718,0.));
#5139 = VECTOR('',#5140,1.);
#5140 = DIRECTION('',(-0.,-1.));
#5141 = ( GEOMETRIC_REPRESENTATION_CONTEXT(2) 
PARAMETRIC_REPRESENTATION_CONTEXT() REPRESENTATION_CONTEXT('2D SPACE',''
  ) );
#5142 = PCURVE('',#4657,#5143);
#5143 = DEFINITIONAL_REPRESENTATION('',(#5144),#5148);
#5144 = LINE('',#5145,#5146);
#5145 = CARTESIAN_POINT('',(-0.,0.));
#5146 = VECTOR('',#5147,1.);
#5147 = DIRECTION('',(-0.,-1.));
#5148 = ( GEOMETRIC_REPRESENTATION_CONTEXT(2) 
PARAMETRIC_REPRESENTATION_CONTEXT() REPRESENTATION_CONTEXT('2D SPACE',''
  ) );
#5149 = ORIENTED_EDGE('',*,*,#4890,.T.);
#5150 = ORIENTED_EDGE('',*,*,#5129,.F.);
#5151 = ORIENTED_EDGE('',*,*,#4669,.F.);
#5152 = ORIENTED_EDGE('',*,*,#5106,.F.);
#5153 = ORIENTED_EDGE('',*,*,#5154,.T.);
#5154 = EDGE_CURVE('',#5083,#5155,#5157,.T.);
#5155 = VERTEX_POINT('',#5156);
#5156 = CARTESIAN_POINT('',(1.4,-2.68718843553,1.737532247744));
#5157 = SURFACE_CURVE('',#5158,(#5163,#5170),.PCURVE_S1.);
#5158 = CIRCLE('',#5159,1.1);
#5159 = AXIS2_PLACEMENT_3D('',#5160,#5161,#5162);
#5160 = CARTESIAN_POINT('',(1.4,-2.828427124746,2.828427124746));
#5161 = DIRECTION('',(-1.,0.,0.));
#5162 = DIRECTION('',(0.,1.,0.));
#5163 = PCURVE('',#4657,#5164);
#5164 = DEFINITIONAL_REPRESENTATION('',(#5165),#5169);
#5165 = LINE('',#5166,#5167);
#5166 = CARTESIAN_POINT('',(-6.28318530718,-1.4));
#5167 = VECTOR('',#5168,1.);
#5168 = DIRECTION('',(1.,-0.));
#5169 = ( GEOMETRIC_REPRESENTATION_CONTEXT(2) 
PARAMETRIC_REPRESENTATION_CONTEXT() REPRESENTATION_CONTEXT('2D SPACE',''
  ) );
#5170 = PCURVE('',#5042,#5171);
#5171 = DEFINITIONAL_REPRESENTATION('',(#5172),#5180);
#5172 = ( BOUNDED_CURVE() B_SPLINE_CURVE(2,(#5173,#5174,#5175,#5176,
#5177,#5178,#5179),.UNSPECIFIED.,.T.,.F.) B_SPLINE_CURVE_WITH_KNOTS((1,2
    ,2,2,2,1),(-2.094395102393,0.,2.094395102393,4.188790204786,
6.28318530718,8.377580409573),.UNSPECIFIED.) CURVE() 
GEOMETRIC_REPRESENTATION_ITEM() RATIONAL_B_SPLINE_CURVE((1.,0.5,1.,0.5,
1.,0.5,1.)) REPRESENTATION_ITEM('') );
#5173 = CARTESIAN_POINT('',(2.828427124746,1.728427124746));
#5174 = CARTESIAN_POINT('',(0.92317123642,1.728427124746));
#5175 = CARTESIAN_POINT('',(1.875799180583,3.378427124746));
#5176 = CARTESIAN_POINT('',(2.828427124746,5.028427124746));
#5177 = CARTESIAN_POINT('',(3.781055068909,3.378427124746));
#5178 = CARTESIAN_POINT('',(4.733683013072,1.728427124746));
#5179 = CARTESIAN_POINT('',(2.828427124746,1.728427124746));
#5180 = ( GEOMETRIC_REPRESENTATION_CONTEXT(2) 
PARAMETRIC_REPRESENTATION_CONTEXT() REPRESENTATION_CONTEXT('2D SPACE',''
  ) );
#5181 = ORIENTED_EDGE('',*,*,#5182,.T.);
#5182 = EDGE_CURVE('',#5155,#4612,#5183,.T.);
#5183 = SURFACE_CURVE('',#5184,(#5188,#5194),.PCURVE_S1.);
#5184 = LINE('',#5185,#5186);
#5185 = CARTESIAN_POINT('',(0.,-2.68718843553,1.737532247744));
#5186 = VECTOR('',#5187,1.);
#5187 = DIRECTION('',(-1.,-0.,-0.));
#5188 = PCURVE('',#4657,#5189);
#5189 = DEFINITIONAL_REPRESENTATION('',(#5190),#5193);
#5190 = B_SPLINE_CURVE_WITH_KNOTS('',1,(#5191,#5192),.UNSPECIFIED.,.F.,
  .F.,(2,2),(-1.4000006,6.E-07),.PIECEWISE_BEZIER_KNOTS.);
#5191 = CARTESIAN_POINT('',(-4.841143234677,-1.4000006));
#5192 = CARTESIAN_POINT('',(-4.841143234677,6.E-07));
#5193 = ( GEOMETRIC_REPRESENTATION_CONTEXT(2) 
PARAMETRIC_REPRESENTATION_CONTEXT() REPRESENTATION_CONTEXT('2D SPACE',''
  ) );
#5194 = PCURVE('',#4628,#5195);
#5195 = DEFINITIONAL_REPRESENTATION('',(#5196),#5199);
#5196 = B_SPLINE_CURVE_WITH_KNOTS('',1,(#5197,#5198),.UNSPECIFIED.,.F.,
  .F.,(2,2),(-1.4000006,6.E-07),.PIECEWISE_BEZIER_KNOTS.);
#5197 = CARTESIAN_POINT('',(-2.567612301532,-1.4000006));
#5198 = CARTESIAN_POINT('',(-2.567612301532,6.E-07));
#5199 = ( GEOMETRIC_REPRESENTATION_CONTEXT(2) 
PARAMETRIC_REPRESENTATION_CONTEXT() REPRESENTATION_CONTEXT('2D SPACE',''
  ) );
#5200 = ADVANCED_FACE('',(#5201),#4628,.F.);
#5201 = FACE_BOUND('',#5202,.T.);
#5202 = EDGE_LOOP('',(#5203,#5204,#5205,#5229));
#5203 = ORIENTED_EDGE('',*,*,#4611,.F.);
#5204 = ORIENTED_EDGE('',*,*,#5182,.F.);
#5205 = ORIENTED_EDGE('',*,*,#5206,.T.);
#5206 = EDGE_CURVE('',#5155,#5207,#5209,.T.);
#5207 = VERTEX_POINT('',#5208);
#5208 = CARTESIAN_POINT('',(1.4,-2.68718843553,-1.737532247744));
#5209 = SURFACE_CURVE('',#5210,(#5215,#5222),.PCURVE_S1.);
#5210 = CIRCLE('',#5211,3.2);
#5211 = AXIS2_PLACEMENT_3D('',#5212,#5213,#5214);
#5212 = CARTESIAN_POINT('',(1.4,0.,0.));
#5213 = DIRECTION('',(1.,0.,-0.));
#5214 = DIRECTION('',(0.,0.54297882742,0.839746386103));
#5215 = PCURVE('',#4628,#5216);
#5216 = DEFINITIONAL_REPRESENTATION('',(#5217),#5221);
#5217 = LINE('',#5218,#5219);
#5218 = CARTESIAN_POINT('',(-0.996815974737,-1.4));
#5219 = VECTOR('',#5220,1.);
#5220 = DIRECTION('',(-1.,0.));
#5221 = ( GEOMETRIC_REPRESENTATION_CONTEXT(2) 
PARAMETRIC_REPRESENTATION_CONTEXT() REPRESENTATION_CONTEXT('2D SPACE',''
  ) );
#5222 = PCURVE('',#5042,#5223);
#5223 = DEFINITIONAL_REPRESENTATION('',(#5224),#5228);
#5224 = CIRCLE('',#5225,3.2);
#5225 = AXIS2_PLACEMENT_2D('',#5226,#5227);
#5226 = CARTESIAN_POINT('',(-2.966960495095E-16,-1.068312603546E-16));
#5227 = DIRECTION('',(0.839746386103,-0.54297882742));
#5228 = ( GEOMETRIC_REPRESENTATION_CONTEXT(2) 
PARAMETRIC_REPRESENTATION_CONTEXT() REPRESENTATION_CONTEXT('2D SPACE',''
  ) );
#5229 = ORIENTED_EDGE('',*,*,#5230,.T.);
#5230 = EDGE_CURVE('',#5207,#4588,#5231,.T.);
#5231 = SURFACE_CURVE('',#5232,(#5236,#5242),.PCURVE_S1.);
#5232 = LINE('',#5233,#5234);
#5233 = CARTESIAN_POINT('',(0.,-2.68718843553,-1.737532247744));
#5234 = VECTOR('',#5235,1.);
#5235 = DIRECTION('',(-1.,-0.,-0.));
#5236 = PCURVE('',#4628,#5237);
#5237 = DEFINITIONAL_REPRESENTATION('',(#5238),#5241);
#5238 = B_SPLINE_CURVE_WITH_KNOTS('',1,(#5239,#5240),.UNSPECIFIED.,.F.,
  .F.,(2,2),(-1.4000006,6.E-07),.PIECEWISE_BEZIER_KNOTS.);
#5239 = CARTESIAN_POINT('',(-3.715573005648,-1.4000006));
#5240 = CARTESIAN_POINT('',(-3.715573005648,6.E-07));
#5241 = ( GEOMETRIC_REPRESENTATION_CONTEXT(2) 
PARAMETRIC_REPRESENTATION_CONTEXT() REPRESENTATION_CONTEXT('2D SPACE',''
  ) );
#5242 = PCURVE('',#4575,#5243);
#5243 = DEFINITIONAL_REPRESENTATION('',(#5244),#5247);
#5244 = B_SPLINE_CURVE_WITH_KNOTS('',1,(#5245,#5246),.UNSPECIFIED.,.F.,
  .F.,(2,2),(-1.4000006,6.E-07),.PIECEWISE_BEZIER_KNOTS.);
#5245 = CARTESIAN_POINT('',(-1.442042072502,-1.4000006));
#5246 = CARTESIAN_POINT('',(-1.442042072502,6.E-07));
#5247 = ( GEOMETRIC_REPRESENTATION_CONTEXT(2) 
PARAMETRIC_REPRESENTATION_CONTEXT() REPRESENTATION_CONTEXT('2D SPACE',''
  ) );
#5248 = ADVANCED_FACE('',(#5249),#4575,.F.);
#5249 = FACE_BOUND('',#5250,.T.);
#5250 = EDGE_LOOP('',(#5251,#5252,#5273,#5274,#5275,#5276,#5277,#5305));
#5251 = ORIENTED_EDGE('',*,*,#4558,.F.);
#5252 = ORIENTED_EDGE('',*,*,#5253,.T.);
#5253 = EDGE_CURVE('',#4559,#4865,#5254,.T.);
#5254 = SEAM_CURVE('',#5255,(#5259,#5266),.PCURVE_S1.);
#5255 = LINE('',#5256,#5257);
#5256 = CARTESIAN_POINT('',(0.,-1.728427124746,-2.828427124746));
#5257 = VECTOR('',#5258,1.);
#5258 = DIRECTION('',(1.,0.,0.));
#5259 = PCURVE('',#4575,#5260);
#5260 = DEFINITIONAL_REPRESENTATION('',(#5261),#5265);
#5261 = LINE('',#5262,#5263);
#5262 = CARTESIAN_POINT('',(-6.28318530718,0.));
#5263 = VECTOR('',#5264,1.);
#5264 = DIRECTION('',(-0.,-1.));
#5265 = ( GEOMETRIC_REPRESENTATION_CONTEXT(2) 
PARAMETRIC_REPRESENTATION_CONTEXT() REPRESENTATION_CONTEXT('2D SPACE',''
  ) );
#5266 = PCURVE('',#4575,#5267);
#5267 = DEFINITIONAL_REPRESENTATION('',(#5268),#5272);
#5268 = LINE('',#5269,#5270);
#5269 = CARTESIAN_POINT('',(-0.,0.));
#5270 = VECTOR('',#5271,1.);
#5271 = DIRECTION('',(-0.,-1.));
#5272 = ( GEOMETRIC_REPRESENTATION_CONTEXT(2) 
PARAMETRIC_REPRESENTATION_CONTEXT() REPRESENTATION_CONTEXT('2D SPACE',''
  ) );
#5273 = ORIENTED_EDGE('',*,*,#4864,.T.);
#5274 = ORIENTED_EDGE('',*,*,#5253,.F.);
#5275 = ORIENTED_EDGE('',*,*,#4587,.F.);
#5276 = ORIENTED_EDGE('',*,*,#5230,.F.);
#5277 = ORIENTED_EDGE('',*,*,#5278,.T.);
#5278 = EDGE_CURVE('',#5207,#5279,#5281,.T.);
#5279 = VERTEX_POINT('',#5280);
#5280 = CARTESIAN_POINT('',(1.4,-1.737532247744,-2.68718843553));
#5281 = SURFACE_CURVE('',#5282,(#5287,#5294),.PCURVE_S1.);
#5282 = CIRCLE('',#5283,1.1);
#5283 = AXIS2_PLACEMENT_3D('',#5284,#5285,#5286);
#5284 = CARTESIAN_POINT('',(1.4,-2.828427124746,-2.828427124746));
#5285 = DIRECTION('',(-1.,0.,0.));
#5286 = DIRECTION('',(0.,1.,0.));
#5287 = PCURVE('',#4575,#5288);
#5288 = DEFINITIONAL_REPRESENTATION('',(#5289),#5293);
#5289 = LINE('',#5290,#5291);
#5290 = CARTESIAN_POINT('',(-6.28318530718,-1.4));
#5291 = VECTOR('',#5292,1.);
#5292 = DIRECTION('',(1.,-0.));
#5293 = ( GEOMETRIC_REPRESENTATION_CONTEXT(2) 
PARAMETRIC_REPRESENTATION_CONTEXT() REPRESENTATION_CONTEXT('2D SPACE',''
  ) );
#5294 = PCURVE('',#5042,#5295);
#5295 = DEFINITIONAL_REPRESENTATION('',(#5296),#5304);
#5296 = ( BOUNDED_CURVE() B_SPLINE_CURVE(2,(#5297,#5298,#5299,#5300,
#5301,#5302,#5303),.UNSPECIFIED.,.T.,.F.) B_SPLINE_CURVE_WITH_KNOTS((1,2
    ,2,2,2,1),(-2.094395102393,0.,2.094395102393,4.188790204786,
6.28318530718,8.377580409573),.UNSPECIFIED.) CURVE() 
GEOMETRIC_REPRESENTATION_ITEM() RATIONAL_B_SPLINE_CURVE((1.,0.5,1.,0.5,
1.,0.5,1.)) REPRESENTATION_ITEM('') );
#5297 = CARTESIAN_POINT('',(-2.828427124746,1.728427124746));
#5298 = CARTESIAN_POINT('',(-4.733683013072,1.728427124746));
#5299 = CARTESIAN_POINT('',(-3.781055068909,3.378427124746));
#5300 = CARTESIAN_POINT('',(-2.828427124746,5.028427124746));
#5301 = CARTESIAN_POINT('',(-1.875799180583,3.378427124746));
#5302 = CARTESIAN_POINT('',(-0.92317123642,1.728427124746));
#5303 = CARTESIAN_POINT('',(-2.828427124746,1.728427124746));
#5304 = ( GEOMETRIC_REPRESENTATION_CONTEXT(2) 
PARAMETRIC_REPRESENTATION_CONTEXT() REPRESENTATION_CONTEXT('2D SPACE',''
  ) );
#5305 = ORIENTED_EDGE('',*,*,#5306,.T.);
#5306 = EDGE_CURVE('',#5279,#4530,#5307,.T.);
#5307 = SURFACE_CURVE('',#5308,(#5312,#5318),.PCURVE_S1.);
#5308 = LINE('',#5309,#5310);
#5309 = CARTESIAN_POINT('',(0.,-1.737532247744,-2.68718843553));
#5310 = VECTOR('',#5311,1.);
#5311 = DIRECTION('',(-1.,-0.,-0.));
#5312 = PCURVE('',#4575,#5313);
#5313 = DEFINITIONAL_REPRESENTATION('',(#5314),#5317);
#5314 = B_SPLINE_CURVE_WITH_KNOTS('',1,(#5315,#5316),.UNSPECIFIED.,.F.,
  .F.,(2,2),(-1.4000006,6.E-07),.PIECEWISE_BEZIER_KNOTS.);
#5315 = CARTESIAN_POINT('',(-0.128754254293,-1.4000006));
#5316 = CARTESIAN_POINT('',(-0.128754254293,6.E-07));
#5317 = ( GEOMETRIC_REPRESENTATION_CONTEXT(2) 
PARAMETRIC_REPRESENTATION_CONTEXT() REPRESENTATION_CONTEXT('2D SPACE',''
  ) );
#5318 = PCURVE('',#4546,#5319);
#5319 = DEFINITIONAL_REPRESENTATION('',(#5320),#5323);
#5320 = B_SPLINE_CURVE_WITH_KNOTS('',1,(#5321,#5322),.UNSPECIFIED.,.F.,
  .F.,(2,2),(-1.4000006,6.E-07),.PIECEWISE_BEZIER_KNOTS.);
#5321 = CARTESIAN_POINT('',(-4.138408628327,-1.4000006));
#5322 = CARTESIAN_POINT('',(-4.138408628327,6.E-07));
#5323 = ( GEOMETRIC_REPRESENTATION_CONTEXT(2) 
PARAMETRIC_REPRESENTATION_CONTEXT() REPRESENTATION_CONTEXT('2D SPACE',''
  ) );
#5324 = ADVANCED_FACE('',(#5325),#4546,.F.);
#5325 = FACE_BOUND('',#5326,.T.);
#5326 = EDGE_LOOP('',(#5327,#5328,#5329,#5353));
#5327 = ORIENTED_EDGE('',*,*,#4529,.F.);
#5328 = ORIENTED_EDGE('',*,*,#5306,.F.);
#5329 = ORIENTED_EDGE('',*,*,#5330,.T.);
#5330 = EDGE_CURVE('',#5279,#5331,#5333,.T.);
#5331 = VERTEX_POINT('',#5332);
#5332 = CARTESIAN_POINT('',(1.4,1.737532247744,-2.68718843553));
#5333 = SURFACE_CURVE('',#5334,(#5339,#5346),.PCURVE_S1.);
#5334 = CIRCLE('',#5335,3.2);
#5335 = AXIS2_PLACEMENT_3D('',#5336,#5337,#5338);
#5336 = CARTESIAN_POINT('',(1.4,0.,0.));
#5337 = DIRECTION('',(1.,0.,-0.));
#5338 = DIRECTION('',(0.,0.54297882742,0.839746386103));
#5339 = PCURVE('',#4546,#5340);
#5340 = DEFINITIONAL_REPRESENTATION('',(#5341),#5345);
#5341 = LINE('',#5342,#5343);
#5342 = CARTESIAN_POINT('',(-0.996815974737,-1.4));
#5343 = VECTOR('',#5344,1.);
#5344 = DIRECTION('',(-1.,0.));
#5345 = ( GEOMETRIC_REPRESENTATION_CONTEXT(2) 
PARAMETRIC_REPRESENTATION_CONTEXT() REPRESENTATION_CONTEXT('2D SPACE',''
  ) );
#5346 = PCURVE('',#5042,#5347);
#5347 = DEFINITIONAL_REPRESENTATION('',(#5348),#5352);
#5348 = CIRCLE('',#5349,3.2);
#5349 = AXIS2_PLACEMENT_2D('',#5350,#5351);
#5350 = CARTESIAN_POINT('',(-2.966960495095E-16,-1.068312603546E-16));
#5351 = DIRECTION('',(0.839746386103,-0.54297882742));
#5352 = ( GEOMETRIC_REPRESENTATION_CONTEXT(2) 
PARAMETRIC_REPRESENTATION_CONTEXT() REPRESENTATION_CONTEXT('2D SPACE',''
  ) );
#5353 = ORIENTED_EDGE('',*,*,#5354,.T.);
#5354 = EDGE_CURVE('',#5331,#4506,#5355,.T.);
#5355 = SURFACE_CURVE('',#5356,(#5360,#5366),.PCURVE_S1.);
#5356 = LINE('',#5357,#5358);
#5357 = CARTESIAN_POINT('',(0.,1.737532247744,-2.68718843553));
#5358 = VECTOR('',#5359,1.);
#5359 = DIRECTION('',(-1.,-0.,-0.));
#5360 = PCURVE('',#4546,#5361);
#5361 = DEFINITIONAL_REPRESENTATION('',(#5362),#5365);
#5362 = B_SPLINE_CURVE_WITH_KNOTS('',1,(#5363,#5364),.UNSPECIFIED.,.F.,
  .F.,(2,2),(-1.4000006,6.E-07),.PIECEWISE_BEZIER_KNOTS.);
#5363 = CARTESIAN_POINT('',(-5.286369332443,-1.4000006));
#5364 = CARTESIAN_POINT('',(-5.286369332443,6.E-07));
#5365 = ( GEOMETRIC_REPRESENTATION_CONTEXT(2) 
PARAMETRIC_REPRESENTATION_CONTEXT() REPRESENTATION_CONTEXT('2D SPACE',''
  ) );
#5366 = PCURVE('',#4493,#5367);
#5367 = DEFINITIONAL_REPRESENTATION('',(#5368),#5371);
#5368 = B_SPLINE_CURVE_WITH_KNOTS('',1,(#5369,#5370),.UNSPECIFIED.,.F.,
  .F.,(2,2),(-1.4000006,6.E-07),.PIECEWISE_BEZIER_KNOTS.);
#5369 = CARTESIAN_POINT('',(-3.012838399297,-1.4000006));
#5370 = CARTESIAN_POINT('',(-3.012838399297,6.E-07));
#5371 = ( GEOMETRIC_REPRESENTATION_CONTEXT(2) 
PARAMETRIC_REPRESENTATION_CONTEXT() REPRESENTATION_CONTEXT('2D SPACE',''
  ) );
#5372 = ADVANCED_FACE('',(#5373),#4493,.F.);
#5373 = FACE_BOUND('',#5374,.T.);
#5374 = EDGE_LOOP('',(#5375,#5376,#5397,#5398,#5399,#5400,#5401,#5429));
#5375 = ORIENTED_EDGE('',*,*,#4476,.F.);
#5376 = ORIENTED_EDGE('',*,*,#5377,.T.);
#5377 = EDGE_CURVE('',#4477,#4751,#5378,.T.);
#5378 = SEAM_CURVE('',#5379,(#5383,#5390),.PCURVE_S1.);
#5379 = LINE('',#5380,#5381);
#5380 = CARTESIAN_POINT('',(0.,3.928427124746,-2.828427124746));
#5381 = VECTOR('',#5382,1.);
#5382 = DIRECTION('',(1.,0.,0.));
#5383 = PCURVE('',#4493,#5384);
#5384 = DEFINITIONAL_REPRESENTATION('',(#5385),#5389);
#5385 = LINE('',#5386,#5387);
#5386 = CARTESIAN_POINT('',(-6.28318530718,0.));
#5387 = VECTOR('',#5388,1.);
#5388 = DIRECTION('',(-0.,-1.));
#5389 = ( GEOMETRIC_REPRESENTATION_CONTEXT(2) 
PARAMETRIC_REPRESENTATION_CONTEXT() REPRESENTATION_CONTEXT('2D SPACE',''
  ) );
#5390 = PCURVE('',#4493,#5391);
#5391 = DEFINITIONAL_REPRESENTATION('',(#5392),#5396);
#5392 = LINE('',#5393,#5394);
#5393 = CARTESIAN_POINT('',(-0.,0.));
#5394 = VECTOR('',#5395,1.);
#5395 = DIRECTION('',(-0.,-1.));
#5396 = ( GEOMETRIC_REPRESENTATION_CONTEXT(2) 
PARAMETRIC_REPRESENTATION_CONTEXT() REPRESENTATION_CONTEXT('2D SPACE',''
  ) );
#5397 = ORIENTED_EDGE('',*,*,#4750,.T.);
#5398 = ORIENTED_EDGE('',*,*,#5377,.F.);
#5399 = ORIENTED_EDGE('',*,*,#4505,.F.);
#5400 = ORIENTED_EDGE('',*,*,#5354,.F.);
#5401 = ORIENTED_EDGE('',*,*,#5402,.T.);
#5402 = EDGE_CURVE('',#5331,#5403,#5405,.T.);
#5403 = VERTEX_POINT('',#5404);
#5404 = CARTESIAN_POINT('',(1.4,2.68718843553,-1.737532247744));
#5405 = SURFACE_CURVE('',#5406,(#5411,#5418),.PCURVE_S1.);
#5406 = CIRCLE('',#5407,1.1);
#5407 = AXIS2_PLACEMENT_3D('',#5408,#5409,#5410);
#5408 = CARTESIAN_POINT('',(1.4,2.828427124746,-2.828427124746));
#5409 = DIRECTION('',(-1.,0.,0.));
#5410 = DIRECTION('',(0.,1.,0.));
#5411 = PCURVE('',#4493,#5412);
#5412 = DEFINITIONAL_REPRESENTATION('',(#5413),#5417);
#5413 = LINE('',#5414,#5415);
#5414 = CARTESIAN_POINT('',(-6.28318530718,-1.4));
#5415 = VECTOR('',#5416,1.);
#5416 = DIRECTION('',(1.,-0.));
#5417 = ( GEOMETRIC_REPRESENTATION_CONTEXT(2) 
PARAMETRIC_REPRESENTATION_CONTEXT() REPRESENTATION_CONTEXT('2D SPACE',''
  ) );
#5418 = PCURVE('',#5042,#5419);
#5419 = DEFINITIONAL_REPRESENTATION('',(#5420),#5428);
#5420 = ( BOUNDED_CURVE() B_SPLINE_CURVE(2,(#5421,#5422,#5423,#5424,
#5425,#5426,#5427),.UNSPECIFIED.,.T.,.F.) B_SPLINE_CURVE_WITH_KNOTS((1,2
    ,2,2,2,1),(-2.094395102393,0.,2.094395102393,4.188790204786,
6.28318530718,8.377580409573),.UNSPECIFIED.) CURVE() 
GEOMETRIC_REPRESENTATION_ITEM() RATIONAL_B_SPLINE_CURVE((1.,0.5,1.,0.5,
1.,0.5,1.)) REPRESENTATION_ITEM('') );
#5421 = CARTESIAN_POINT('',(-2.828427124746,-3.928427124746));
#5422 = CARTESIAN_POINT('',(-4.733683013072,-3.928427124746));
#5423 = CARTESIAN_POINT('',(-3.781055068909,-2.278427124746));
#5424 = CARTESIAN_POINT('',(-2.828427124746,-0.628427124746));
#5425 = CARTESIAN_POINT('',(-1.875799180583,-2.278427124746));
#5426 = CARTESIAN_POINT('',(-0.92317123642,-3.928427124746));
#5427 = CARTESIAN_POINT('',(-2.828427124746,-3.928427124746));
#5428 = ( GEOMETRIC_REPRESENTATION_CONTEXT(2) 
PARAMETRIC_REPRESENTATION_CONTEXT() REPRESENTATION_CONTEXT('2D SPACE',''
  ) );
#5429 = ORIENTED_EDGE('',*,*,#5430,.T.);
#5430 = EDGE_CURVE('',#5403,#4448,#5431,.T.);
#5431 = SURFACE_CURVE('',#5432,(#5436,#5442),.PCURVE_S1.);
#5432 = LINE('',#5433,#5434);
#5433 = CARTESIAN_POINT('',(0.,2.68718843553,-1.737532247744));
#5434 = VECTOR('',#5435,1.);
#5435 = DIRECTION('',(-1.,-0.,-0.));
#5436 = PCURVE('',#4493,#5437);
#5437 = DEFINITIONAL_REPRESENTATION('',(#5438),#5441);
#5438 = B_SPLINE_CURVE_WITH_KNOTS('',1,(#5439,#5440),.UNSPECIFIED.,.F.,
  .F.,(2,2),(-1.4000006,6.E-07),.PIECEWISE_BEZIER_KNOTS.);
#5439 = CARTESIAN_POINT('',(-1.699550581088,-1.4000006));
#5440 = CARTESIAN_POINT('',(-1.699550581088,6.E-07));
#5441 = ( GEOMETRIC_REPRESENTATION_CONTEXT(2) 
PARAMETRIC_REPRESENTATION_CONTEXT() REPRESENTATION_CONTEXT('2D SPACE',''
  ) );
#5442 = PCURVE('',#4464,#5443);
#5443 = DEFINITIONAL_REPRESENTATION('',(#5444),#5447);
#5444 = B_SPLINE_CURVE_WITH_KNOTS('',1,(#5445,#5446),.UNSPECIFIED.,.F.,
  .F.,(2,2),(-1.4000006,6.E-07),.PIECEWISE_BEZIER_KNOTS.);
#5445 = CARTESIAN_POINT('',(-5.709204955122,-1.4000006));
#5446 = CARTESIAN_POINT('',(-5.709204955122,6.E-07));
#5447 = ( GEOMETRIC_REPRESENTATION_CONTEXT(2) 
PARAMETRIC_REPRESENTATION_CONTEXT() REPRESENTATION_CONTEXT('2D SPACE',''
  ) );
#5448 = ADVANCED_FACE('',(#5449),#4464,.F.);
#5449 = FACE_BOUND('',#5450,.T.);
#5450 = EDGE_LOOP('',(#5451,#5452,#5453,#5475));
#5451 = ORIENTED_EDGE('',*,*,#4447,.F.);
#5452 = ORIENTED_EDGE('',*,*,#5430,.F.);
#5453 = ORIENTED_EDGE('',*,*,#5454,.T.);
#5454 = EDGE_CURVE('',#5403,#5005,#5455,.T.);
#5455 = SURFACE_CURVE('',#5456,(#5461,#5468),.PCURVE_S1.);
#5456 = CIRCLE('',#5457,3.2);
#5457 = AXIS2_PLACEMENT_3D('',#5458,#5459,#5460);
#5458 = CARTESIAN_POINT('',(1.4,0.,0.));
#5459 = DIRECTION('',(1.,0.,-0.));
#5460 = DIRECTION('',(0.,0.54297882742,0.839746386103));
#5461 = PCURVE('',#4464,#5462);
#5462 = DEFINITIONAL_REPRESENTATION('',(#5463),#5467);
#5463 = LINE('',#5464,#5465);
#5464 = CARTESIAN_POINT('',(-0.996815974737,-1.4));
#5465 = VECTOR('',#5466,1.);
#5466 = DIRECTION('',(-1.,0.));
#5467 = ( GEOMETRIC_REPRESENTATION_CONTEXT(2) 
PARAMETRIC_REPRESENTATION_CONTEXT() REPRESENTATION_CONTEXT('2D SPACE',''
  ) );
#5468 = PCURVE('',#5042,#5469);
#5469 = DEFINITIONAL_REPRESENTATION('',(#5470),#5474);
#5470 = CIRCLE('',#5471,3.2);
#5471 = AXIS2_PLACEMENT_2D('',#5472,#5473);
#5472 = CARTESIAN_POINT('',(-2.966960495095E-16,-1.068312603546E-16));
#5473 = DIRECTION('',(0.839746386103,-0.54297882742));
#5474 = ( GEOMETRIC_REPRESENTATION_CONTEXT(2) 
PARAMETRIC_REPRESENTATION_CONTEXT() REPRESENTATION_CONTEXT('2D SPACE',''
  ) );
#5475 = ORIENTED_EDGE('',*,*,#5004,.T.);
#5476 = ADVANCED_FACE('',(#5477),#4793,.F.);
#5477 = FACE_BOUND('',#5478,.F.);
#5478 = EDGE_LOOP('',(#5479,#5502,#5529,#5530));
#5479 = ORIENTED_EDGE('',*,*,#5480,.T.);
#5480 = EDGE_CURVE('',#4777,#5481,#5483,.T.);
#5481 = VERTEX_POINT('',#5482);
#5482 = CARTESIAN_POINT('',(0.5,6.8,0.));
#5483 = SEAM_CURVE('',#5484,(#5488,#5495),.PCURVE_S1.);
#5484 = LINE('',#5485,#5486);
#5485 = CARTESIAN_POINT('',(2.5,6.8,0.));
#5486 = VECTOR('',#5487,1.);
#5487 = DIRECTION('',(-1.,-0.,-0.));
#5488 = PCURVE('',#4793,#5489);
#5489 = DEFINITIONAL_REPRESENTATION('',(#5490),#5494);
#5490 = LINE('',#5491,#5492);
#5491 = CARTESIAN_POINT('',(0.,0.));
#5492 = VECTOR('',#5493,1.);
#5493 = DIRECTION('',(0.,-1.));
#5494 = ( GEOMETRIC_REPRESENTATION_CONTEXT(2) 
PARAMETRIC_REPRESENTATION_CONTEXT() REPRESENTATION_CONTEXT('2D SPACE',''
  ) );
#5495 = PCURVE('',#4793,#5496);
#5496 = DEFINITIONAL_REPRESENTATION('',(#5497),#5501);
#5497 = LINE('',#5498,#5499);
#5498 = CARTESIAN_POINT('',(6.28318530718,0.));
#5499 = VECTOR('',#5500,1.);
#5500 = DIRECTION('',(0.,-1.));
#5501 = ( GEOMETRIC_REPRESENTATION_CONTEXT(2) 
PARAMETRIC_REPRESENTATION_CONTEXT() REPRESENTATION_CONTEXT('2D SPACE',''
  ) );
#5502 = ORIENTED_EDGE('',*,*,#5503,.T.);
#5503 = EDGE_CURVE('',#5481,#5481,#5504,.T.);
#5504 = SURFACE_CURVE('',#5505,(#5510,#5517),.PCURVE_S1.);
#5505 = CIRCLE('',#5506,0.8);
#5506 = AXIS2_PLACEMENT_3D('',#5507,#5508,#5509);
#5507 = CARTESIAN_POINT('',(0.5,6.,0.));
#5508 = DIRECTION('',(1.,0.,0.));
#5509 = DIRECTION('',(0.,1.,0.));
#5510 = PCURVE('',#4793,#5511);
#5511 = DEFINITIONAL_REPRESENTATION('',(#5512),#5516);
#5512 = LINE('',#5513,#5514);
#5513 = CARTESIAN_POINT('',(0.,-2.));
#5514 = VECTOR('',#5515,1.);
#5515 = DIRECTION('',(1.,0.));
#5516 = ( GEOMETRIC_REPRESENTATION_CONTEXT(2) 
PARAMETRIC_REPRESENTATION_CONTEXT() REPRESENTATION_CONTEXT('2D SPACE',''
  ) );
#5517 = PCURVE('',#5518,#5523);
#5518 = PLANE('',#5519);
#5519 = AXIS2_PLACEMENT_3D('',#5520,#5521,#5522);
#5520 = CARTESIAN_POINT('',(0.5,6.,2.075838220006E-17));
#5521 = DIRECTION('',(1.,0.,0.));
#5522 = DIRECTION('',(-0.,0.,1.));
#5523 = DEFINITIONAL_REPRESENTATION('',(#5524),#5528);
#5524 = CIRCLE('',#5525,0.8);
#5525 = AXIS2_PLACEMENT_2D('',#5526,#5527);
#5526 = CARTESIAN_POINT('',(-2.075838220006E-17,0.));
#5527 = DIRECTION('',(0.,-1.));
#5528 = ( GEOMETRIC_REPRESENTATION_CONTEXT(2) 
PARAMETRIC_REPRESENTATION_CONTEXT() REPRESENTATION_CONTEXT('2D SPACE',''
  ) );
#5529 = ORIENTED_EDGE('',*,*,#5480,.F.);
#5530 = ORIENTED_EDGE('',*,*,#4776,.F.);
#5531 = ADVANCED_FACE('',(#5532),#4850,.F.);
#5532 = FACE_BOUND('',#5533,.F.);
#5533 = EDGE_LOOP('',(#5534,#5557,#5584,#5585));
#5534 = ORIENTED_EDGE('',*,*,#5535,.T.);
#5535 = EDGE_CURVE('',#4834,#5536,#5538,.T.);
#5536 = VERTEX_POINT('',#5537);
#5537 = CARTESIAN_POINT('',(0.5,0.8,-6.));
#5538 = SEAM_CURVE('',#5539,(#5543,#5550),.PCURVE_S1.);
#5539 = LINE('',#5540,#5541);
#5540 = CARTESIAN_POINT('',(2.5,0.8,-6.));
#5541 = VECTOR('',#5542,1.);
#5542 = DIRECTION('',(-1.,-0.,-0.));
#5543 = PCURVE('',#4850,#5544);
#5544 = DEFINITIONAL_REPRESENTATION('',(#5545),#5549);
#5545 = LINE('',#5546,#5547);
#5546 = CARTESIAN_POINT('',(0.,0.));
#5547 = VECTOR('',#5548,1.);
#5548 = DIRECTION('',(0.,-1.));
#5549 = ( GEOMETRIC_REPRESENTATION_CONTEXT(2) 
PARAMETRIC_REPRESENTATION_CONTEXT() REPRESENTATION_CONTEXT('2D SPACE',''
  ) );
#5550 = PCURVE('',#4850,#5551);
#5551 = DEFINITIONAL_REPRESENTATION('',(#5552),#5556);
#5552 = LINE('',#5553,#5554);
#5553 = CARTESIAN_POINT('',(6.28318530718,0.));
#5554 = VECTOR('',#5555,1.);
#5555 = DIRECTION('',(0.,-1.));
#5556 = ( GEOMETRIC_REPRESENTATION_CONTEXT(2) 
PARAMETRIC_REPRESENTATION_CONTEXT() REPRESENTATION_CONTEXT('2D SPACE',''
  ) );
#5557 = ORIENTED_EDGE('',*,*,#5558,.T.);
#5558 = EDGE_CURVE('',#5536,#5536,#5559,.T.);
#5559 = SURFACE_CURVE('',#5560,(#5565,#5572),.PCURVE_S1.);
#5560 = CIRCLE('',#5561,0.8);
#5561 = AXIS2_PLACEMENT_3D('',#5562,#5563,#5564);
#5562 = CARTESIAN_POINT('',(0.5,-1.102182119233E-15,-6.));
#5563 = DIRECTION('',(1.,0.,0.));
#5564 = DIRECTION('',(0.,1.,0.));
#5565 = PCURVE('',#4850,#5566);
#5566 = DEFINITIONAL_REPRESENTATION('',(#5567),#5571);
#5567 = LINE('',#5568,#5569);
#5568 = CARTESIAN_POINT('',(0.,-2.));
#5569 = VECTOR('',#5570,1.);
#5570 = DIRECTION('',(1.,0.));
#5571 = ( GEOMETRIC_REPRESENTATION_CONTEXT(2) 
PARAMETRIC_REPRESENTATION_CONTEXT() REPRESENTATION_CONTEXT('2D SPACE',''
  ) );
#5572 = PCURVE('',#5573,#5578);
#5573 = PLANE('',#5574);
#5574 = AXIS2_PLACEMENT_3D('',#5575,#5576,#5577);
#5575 = CARTESIAN_POINT('',(0.5,-1.095020418635E-15,-6.));
#5576 = DIRECTION('',(1.,0.,0.));
#5577 = DIRECTION('',(-0.,0.,1.));
#5578 = DEFINITIONAL_REPRESENTATION('',(#5579),#5583);
#5579 = CIRCLE('',#5580,0.8);
#5580 = AXIS2_PLACEMENT_2D('',#5581,#5582);
#5581 = CARTESIAN_POINT('',(0.,7.161700597533E-18));
#5582 = DIRECTION('',(0.,-1.));
#5583 = ( GEOMETRIC_REPRESENTATION_CONTEXT(2) 
PARAMETRIC_REPRESENTATION_CONTEXT() REPRESENTATION_CONTEXT('2D SPACE',''
  ) );
#5584 = ORIENTED_EDGE('',*,*,#5535,.F.);
#5585 = ORIENTED_EDGE('',*,*,#4833,.F.);
#5586 = ADVANCED_FACE('',(#5587),#4933,.F.);
#5587 = FACE_BOUND('',#5588,.F.);
#5588 = EDGE_LOOP('',(#5589,#5612,#5639,#5640));
#5589 = ORIENTED_EDGE('',*,*,#5590,.T.);
#5590 = EDGE_CURVE('',#4917,#5591,#5593,.T.);
#5591 = VERTEX_POINT('',#5592);
#5592 = CARTESIAN_POINT('',(0.5,0.8,6.));
#5593 = SEAM_CURVE('',#5594,(#5598,#5605),.PCURVE_S1.);
#5594 = LINE('',#5595,#5596);
#5595 = CARTESIAN_POINT('',(2.5,0.8,6.));
#5596 = VECTOR('',#5597,1.);
#5597 = DIRECTION('',(-1.,-0.,-0.));
#5598 = PCURVE('',#4933,#5599);
#5599 = DEFINITIONAL_REPRESENTATION('',(#5600),#5604);
#5600 = LINE('',#5601,#5602);
#5601 = CARTESIAN_POINT('',(0.,0.));
#5602 = VECTOR('',#5603,1.);
#5603 = DIRECTION('',(0.,-1.));
#5604 = ( GEOMETRIC_REPRESENTATION_CONTEXT(2) 
PARAMETRIC_REPRESENTATION_CONTEXT() REPRESENTATION_CONTEXT('2D SPACE',''
  ) );
#5605 = PCURVE('',#4933,#5606);
#5606 = DEFINITIONAL_REPRESENTATION('',(#5607),#5611);
#5607 = LINE('',#5608,#5609);
#5608 = CARTESIAN_POINT('',(6.28318530718,0.));
#5609 = VECTOR('',#5610,1.);
#5610 = DIRECTION('',(0.,-1.));
#5611 = ( GEOMETRIC_REPRESENTATION_CONTEXT(2) 
PARAMETRIC_REPRESENTATION_CONTEXT() REPRESENTATION_CONTEXT('2D SPACE',''
  ) );
#5612 = ORIENTED_EDGE('',*,*,#5613,.T.);
#5613 = EDGE_CURVE('',#5591,#5591,#5614,.T.);
#5614 = SURFACE_CURVE('',#5615,(#5620,#5627),.PCURVE_S1.);
#5615 = CIRCLE('',#5616,0.8);
#5616 = AXIS2_PLACEMENT_3D('',#5617,#5618,#5619);
#5617 = CARTESIAN_POINT('',(0.5,3.673940397442E-16,6.));
#5618 = DIRECTION('',(1.,0.,0.));
#5619 = DIRECTION('',(0.,1.,0.));
#5620 = PCURVE('',#4933,#5621);
#5621 = DEFINITIONAL_REPRESENTATION('',(#5622),#5626);
#5622 = LINE('',#5623,#5624);
#5623 = CARTESIAN_POINT('',(0.,-2.));
#5624 = VECTOR('',#5625,1.);
#5625 = DIRECTION('',(1.,0.));
#5626 = ( GEOMETRIC_REPRESENTATION_CONTEXT(2) 
PARAMETRIC_REPRESENTATION_CONTEXT() REPRESENTATION_CONTEXT('2D SPACE',''
  ) );
#5627 = PCURVE('',#5628,#5633);
#5628 = PLANE('',#5629);
#5629 = AXIS2_PLACEMENT_3D('',#5630,#5631,#5632);
#5630 = CARTESIAN_POINT('',(0.5,3.204937810639E-16,6.));
#5631 = DIRECTION('',(1.,0.,0.));
#5632 = DIRECTION('',(-0.,0.,1.));
#5633 = DEFINITIONAL_REPRESENTATION('',(#5634),#5638);
#5634 = CIRCLE('',#5635,0.8);
#5635 = AXIS2_PLACEMENT_2D('',#5636,#5637);
#5636 = CARTESIAN_POINT('',(8.881784197001E-16,-4.690025868028E-17));
#5637 = DIRECTION('',(0.,-1.));
#5638 = ( GEOMETRIC_REPRESENTATION_CONTEXT(2) 
PARAMETRIC_REPRESENTATION_CONTEXT() REPRESENTATION_CONTEXT('2D SPACE',''
  ) );
#5639 = ORIENTED_EDGE('',*,*,#5590,.F.);
#5640 = ORIENTED_EDGE('',*,*,#4916,.F.);
#5641 = ADVANCED_FACE('',(#5642),#4964,.F.);
#5642 = FACE_BOUND('',#5643,.F.);
#5643 = EDGE_LOOP('',(#5644,#5667,#5694,#5695));
#5644 = ORIENTED_EDGE('',*,*,#5645,.T.);
#5645 = EDGE_CURVE('',#4948,#5646,#5648,.T.);
#5646 = VERTEX_POINT('',#5647);
#5647 = CARTESIAN_POINT('',(0.5,-5.2,7.347880794884E-16));
#5648 = SEAM_CURVE('',#5649,(#5653,#5660),.PCURVE_S1.);
#5649 = LINE('',#5650,#5651);
#5650 = CARTESIAN_POINT('',(2.5,-5.2,7.347880794884E-16));
#5651 = VECTOR('',#5652,1.);
#5652 = DIRECTION('',(-1.,-0.,-0.));
#5653 = PCURVE('',#4964,#5654);
#5654 = DEFINITIONAL_REPRESENTATION('',(#5655),#5659);
#5655 = LINE('',#5656,#5657);
#5656 = CARTESIAN_POINT('',(0.,0.));
#5657 = VECTOR('',#5658,1.);
#5658 = DIRECTION('',(0.,-1.));
#5659 = ( GEOMETRIC_REPRESENTATION_CONTEXT(2) 
PARAMETRIC_REPRESENTATION_CONTEXT() REPRESENTATION_CONTEXT('2D SPACE',''
  ) );
#5660 = PCURVE('',#4964,#5661);
#5661 = DEFINITIONAL_REPRESENTATION('',(#5662),#5666);
#5662 = LINE('',#5663,#5664);
#5663 = CARTESIAN_POINT('',(6.28318530718,0.));
#5664 = VECTOR('',#5665,1.);
#5665 = DIRECTION('',(0.,-1.));
#5666 = ( GEOMETRIC_REPRESENTATION_CONTEXT(2) 
PARAMETRIC_REPRESENTATION_CONTEXT() REPRESENTATION_CONTEXT('2D SPACE',''
  ) );
#5667 = ORIENTED_EDGE('',*,*,#5668,.T.);
#5668 = EDGE_CURVE('',#5646,#5646,#5669,.T.);
#5669 = SURFACE_CURVE('',#5670,(#5675,#5682),.PCURVE_S1.);
#5670 = CIRCLE('',#5671,0.8);
#5671 = AXIS2_PLACEMENT_3D('',#5672,#5673,#5674);
#5672 = CARTESIAN_POINT('',(0.5,-6.,7.347880794884E-16));
#5673 = DIRECTION('',(1.,0.,0.));
#5674 = DIRECTION('',(0.,1.,0.));
#5675 = PCURVE('',#4964,#5676);
#5676 = DEFINITIONAL_REPRESENTATION('',(#5677),#5681);
#5677 = LINE('',#5678,#5679);
#5678 = CARTESIAN_POINT('',(0.,-2.));
#5679 = VECTOR('',#5680,1.);
#5680 = DIRECTION('',(1.,0.));
#5681 = ( GEOMETRIC_REPRESENTATION_CONTEXT(2) 
PARAMETRIC_REPRESENTATION_CONTEXT() REPRESENTATION_CONTEXT('2D SPACE',''
  ) );
#5682 = PCURVE('',#5683,#5688);
#5683 = PLANE('',#5684);
#5684 = AXIS2_PLACEMENT_3D('',#5685,#5686,#5687);
#5685 = CARTESIAN_POINT('',(0.5,-6.,8.109184393313E-16));
#5686 = DIRECTION('',(1.,0.,0.));
#5687 = DIRECTION('',(-0.,0.,1.));
#5688 = DEFINITIONAL_REPRESENTATION('',(#5689),#5693);
#5689 = CIRCLE('',#5690,0.8);
#5690 = AXIS2_PLACEMENT_2D('',#5691,#5692);
#5691 = CARTESIAN_POINT('',(-7.61303598429E-17,0.));
#5692 = DIRECTION('',(0.,-1.));
#5693 = ( GEOMETRIC_REPRESENTATION_CONTEXT(2) 
PARAMETRIC_REPRESENTATION_CONTEXT() REPRESENTATION_CONTEXT('2D SPACE',''
  ) );
#5694 = ORIENTED_EDGE('',*,*,#5645,.F.);
#5695 = ORIENTED_EDGE('',*,*,#4947,.F.);
#5696 = ADVANCED_FACE('',(#5697),#5042,.F.);
#5697 = FACE_BOUND('',#5698,.F.);
#5698 = EDGE_LOOP('',(#5699,#5700,#5701,#5702,#5703,#5704,#5705,#5706));
#5699 = ORIENTED_EDGE('',*,*,#5278,.T.);
#5700 = ORIENTED_EDGE('',*,*,#5330,.T.);
#5701 = ORIENTED_EDGE('',*,*,#5402,.T.);
#5702 = ORIENTED_EDGE('',*,*,#5454,.T.);
#5703 = ORIENTED_EDGE('',*,*,#5025,.T.);
#5704 = ORIENTED_EDGE('',*,*,#5082,.T.);
#5705 = ORIENTED_EDGE('',*,*,#5154,.T.);
#5706 = ORIENTED_EDGE('',*,*,#5206,.T.);
#5707 = ADVANCED_FACE('',(#5708),#5518,.T.);
#5708 = FACE_BOUND('',#5709,.T.);
#5709 = EDGE_LOOP('',(#5710));
#5710 = ORIENTED_EDGE('',*,*,#5503,.T.);
#5711 = ADVANCED_FACE('',(#5712),#5573,.T.);
#5712 = FACE_BOUND('',#5713,.T.);
#5713 = EDGE_LOOP('',(#5714));
#5714 = ORIENTED_EDGE('',*,*,#5558,.T.);
#5715 = ADVANCED_FACE('',(#5716),#5628,.T.);
#5716 = FACE_BOUND('',#5717,.T.);
#5717 = EDGE_LOOP('',(#5718));
#5718 = ORIENTED_EDGE('',*,*,#5613,.T.);
#5719 = ADVANCED_FACE('',(#5720),#5683,.T.);
#5720 = FACE_BOUND('',#5721,.T.);
#5721 = EDGE_LOOP('',(#5722));
#5722 = ORIENTED_EDGE('',*,*,#5668,.T.);
#5723 = ( GEOMETRIC_REPRESENTATION_CONTEXT(3) 
GLOBAL_UNCERTAINTY_ASSIGNED_CONTEXT((#5727)) 
GLOBAL_UNIT_ASSIGNED_CONTEXT((#5724,#5725,#5726)) REPRESENTATION_CONTEXT
('Context #1','3D Context with UNIT and UNCERTAINTY') );
#5724 = ( LENGTH_UNIT() NAMED_UNIT(*) SI_UNIT(.MILLI.,.METRE.) );
#5725 = ( NAMED_UNIT(*) PLANE_ANGLE_UNIT() SI_UNIT($,.RADIAN.) );
#5726 = ( NAMED_UNIT(*) SI_UNIT($,.STERADIAN.) SOLID_ANGLE_UNIT() );
#5727 = UNCERTAINTY_MEASURE_WITH_UNIT(LENGTH_MEASURE(1.E-07),#5724,
  'distance_accuracy_value','confusion accuracy');
#5728 = CONTEXT_DEPENDENT_SHAPE_REPRESENTATION(#5729,#5731);
#5729 = ( REPRESENTATION_RELATIONSHIP('','',#4318,#10) 
REPRESENTATION_RELATIONSHIP_WITH_TRANSFORMATION(#5730) 
SHAPE_REPRESENTATION_RELATIONSHIP() );
#5730 = ITEM_DEFINED_TRANSFORMATION('','',#11,#23);
#5731 = PRODUCT_DEFINITION_SHAPE('Placement','Placement of an item',
  #5732);
#5732 = NEXT_ASSEMBLY_USAGE_OCCURRENCE('3','horn_adapter','',#5,#4313,$
  );
#5733 = PRODUCT_RELATED_PRODUCT_CATEGORY('part',$,(#4315));
#5734 = SHAPE_DEFINITION_REPRESENTATION(#5735,#5741);
#5735 = PRODUCT_DEFINITION_SHAPE('','',#5736);
#5736 = PRODUCT_DEFINITION('design','',#5737,#5740);
#5737 = PRODUCT_DEFINITION_FORMATION('','',#5738);
#5738 = PRODUCT('tail_sleeve','tail_sleeve','',(#5739));
#5739 = PRODUCT_CONTEXT('',#2,'mechanical');
#5740 = PRODUCT_DEFINITION_CONTEXT('part definition',#2,'design');
#5741 = ADVANCED_BREP_SHAPE_REPRESENTATION('',(#11,#5742),#6022);
#5742 = MANIFOLD_SOLID_BREP('',#5743);
#5743 = CLOSED_SHELL('',(#5744,#5832,#5867,#5906,#5961,#6015));
#5744 = ADVANCED_FACE('',(#5745),#5759,.T.);
#5745 = FACE_BOUND('',#5746,.F.);
#5746 = EDGE_LOOP('',(#5747,#5777,#5804,#5805));
#5747 = ORIENTED_EDGE('',*,*,#5748,.T.);
#5748 = EDGE_CURVE('',#5749,#5751,#5753,.T.);
#5749 = VERTEX_POINT('',#5750);
#5750 = CARTESIAN_POINT('',(5.,9.5,0.));
#5751 = VERTEX_POINT('',#5752);
#5752 = CARTESIAN_POINT('',(6.,9.5,0.));
#5753 = SEAM_CURVE('',#5754,(#5758,#5770),.PCURVE_S1.);
#5754 = LINE('',#5755,#5756);
#5755 = CARTESIAN_POINT('',(5.,9.5,0.));
#5756 = VECTOR('',#5757,1.);
#5757 = DIRECTION('',(1.,0.,0.));
#5758 = PCURVE('',#5759,#5764);
#5759 = CYLINDRICAL_SURFACE('',#5760,9.5);
#5760 = AXIS2_PLACEMENT_3D('',#5761,#5762,#5763);
#5761 = CARTESIAN_POINT('',(5.,0.,0.));
#5762 = DIRECTION('',(-1.,-0.,-0.));
#5763 = DIRECTION('',(0.,1.,0.));
#5764 = DEFINITIONAL_REPRESENTATION('',(#5765),#5769);
#5765 = LINE('',#5766,#5767);
#5766 = CARTESIAN_POINT('',(-0.,0.));
#5767 = VECTOR('',#5768,1.);
#5768 = DIRECTION('',(-0.,-1.));
#5769 = ( GEOMETRIC_REPRESENTATION_CONTEXT(2) 
PARAMETRIC_REPRESENTATION_CONTEXT() REPRESENTATION_CONTEXT('2D SPACE',''
  ) );
#5770 = PCURVE('',#5759,#5771);
#5771 = DEFINITIONAL_REPRESENTATION('',(#5772),#5776);
#5772 = LINE('',#5773,#5774);
#5773 = CARTESIAN_POINT('',(-6.28318530718,0.));
#5774 = VECTOR('',#5775,1.);
#5775 = DIRECTION('',(-0.,-1.));
#5776 = ( GEOMETRIC_REPRESENTATION_CONTEXT(2) 
PARAMETRIC_REPRESENTATION_CONTEXT() REPRESENTATION_CONTEXT('2D SPACE',''
  ) );
#5777 = ORIENTED_EDGE('',*,*,#5778,.T.);
#5778 = EDGE_CURVE('',#5751,#5751,#5779,.T.);
#5779 = SURFACE_CURVE('',#5780,(#5785,#5792),.PCURVE_S1.);
#5780 = CIRCLE('',#5781,9.5);
#5781 = AXIS2_PLACEMENT_3D('',#5782,#5783,#5784);
#5782 = CARTESIAN_POINT('',(6.,0.,0.));
#5783 = DIRECTION('',(1.,0.,0.));
#5784 = DIRECTION('',(0.,1.,0.));
#5785 = PCURVE('',#5759,#5786);
#5786 = DEFINITIONAL_REPRESENTATION('',(#5787),#5791);
#5787 = LINE('',#5788,#5789);
#5788 = CARTESIAN_POINT('',(-0.,-1.));
#5789 = VECTOR('',#5790,1.);
#5790 = DIRECTION('',(-1.,0.));
#5791 = ( GEOMETRIC_REPRESENTATION_CONTEXT(2) 
PARAMETRIC_REPRESENTATION_CONTEXT() REPRESENTATION_CONTEXT('2D SPACE',''
  ) );
#5792 = PCURVE('',#5793,#5798);
#5793 = PLANE('',#5794);
#5794 = AXIS2_PLACEMENT_3D('',#5795,#5796,#5797);
#5795 = CARTESIAN_POINT('',(6.,-8.636463994986E-16,1.879594466024E-16));
#5796 = DIRECTION('',(1.,0.,0.));
#5797 = DIRECTION('',(-0.,0.,1.));
#5798 = DEFINITIONAL_REPRESENTATION('',(#5799),#5803);
#5799 = CIRCLE('',#5800,9.5);
#5800 = AXIS2_PLACEMENT_2D('',#5801,#5802);
#5801 = CARTESIAN_POINT('',(-1.879594466024E-16,-8.636463994986E-16));
#5802 = DIRECTION('',(0.,-1.));
#5803 = ( GEOMETRIC_REPRESENTATION_CONTEXT(2) 
PARAMETRIC_REPRESENTATION_CONTEXT() REPRESENTATION_CONTEXT('2D SPACE',''
  ) );
#5804 = ORIENTED_EDGE('',*,*,#5748,.F.);
#5805 = ORIENTED_EDGE('',*,*,#5806,.F.);
#5806 = EDGE_CURVE('',#5749,#5749,#5807,.T.);
#5807 = SURFACE_CURVE('',#5808,(#5813,#5820),.PCURVE_S1.);
#5808 = CIRCLE('',#5809,9.5);
#5809 = AXIS2_PLACEMENT_3D('',#5810,#5811,#5812);
#5810 = CARTESIAN_POINT('',(5.,0.,0.));
#5811 = DIRECTION('',(1.,0.,0.));
#5812 = DIRECTION('',(0.,1.,0.));
#5813 = PCURVE('',#5759,#5814);
#5814 = DEFINITIONAL_REPRESENTATION('',(#5815),#5819);
#5815 = LINE('',#5816,#5817);
#5816 = CARTESIAN_POINT('',(-0.,0.));
#5817 = VECTOR('',#5818,1.);
#5818 = DIRECTION('',(-1.,0.));
#5819 = ( GEOMETRIC_REPRESENTATION_CONTEXT(2) 
PARAMETRIC_REPRESENTATION_CONTEXT() REPRESENTATION_CONTEXT('2D SPACE',''
  ) );
#5820 = PCURVE('',#5821,#5826);
#5821 = PLANE('',#5822);
#5822 = AXIS2_PLACEMENT_3D('',#5823,#5824,#5825);
#5823 = CARTESIAN_POINT('',(5.,-8.636463994986E-16,1.879594466024E-16));
#5824 = DIRECTION('',(1.,0.,0.));
#5825 = DIRECTION('',(-0.,0.,1.));
#5826 = DEFINITIONAL_REPRESENTATION('',(#5827),#5831);
#5827 = CIRCLE('',#5828,9.5);
#5828 = AXIS2_PLACEMENT_2D('',#5829,#5830);
#5829 = CARTESIAN_POINT('',(-1.879594466024E-16,-8.636463994986E-16));
#5830 = DIRECTION('',(0.,-1.));
#5831 = ( GEOMETRIC_REPRESENTATION_CONTEXT(2) 
PARAMETRIC_REPRESENTATION_CONTEXT() REPRESENTATION_CONTEXT('2D SPACE',''
  ) );
#5832 = ADVANCED_FACE('',(#5833,#5836),#5821,.F.);
#5833 = FACE_BOUND('',#5834,.F.);
#5834 = EDGE_LOOP('',(#5835));
#5835 = ORIENTED_EDGE('',*,*,#5806,.T.);
#5836 = FACE_BOUND('',#5837,.F.);
#5837 = EDGE_LOOP('',(#5838));
#5838 = ORIENTED_EDGE('',*,*,#5839,.F.);
#5839 = EDGE_CURVE('',#5840,#5840,#5842,.T.);
#5840 = VERTEX_POINT('',#5841);
#5841 = CARTESIAN_POINT('',(5.,8.,0.));
#5842 = SURFACE_CURVE('',#5843,(#5848,#5855),.PCURVE_S1.);
#5843 = CIRCLE('',#5844,8.);
#5844 = AXIS2_PLACEMENT_3D('',#5845,#5846,#5847);
#5845 = CARTESIAN_POINT('',(5.,0.,0.));
#5846 = DIRECTION('',(1.,0.,0.));
#5847 = DIRECTION('',(0.,1.,0.));
#5848 = PCURVE('',#5821,#5849);
#5849 = DEFINITIONAL_REPRESENTATION('',(#5850),#5854);
#5850 = CIRCLE('',#5851,8.);
#5851 = AXIS2_PLACEMENT_2D('',#5852,#5853);
#5852 = CARTESIAN_POINT('',(-1.879594466024E-16,-8.636463994986E-16));
#5853 = DIRECTION('',(0.,-1.));
#5854 = ( GEOMETRIC_REPRESENTATION_CONTEXT(2) 
PARAMETRIC_REPRESENTATION_CONTEXT() REPRESENTATION_CONTEXT('2D SPACE',''
  ) );
#5855 = PCURVE('',#5856,#5861);
#5856 = CYLINDRICAL_SURFACE('',#5857,8.);
#5857 = AXIS2_PLACEMENT_3D('',#5858,#5859,#5860);
#5858 = CARTESIAN_POINT('',(0.,0.,0.));
#5859 = DIRECTION('',(-1.,-0.,-0.));
#5860 = DIRECTION('',(0.,1.,0.));
#5861 = DEFINITIONAL_REPRESENTATION('',(#5862),#5866);
#5862 = LINE('',#5863,#5864);
#5863 = CARTESIAN_POINT('',(-0.,-5.));
#5864 = VECTOR('',#5865,1.);
#5865 = DIRECTION('',(-1.,0.));
#5866 = ( GEOMETRIC_REPRESENTATION_CONTEXT(2) 
PARAMETRIC_REPRESENTATION_CONTEXT() REPRESENTATION_CONTEXT('2D SPACE',''
  ) );
#5867 = ADVANCED_FACE('',(#5868,#5871),#5793,.T.);
#5868 = FACE_BOUND('',#5869,.T.);
#5869 = EDGE_LOOP('',(#5870));
#5870 = ORIENTED_EDGE('',*,*,#5778,.T.);
#5871 = FACE_BOUND('',#5872,.T.);
#5872 = EDGE_LOOP('',(#5873));
#5873 = ORIENTED_EDGE('',*,*,#5874,.T.);
#5874 = EDGE_CURVE('',#5875,#5875,#5877,.T.);
#5875 = VERTEX_POINT('',#5876);
#5876 = CARTESIAN_POINT('',(6.,1.55,0.));
#5877 = SURFACE_CURVE('',#5878,(#5883,#5894),.PCURVE_S1.);
#5878 = CIRCLE('',#5879,1.55);
#5879 = AXIS2_PLACEMENT_3D('',#5880,#5881,#5882);
#5880 = CARTESIAN_POINT('',(6.,0.,0.));
#5881 = DIRECTION('',(-1.,0.,0.));
#5882 = DIRECTION('',(0.,1.,0.));
#5883 = PCURVE('',#5793,#5884);
#5884 = DEFINITIONAL_REPRESENTATION('',(#5885),#5893);
#5885 = ( BOUNDED_CURVE() B_SPLINE_CURVE(2,(#5886,#5887,#5888,#5889,
#5890,#5891,#5892),.UNSPECIFIED.,.T.,.F.) B_SPLINE_CURVE_WITH_KNOTS((1,2
    ,2,2,2,1),(-2.094395102393,0.,2.094395102393,4.188790204786,
6.28318530718,8.377580409573),.UNSPECIFIED.) CURVE() 
GEOMETRIC_REPRESENTATION_ITEM() RATIONAL_B_SPLINE_CURVE((1.,0.5,1.,0.5,
1.,0.5,1.)) REPRESENTATION_ITEM('') );
#5886 = CARTESIAN_POINT('',(-1.879594466024E-16,-1.55));
#5887 = CARTESIAN_POINT('',(-2.684678751732,-1.55));
#5888 = CARTESIAN_POINT('',(-1.342339375866,0.775));
#5889 = CARTESIAN_POINT('',(-5.675999543381E-16,3.1));
#5890 = CARTESIAN_POINT('',(1.342339375866,0.775));
#5891 = CARTESIAN_POINT('',(2.684678751732,-1.55));
#5892 = CARTESIAN_POINT('',(-1.879594466024E-16,-1.55));
#5893 = ( GEOMETRIC_REPRESENTATION_CONTEXT(2) 
PARAMETRIC_REPRESENTATION_CONTEXT() REPRESENTATION_CONTEXT('2D SPACE',''
  ) );
#5894 = PCURVE('',#5895,#5900);
#5895 = CYLINDRICAL_SURFACE('',#5896,1.55);
#5896 = AXIS2_PLACEMENT_3D('',#5897,#5898,#5899);
#5897 = CARTESIAN_POINT('',(-1.,0.,0.));
#5898 = DIRECTION('',(-1.,-0.,-0.));
#5899 = DIRECTION('',(0.,1.,0.));
#5900 = DEFINITIONAL_REPRESENTATION('',(#5901),#5905);
#5901 = LINE('',#5902,#5903);
#5902 = CARTESIAN_POINT('',(-6.28318530718,-7.));
#5903 = VECTOR('',#5904,1.);
#5904 = DIRECTION('',(1.,-0.));
#5905 = ( GEOMETRIC_REPRESENTATION_CONTEXT(2) 
PARAMETRIC_REPRESENTATION_CONTEXT() REPRESENTATION_CONTEXT('2D SPACE',''
  ) );
#5906 = ADVANCED_FACE('',(#5907),#5856,.T.);
#5907 = FACE_BOUND('',#5908,.F.);
#5908 = EDGE_LOOP('',(#5909,#5932,#5933,#5934));
#5909 = ORIENTED_EDGE('',*,*,#5910,.T.);
#5910 = EDGE_CURVE('',#5911,#5840,#5913,.T.);
#5911 = VERTEX_POINT('',#5912);
#5912 = CARTESIAN_POINT('',(0.,8.,0.));
#5913 = SEAM_CURVE('',#5914,(#5918,#5925),.PCURVE_S1.);
#5914 = LINE('',#5915,#5916);
#5915 = CARTESIAN_POINT('',(0.,8.,0.));
#5916 = VECTOR('',#5917,1.);
#5917 = DIRECTION('',(1.,0.,0.));
#5918 = PCURVE('',#5856,#5919);
#5919 = DEFINITIONAL_REPRESENTATION('',(#5920),#5924);
#5920 = LINE('',#5921,#5922);
#5921 = CARTESIAN_POINT('',(-0.,0.));
#5922 = VECTOR('',#5923,1.);
#5923 = DIRECTION('',(-0.,-1.));
#5924 = ( GEOMETRIC_REPRESENTATION_CONTEXT(2) 
PARAMETRIC_REPRESENTATION_CONTEXT() REPRESENTATION_CONTEXT('2D SPACE',''
  ) );
#5925 = PCURVE('',#5856,#5926);
#5926 = DEFINITIONAL_REPRESENTATION('',(#5927),#5931);
#5927 = LINE('',#5928,#5929);
#5928 = CARTESIAN_POINT('',(-6.28318530718,0.));
#5929 = VECTOR('',#5930,1.);
#5930 = DIRECTION('',(-0.,-1.));
#5931 = ( GEOMETRIC_REPRESENTATION_CONTEXT(2) 
PARAMETRIC_REPRESENTATION_CONTEXT() REPRESENTATION_CONTEXT('2D SPACE',''
  ) );
#5932 = ORIENTED_EDGE('',*,*,#5839,.T.);
#5933 = ORIENTED_EDGE('',*,*,#5910,.F.);
#5934 = ORIENTED_EDGE('',*,*,#5935,.F.);
#5935 = EDGE_CURVE('',#5911,#5911,#5936,.T.);
#5936 = SURFACE_CURVE('',#5937,(#5942,#5949),.PCURVE_S1.);
#5937 = CIRCLE('',#5938,8.);
#5938 = AXIS2_PLACEMENT_3D('',#5939,#5940,#5941);
#5939 = CARTESIAN_POINT('',(0.,0.,0.));
#5940 = DIRECTION('',(1.,0.,0.));
#5941 = DIRECTION('',(0.,1.,0.));
#5942 = PCURVE('',#5856,#5943);
#5943 = DEFINITIONAL_REPRESENTATION('',(#5944),#5948);
#5944 = LINE('',#5945,#5946);
#5945 = CARTESIAN_POINT('',(-0.,0.));
#5946 = VECTOR('',#5947,1.);
#5947 = DIRECTION('',(-1.,0.));
#5948 = ( GEOMETRIC_REPRESENTATION_CONTEXT(2) 
PARAMETRIC_REPRESENTATION_CONTEXT() REPRESENTATION_CONTEXT('2D SPACE',''
  ) );
#5949 = PCURVE('',#5950,#5955);
#5950 = PLANE('',#5951);
#5951 = AXIS2_PLACEMENT_3D('',#5952,#5953,#5954);
#5952 = CARTESIAN_POINT('',(0.,-5.127900497023E-16,6.990076196319E-16));
#5953 = DIRECTION('',(1.,0.,0.));
#5954 = DIRECTION('',(-0.,0.,1.));
#5955 = DEFINITIONAL_REPRESENTATION('',(#5956),#5960);
#5956 = CIRCLE('',#5957,8.);
#5957 = AXIS2_PLACEMENT_2D('',#5958,#5959);
#5958 = CARTESIAN_POINT('',(-6.990076196319E-16,-5.127900497023E-16));
#5959 = DIRECTION('',(0.,-1.));
#5960 = ( GEOMETRIC_REPRESENTATION_CONTEXT(2) 
PARAMETRIC_REPRESENTATION_CONTEXT() REPRESENTATION_CONTEXT('2D SPACE',''
  ) );
#5961 = ADVANCED_FACE('',(#5962),#5895,.F.);
#5962 = FACE_BOUND('',#5963,.T.);
#5963 = EDGE_LOOP('',(#5964,#5992,#6013,#6014));
#5964 = ORIENTED_EDGE('',*,*,#5965,.T.);
#5965 = EDGE_CURVE('',#5966,#5966,#5968,.T.);
#5966 = VERTEX_POINT('',#5967);
#5967 = CARTESIAN_POINT('',(0.,1.55,0.));
#5968 = SURFACE_CURVE('',#5969,(#5974,#5981),.PCURVE_S1.);
#5969 = CIRCLE('',#5970,1.55);
#5970 = AXIS2_PLACEMENT_3D('',#5971,#5972,#5973);
#5971 = CARTESIAN_POINT('',(0.,0.,0.));
#5972 = DIRECTION('',(-1.,0.,0.));
#5973 = DIRECTION('',(0.,1.,0.));
#5974 = PCURVE('',#5895,#5975);
#5975 = DEFINITIONAL_REPRESENTATION('',(#5976),#5980);
#5976 = LINE('',#5977,#5978);
#5977 = CARTESIAN_POINT('',(-6.28318530718,-1.));
#5978 = VECTOR('',#5979,1.);
#5979 = DIRECTION('',(1.,-0.));
#5980 = ( GEOMETRIC_REPRESENTATION_CONTEXT(2) 
PARAMETRIC_REPRESENTATION_CONTEXT() REPRESENTATION_CONTEXT('2D SPACE',''
  ) );
#5981 = PCURVE('',#5950,#5982);
#5982 = DEFINITIONAL_REPRESENTATION('',(#5983),#5991);
#5983 = ( BOUNDED_CURVE() B_SPLINE_CURVE(2,(#5984,#5985,#5986,#5987,
#5988,#5989,#5990),.UNSPECIFIED.,.T.,.F.) B_SPLINE_CURVE_WITH_KNOTS((1,2
    ,2,2,2,1),(-2.094395102393,0.,2.094395102393,4.188790204786,
6.28318530718,8.377580409573),.UNSPECIFIED.) CURVE() 
GEOMETRIC_REPRESENTATION_ITEM() RATIONAL_B_SPLINE_CURVE((1.,0.5,1.,0.5,
1.,0.5,1.)) REPRESENTATION_ITEM('') );
#5984 = CARTESIAN_POINT('',(-6.990076196319E-16,-1.55));
#5985 = CARTESIAN_POINT('',(-2.684678751732,-1.55));
#5986 = CARTESIAN_POINT('',(-1.342339375866,0.775));
#5987 = CARTESIAN_POINT('',(-1.078648127368E-15,3.1));
#5988 = CARTESIAN_POINT('',(1.342339375866,0.775));
#5989 = CARTESIAN_POINT('',(2.684678751732,-1.55));
#5990 = CARTESIAN_POINT('',(-6.990076196319E-16,-1.55));
#5991 = ( GEOMETRIC_REPRESENTATION_CONTEXT(2) 
PARAMETRIC_REPRESENTATION_CONTEXT() REPRESENTATION_CONTEXT('2D SPACE',''
  ) );
#5992 = ORIENTED_EDGE('',*,*,#5993,.T.);
#5993 = EDGE_CURVE('',#5966,#5875,#5994,.T.);
#5994 = SEAM_CURVE('',#5995,(#5999,#6006),.PCURVE_S1.);
#5995 = LINE('',#5996,#5997);
#5996 = CARTESIAN_POINT('',(-1.,1.55,0.));
#5997 = VECTOR('',#5998,1.);
#5998 = DIRECTION('',(1.,0.,0.));
#5999 = PCURVE('',#5895,#6000);
#6000 = DEFINITIONAL_REPRESENTATION('',(#6001),#6005);
#6001 = LINE('',#6002,#6003);
#6002 = CARTESIAN_POINT('',(-6.28318530718,0.));
#6003 = VECTOR('',#6004,1.);
#6004 = DIRECTION('',(-0.,-1.));
#6005 = ( GEOMETRIC_REPRESENTATION_CONTEXT(2) 
PARAMETRIC_REPRESENTATION_CONTEXT() REPRESENTATION_CONTEXT('2D SPACE',''
  ) );
#6006 = PCURVE('',#5895,#6007);
#6007 = DEFINITIONAL_REPRESENTATION('',(#6008),#6012);
#6008 = LINE('',#6009,#6010);
#6009 = CARTESIAN_POINT('',(-0.,0.));
#6010 = VECTOR('',#6011,1.);
#6011 = DIRECTION('',(-0.,-1.));
#6012 = ( GEOMETRIC_REPRESENTATION_CONTEXT(2) 
PARAMETRIC_REPRESENTATION_CONTEXT() REPRESENTATION_CONTEXT('2D SPACE',''
  ) );
#6013 = ORIENTED_EDGE('',*,*,#5874,.F.);
#6014 = ORIENTED_EDGE('',*,*,#5993,.F.);
#6015 = ADVANCED_FACE('',(#6016,#6019),#5950,.F.);
#6016 = FACE_BOUND('',#6017,.F.);
#6017 = EDGE_LOOP('',(#6018));
#6018 = ORIENTED_EDGE('',*,*,#5935,.T.);
#6019 = FACE_BOUND('',#6020,.F.);
#6020 = EDGE_LOOP('',(#6021));
#6021 = ORIENTED_EDGE('',*,*,#5965,.T.);
#6022 = ( GEOMETRIC_REPRESENTATION_CONTEXT(3) 
GLOBAL_UNCERTAINTY_ASSIGNED_CONTEXT((#6026)) 
GLOBAL_UNIT_ASSIGNED_CONTEXT((#6023,#6024,#6025)) REPRESENTATION_CONTEXT
('Context #1','3D Context with UNIT and UNCERTAINTY') );
#6023 = ( LENGTH_UNIT() NAMED_UNIT(*) SI_UNIT(.MILLI.,.METRE.) );
#6024 = ( NAMED_UNIT(*) PLANE_ANGLE_UNIT() SI_UNIT($,.RADIAN.) );
#6025 = ( NAMED_UNIT(*) SI_UNIT($,.STERADIAN.) SOLID_ANGLE_UNIT() );
#6026 = UNCERTAINTY_MEASURE_WITH_UNIT(LENGTH_MEASURE(1.E-07),#6023,
  'distance_accuracy_value','confusion accuracy');
#6027 = CONTEXT_DEPENDENT_SHAPE_REPRESENTATION(#6028,#6030);
#6028 = ( REPRESENTATION_RELATIONSHIP('','',#5741,#10) 
REPRESENTATION_RELATIONSHIP_WITH_TRANSFORMATION(#6029) 
SHAPE_REPRESENTATION_RELATIONSHIP() );
#6029 = ITEM_DEFINED_TRANSFORMATION('','',#11,#27);
#6030 = PRODUCT_DEFINITION_SHAPE('Placement','Placement of an item',
  #6031);
#6031 = NEXT_ASSEMBLY_USAGE_OCCURRENCE('4','tail_sleeve','',#5,#5736,$);
#6032 = PRODUCT_RELATED_PRODUCT_CATEGORY('part',$,(#5738));
#6033 = MECHANICAL_DESIGN_GEOMETRIC_PRESENTATION_REPRESENTATION('',(
    #6034),#3023);
#6034 = STYLED_ITEM('color',(#6035),#45);
#6035 = PRESENTATION_STYLE_ASSIGNMENT((#6036));
#6036 = SURFACE_STYLE_USAGE(.BOTH.,#6037);
#6037 = SURFACE_SIDE_STYLE('',(#6038,#6042));
#6038 = SURFACE_STYLE_FILL_AREA(#6039);
#6039 = FILL_AREA_STYLE('',(#6040));
#6040 = FILL_AREA_STYLE_COLOUR('',#6041);
#6041 = COLOUR_RGB('',0.850000012718,0.630000008194,0.230000002338);
#6042 = SURFACE_STYLE_RENDERING_WITH_PROPERTIES(.NORMAL_SHADING.,#6041,(
    #6043));
#6043 = SURFACE_STYLE_TRANSPARENT(0.449999988079);
#6044 = MECHANICAL_DESIGN_GEOMETRIC_PRESENTATION_REPRESENTATION('',(
    #6045),#5723);
#6045 = STYLED_ITEM('color',(#6046),#4319);
#6046 = PRESENTATION_STYLE_ASSIGNMENT((#6047));
#6047 = SURFACE_STYLE_USAGE(.BOTH.,#6048);
#6048 = SURFACE_SIDE_STYLE('',(#6049));
#6049 = SURFACE_STYLE_FILL_AREA(#6050);
#6050 = FILL_AREA_STYLE('',(#6051));
#6051 = FILL_AREA_STYLE_COLOUR('',#6052);
#6052 = COLOUR_RGB('',0.420000006308,0.599999994755,0.750000000934);
#6053 = MECHANICAL_DESIGN_GEOMETRIC_PRESENTATION_REPRESENTATION('',(
    #6054),#4300);
#6054 = STYLED_ITEM('color',(#6055),#3042);
#6055 = PRESENTATION_STYLE_ASSIGNMENT((#6056));
#6056 = SURFACE_STYLE_USAGE(.BOTH.,#6057);
#6057 = SURFACE_SIDE_STYLE('',(#6058));
#6058 = SURFACE_STYLE_FILL_AREA(#6059);
#6059 = FILL_AREA_STYLE('',(#6060));
#6060 = FILL_AREA_STYLE_COLOUR('',#6061);
#6061 = COLOUR_RGB('',0.199999998682,0.230000002338,0.27999999963);
#6062 = MECHANICAL_DESIGN_GEOMETRIC_PRESENTATION_REPRESENTATION('',(
    #6063),#6022);
#6063 = STYLED_ITEM('color',(#6064),#5742);
#6064 = PRESENTATION_STYLE_ASSIGNMENT((#6065));
#6065 = SURFACE_STYLE_USAGE(.BOTH.,#6066);
#6066 = SURFACE_SIDE_STYLE('',(#6067));
#6067 = SURFACE_STYLE_FILL_AREA(#6068);
#6068 = FILL_AREA_STYLE('',(#6069));
#6069 = FILL_AREA_STYLE_COLOUR('',#6070);
#6070 = COLOUR_RGB('',0.55000000909,0.700000005816,0.55000000909);
ENDSEC;
END-ISO-10303-21;
